      0.00000      0.00000      0.00000      0.00000      0.00000      0.00000
      0.00000      0.00000      0.00000      0.00000      0.00000      0.00000
      0.00000      0.00000      0.00000      0.00000      0.00000      0.00000
      0.00000      0.00000      0.00000      0.00000      0.00000      0.00000
      0.00000      0.00000      0.00000      0.00000      0.00000      0.00000
      0.00000      0.00000      0.00000      0.00000      0.00000      0.00000
      0.00000      0.00000      0.00000      0.00000      0.00000      0.00000
      0.00000      0.00000      0.00000      0.00000      0.00000      0.00000
      0.00000      0.00000      0.00000      0.00000      0.00000      0.00000
      0.00000      0.00000      0.00000      0.00000      0.00000      0.00000
      0.00000      0.00000      0.00000      0.00000      0.00000      0.00000
      0.00000      0.00000      0.00000      0.00000      0.00000      0.00000
      0.00000      0.00000      0.00000      0.00000      0.00000      0.00000
      0.00000      0.00000      0.00000      0.00000      0.00000      0.00000
      0.00000      0.00000      0.00000      0.00000      0.00000      0.00000
      0.00000      0.00000      0.00000      0.00000      0.00000      0.00000
      0.00000      0.00000      0.00000      0.00000      0.00000      0.00000
      0.00000      0.00000      0.00000      0.00000      0.00000      0.00000
      0.00000      0.00000      0.00000      0.00000      0.00000      0.00000
      0.00000      0.00000      0.00000      0.00000      0.00000      0.00000
      0.00000      0.00000      0.00000      0.00000      0.00000      0.00000
      0.00000      0.00000      0.00000      0.00000      0.00000      0.00000
      0.00000      0.00000      0.00000      0.00000      0.00000      0.00000
      0.00000      0.00000      0.00000      0.00000      0.00000      0.00000
      0.00000      0.00000      0.00000      0.00000      0.00000      0.00000
      0.00000      0.00000      0.00000      0.00000      0.00000      0.00000
      0.00000      0.00000      0.00000      0.00000      0.00000      0.00000
      0.00000      0.00000      0.00000      0.00000      0.00000      0.00000
      0.00000      0.00000      0.00000      0.00000      0.00000      0.00000
      0.00000      0.00000      0.00000      0.00000      0.00000      0.00000
      0.00000      0.00000      0.00000      0.00000      0.00000      0.00000
      0.00000      0.00000      0.00000      0.00000      0.00000      0.00000
      0.00000      0.00000      0.00000      0.00000      0.00000      0.00000
      0.00000      0.00000      0.00000      0.00000      0.00000      0.00000
      0.00000      0.00000      0.00000      0.00000      0.00000      0.00000
      0.00000      0.00000      0.00000      0.00000      0.00000      0.00000
      0.00000      0.00000      0.00000      0.00000      0.00000      0.00000
      0.00000      0.00000      0.00000      0.00000      0.00000      0.00000
      0.00000      0.00000      0.00000      0.00000      0.00000      0.00000
      0.00000      0.00000      0.00000      0.00000      0.00000      0.00000
      0.00000      0.00000
      0.00000      0.00000      0.00000      0.00000      0.00000      0.00000
      0.00000      0.00000      0.00000      0.00000      0.00000      0.00000
      0.00000      0.00000      0.00000      0.00000      0.00000      0.00000
      0.00000      0.00000      0.00000      0.00000      0.00000      0.00000
      0.00000      0.00000      0.00000      0.00000      0.00000      0.00000
      0.00000      0.00000      0.00000      0.00000      0.00000      0.00000
      0.00000      0.00000      8.01336      28.7136      75.2858      118.731
      151.683      157.290      120.855      66.7879      28.2457      8.76228
      0.00000      0.00000      0.00000      0.00000      0.00000      0.00000
      0.00000      0.00000      0.00000      0.00000      0.00000      0.00000
      0.00000      0.00000      0.00000      0.00000      0.00000      0.00000
      0.00000      0.00000      0.00000      0.00000      0.00000      0.00000
      0.00000      0.00000      0.00000      0.00000      0.00000      0.00000
      0.00000      0.00000      0.00000      0.00000      0.00000      0.00000
      0.00000      0.00000      0.00000      0.00000      0.00000      0.00000
      0.00000      0.00000      0.00000      0.00000      0.00000      0.00000
      0.00000      0.00000      0.00000      0.00000      0.00000      0.00000
      0.00000      0.00000      0.00000      0.00000      0.00000      0.00000
      0.00000      0.00000      0.00000      0.00000      0.00000      0.00000
      0.00000      0.00000      0.00000      0.00000      0.00000      0.00000
      0.00000      0.00000      0.00000      0.00000      0.00000      0.00000
      0.00000      0.00000      0.00000      0.00000      0.00000      0.00000
      0.00000      0.00000      0.00000      0.00000      0.00000      0.00000
      0.00000      0.00000      0.00000      0.00000      0.00000      0.00000
      0.00000      0.00000      0.00000      0.00000      0.00000      0.00000
      0.00000      0.00000      0.00000      0.00000      0.00000      0.00000
      0.00000      0.00000      0.00000      0.00000      0.00000      0.00000
      0.00000      0.00000      0.00000      0.00000      0.00000      0.00000
      0.00000      0.00000      0.00000      0.00000      0.00000      0.00000
      0.00000      0.00000      0.00000      0.00000      0.00000      0.00000
      0.00000      0.00000      0.00000      0.00000      0.00000      0.00000
      0.00000      0.00000      0.00000      0.00000      0.00000      0.00000
      0.00000      0.00000      0.00000      0.00000      0.00000      0.00000
      0.00000      0.00000      0.00000      0.00000      0.00000      0.00000
      0.00000      0.00000      0.00000      0.00000      0.00000      0.00000
      0.00000      0.00000      0.00000      0.00000      0.00000      0.00000
      0.00000      0.00000      0.00000      0.00000      0.00000      0.00000
      0.00000      0.00000      0.00000      0.00000      0.00000      0.00000
      0.00000      0.00000      0.00000      0.00000      0.00000      0.00000
      0.00000      0.00000      0.00000      0.00000      0.00000      0.00000
      0.00000      0.00000
      0.00000      0.00000      0.00000      0.00000      0.00000      0.00000
      0.00000      0.00000      0.00000      0.00000      0.00000      0.00000
      0.00000      0.00000      0.00000      0.00000      0.00000      0.00000
      0.00000      0.00000      0.00000      0.00000      0.00000      0.00000
     0.267933     0.509160     0.539683     0.641259     0.577143     0.395431
     0.121253    0.0821853    0.0655757    0.0169416     0.233625    0.0639107
     0.168788     0.987137      7.30319      28.1154      69.1839      119.657
      155.516      155.577      117.736      69.8899      28.3584      7.84766
      2.29354      1.77387      1.22032      1.35818     0.915097      1.09794
     0.993358     0.788700     0.706505     0.381442     0.135245     0.122180
    0.0156761   -0.0752173    0.0264830    0.0523549      0.00000      0.00000
      0.00000      0.00000      0.00000      0.00000      0.00000      0.00000
      0.00000      0.00000      0.00000      0.00000      0.00000      0.00000
      0.00000      0.00000      0.00000      0.00000      0.00000      0.00000
      0.00000      0.00000      0.00000      0.00000      0.00000      0.00000
      0.00000      0.00000      0.00000      0.00000      0.00000      0.00000
      0.00000      0.00000      0.00000      0.00000      0.00000      0.00000
      0.00000      0.00000      0.00000      0.00000      0.00000      0.00000
      0.00000      0.00000      0.00000      0.00000      0.00000      0.00000
      0.00000      0.00000      0.00000      0.00000      0.00000      0.00000
      0.00000      0.00000      0.00000      0.00000      0.00000      0.00000
      0.00000      0.00000      0.00000      0.00000      0.00000      0.00000
      0.00000      0.00000      0.00000      0.00000      0.00000      0.00000
      0.00000      0.00000      0.00000      0.00000      0.00000      0.00000
      0.00000      0.00000      0.00000      0.00000      0.00000      0.00000
      0.00000      0.00000      0.00000      0.00000      0.00000      0.00000
      0.00000      0.00000      0.00000      0.00000      0.00000      0.00000
      0.00000      0.00000      0.00000      0.00000      0.00000      0.00000
      0.00000      0.00000      0.00000      0.00000      0.00000      0.00000
      0.00000      0.00000      0.00000      0.00000      0.00000      0.00000
      0.00000      0.00000      0.00000      0.00000      0.00000      0.00000
      0.00000      0.00000      0.00000      0.00000      0.00000      0.00000
      0.00000      0.00000      0.00000      0.00000      0.00000      0.00000
      0.00000      0.00000      0.00000      0.00000      0.00000      0.00000
      0.00000      0.00000      0.00000      0.00000      0.00000      0.00000
      0.00000      0.00000      0.00000      0.00000      0.00000      0.00000
      0.00000      0.00000      0.00000      0.00000      0.00000      0.00000
      0.00000      0.00000      0.00000      0.00000      0.00000      0.00000
      0.00000      0.00000      0.00000      0.00000      0.00000      0.00000
      0.00000      0.00000      0.00000      0.00000      0.00000      0.00000
      0.00000      0.00000
      0.00000      0.00000      0.00000      0.00000      0.00000      0.00000
      0.00000      0.00000      0.00000      0.00000      0.00000      0.00000
     0.130555  -0.00351163    0.0548678    0.0614082    0.0554349    0.0639500
    0.0547328    0.0452082    0.0433531    0.0609612    0.0645181     0.119389
     0.182869     0.220515     0.213024     0.239268     0.238024     0.211006
     0.143426     0.168007     0.159216     0.177442    0.0720201    0.0233461
     0.133790      1.12139      7.82607      29.3124      70.1442      120.374
      155.580      155.957      119.725      69.7188      28.5377      7.91132
      1.49057     0.471140     0.225930     0.340973     0.555822     0.747969
     0.828129     0.543403     0.457207     0.649427     0.586029     0.432268
     0.309623     0.358962     0.296313     0.236708     0.224870     0.201403
     0.143810    0.0557518    0.0392497    0.0570034    0.0143534   -0.0222552
   -0.0351126   -0.0173985   -0.0223508 -0.000874465    0.0219557    0.0276647
    0.0194003   -0.0297610  0.000158599      0.00000      0.00000      0.00000
      0.00000      0.00000      0.00000      0.00000      0.00000      0.00000
      0.00000      0.00000      0.00000      0.00000      0.00000      0.00000
      0.00000      0.00000      0.00000      0.00000      0.00000      0.00000
      0.00000      0.00000      0.00000      0.00000      0.00000      0.00000
      0.00000      0.00000      0.00000      0.00000      0.00000      0.00000
      0.00000      0.00000      0.00000      0.00000      0.00000      0.00000
      0.00000      0.00000      0.00000      0.00000      0.00000      0.00000
      0.00000      0.00000      0.00000      0.00000      0.00000      0.00000
      0.00000      0.00000      0.00000      0.00000      0.00000      0.00000
      0.00000      0.00000      0.00000      0.00000      0.00000      0.00000
      0.00000      0.00000      0.00000      0.00000      0.00000      0.00000
      0.00000      0.00000      0.00000      0.00000      0.00000      0.00000
      0.00000      0.00000      0.00000      0.00000      0.00000      0.00000
      0.00000      0.00000      0.00000      0.00000      0.00000      0.00000
      0.00000      0.00000      0.00000      0.00000      0.00000      0.00000
      0.00000      0.00000      0.00000      0.00000      0.00000      0.00000
      0.00000      0.00000      0.00000      0.00000      0.00000      0.00000
      0.00000      0.00000      0.00000      0.00000      0.00000      0.00000
      0.00000      0.00000      0.00000      0.00000      0.00000      0.00000
      0.00000      0.00000      0.00000      0.00000      0.00000      0.00000
      0.00000      0.00000      0.00000      0.00000      0.00000      0.00000
      0.00000      0.00000      0.00000      0.00000      0.00000      0.00000
      0.00000      0.00000      0.00000      0.00000      0.00000      0.00000
      0.00000      0.00000      0.00000      0.00000      0.00000      0.00000
      0.00000      0.00000      0.00000      0.00000      0.00000      0.00000
      0.00000      0.00000      0.00000      0.00000      0.00000      0.00000
      0.00000      0.00000
      0.00000    0.0257727    0.0142298    0.0231939    0.0173173    0.0182493
    0.0149459    0.0341575    0.0574676    0.0404270    0.0212595    0.0138166
    0.0223387    0.0124586  0.000597693    0.0196736 -0.000588029   0.00517828
    0.0387294    0.0286372    0.0326952    0.0558527    0.0540410    0.0172701
    0.0408355    0.0572934    0.0545137    0.0865328     0.115705    0.0814996
    0.0501795    0.0542646    0.0561716    0.0559137    0.0700910    0.0768489
     0.117523      1.19380      8.05168      29.6869      70.6455      120.668
      155.764      155.674      120.182      69.9858      29.3865      7.96944
      1.28055     0.276350     0.187790     0.150741     0.140801     0.195432
     0.169643     0.185453     0.316682     0.460508     0.551056     0.475499
     0.415126     0.507724     0.489167     0.414408     0.297279     0.214778
     0.368390     0.332919     0.261363     0.186931     0.219581     0.124091
     0.101565     0.114143     0.117979    0.0925348    0.0607015    0.0233274
    0.0103163    0.0112896    0.0303157    0.0276242    0.0212679    0.0106966
    0.0156413    0.0245180    0.0165292    0.0215525   0.00545796    0.0303097
    0.0216333   0.00541570   -0.0103133   0.00273276    0.0298844    0.0381009
   0.00257592  -0.00333893      0.00000      0.00000      0.00000      0.00000
      0.00000      0.00000      0.00000      0.00000      0.00000      0.00000
      0.00000      0.00000      0.00000      0.00000      0.00000      0.00000
      0.00000      0.00000      0.00000      0.00000      0.00000      0.00000
      0.00000      0.00000      0.00000      0.00000      0.00000      0.00000
      0.00000      0.00000      0.00000      0.00000      0.00000      0.00000
      0.00000      0.00000      0.00000      0.00000      0.00000      0.00000
      0.00000      0.00000      0.00000      0.00000      0.00000      0.00000
      0.00000      0.00000      0.00000      0.00000      0.00000      0.00000
      0.00000      0.00000      0.00000      0.00000      0.00000      0.00000
      0.00000      0.00000      0.00000      0.00000      0.00000      0.00000
      0.00000      0.00000      0.00000      0.00000      0.00000      0.00000
      0.00000      0.00000      0.00000      0.00000      0.00000      0.00000
      0.00000      0.00000      0.00000      0.00000      0.00000      0.00000
      0.00000      0.00000      0.00000      0.00000      0.00000      0.00000
      0.00000      0.00000      0.00000      0.00000      0.00000      0.00000
      0.00000      0.00000      0.00000      0.00000      0.00000      0.00000
      0.00000      0.00000      0.00000      0.00000      0.00000      0.00000
      0.00000      0.00000      0.00000      0.00000      0.00000      0.00000
      0.00000      0.00000      0.00000      0.00000      0.00000      0.00000
      0.00000      0.00000      0.00000      0.00000      0.00000      0.00000
      0.00000      0.00000      0.00000      0.00000      0.00000      0.00000
      0.00000      0.00000      0.00000      0.00000      0.00000      0.00000
      0.00000      0.00000      0.00000      0.00000      0.00000      0.00000
      0.00000      0.00000
    0.0147519   0.00652133   0.00730951    0.0121320    0.0114182   0.00637437
   0.00283937 -0.000347266    0.0126291    0.0309893    0.0238334    0.0109295
   0.00216102    0.0182899    0.0368870    0.0183760    0.0224426    0.0182688
   0.00988809   0.00309687   0.00431261    0.0192304    0.0210377   0.00451085
    0.0209334    0.0328395    0.0294077   0.00577359   0.00318595    0.0174353
    0.0557240    0.0633488    0.0557928    0.0408050    0.0332238    0.0199762
    0.0733424      1.15322      8.02508      29.7488      70.8038      120.800
      155.874      155.685      120.371      70.2880      29.0966      7.83987
      1.29239     0.244072     0.168967     0.147243     0.121211     0.102263
    0.0757827    0.0727714    0.0835636    0.0672929    0.0637784    0.0802380
    0.0682890    0.0440912    0.0653736     0.107640     0.113162    0.0834248
    0.0475443    0.0210083     0.131543     0.187451     0.199323     0.294902
     0.308882     0.247519     0.168850     0.128509     0.111605    0.0990961
    0.0407000    0.0936928    0.0679439    0.0582705    0.0546727    0.0782298
    0.0871617    0.0666163    0.0272252    0.0271889    0.0249444   0.00388209
   0.00994830    0.0172534    0.0176675    0.0168195    0.0393988    0.0399696
    0.0127564    0.0105045    0.0102443   0.00158898   0.00841297    0.0317786
    0.0255445   0.00145580   0.00292028    0.0156778    0.0148983    0.0215918
   0.00516874  -0.00447679   0.00906172   0.00980260  0.000804699  -0.00187476
  -0.00511521  -0.00212678  0.000885211   -0.0102585      0.00000      0.00000
      0.00000      0.00000      0.00000      0.00000      0.00000      0.00000
      0.00000      0.00000      0.00000      0.00000      0.00000      0.00000
      0.00000      0.00000      0.00000      0.00000      0.00000      0.00000
      0.00000      0.00000      0.00000      0.00000      0.00000      0.00000
      0.00000      0.00000      0.00000      0.00000      0.00000      0.00000
      0.00000      0.00000      0.00000      0.00000      0.00000      0.00000
      0.00000      0.00000      0.00000      0.00000      0.00000      0.00000
      0.00000      0.00000      0.00000      0.00000      0.00000      0.00000
      0.00000      0.00000      0.00000      0.00000      0.00000      0.00000
      0.00000      0.00000      0.00000      0.00000      0.00000      0.00000
      0.00000      0.00000      0.00000      0.00000      0.00000      0.00000
      0.00000      0.00000      0.00000      0.00000      0.00000      0.00000
      0.00000      0.00000      0.00000      0.00000      0.00000      0.00000
      0.00000      0.00000      0.00000      0.00000      0.00000      0.00000
      0.00000      0.00000      0.00000      0.00000      0.00000      0.00000
      0.00000      0.00000      0.00000      0.00000      0.00000      0.00000
      0.00000      0.00000      0.00000      0.00000      0.00000      0.00000
      0.00000      0.00000      0.00000      0.00000      0.00000      0.00000
      0.00000      0.00000      0.00000      0.00000      0.00000      0.00000
      0.00000      0.00000      0.00000      0.00000      0.00000      0.00000
      0.00000      0.00000
   0.00808269   0.00814845   0.00678033   0.00976767   0.00992068   0.00991817
    0.0120432    0.0136434    0.0146506   0.00537960    0.0119229   0.00954309
    0.0238027    0.0167882    0.0172432    0.0257351    0.0219036    0.0213052
    0.0134954   0.00263608   0.00475757   0.00866046    0.0238996    0.0152752
   0.00877568    0.0137974    0.0164267    0.0284775    0.0203305    0.0124380
    0.0110015   0.00951205    0.0154619    0.0199873    0.0275014    0.0225384
    0.0903863      1.23956      8.11844      29.5449      70.2447      120.671
      156.814      155.713      119.945      70.2567      29.3737      8.06085
      1.32866     0.230660     0.111117    0.0739563    0.0658641    0.0910276
    0.0786321    0.0533752    0.0584506    0.0497269    0.0440130    0.0378120
    0.0205424    0.0124276    0.0407675    0.0424861    0.0329360    0.0278153
    0.0184861    0.0383577    0.0638189    0.0504759    0.0603372     0.111140
     0.103325    0.0973191     0.155933    0.0954421     0.121407     0.181480
     0.135185     0.105882     0.113935     0.175522     0.162738     0.134065
     0.121410     0.113292     0.106535    0.0569523    0.0229500    0.0612710
    0.0707281    0.0360584    0.0172289    0.0422656    0.0490623    0.0403406
    0.0396855    0.0270086    0.0170948    0.0331096    0.0284986    0.0246649
    0.0223637    0.0304240    0.0403101    0.0229330   0.00816895   0.00923211
    0.0151176    0.0148490    0.0177354   0.00310579 -0.000235149    0.0186831
    0.0173502   0.00266480    0.0100264   0.00662224    0.0135350    0.0124976
   0.00459368    0.0132553    0.0229579    0.0237885    0.0305334    0.0207422
    0.0245574    0.0289918    0.0256063    0.0180259    0.0123593    0.0166357
    0.0115566    0.0121358    0.0110162   0.00853913  -0.00537631   0.00581485
    0.0380550      0.00000      0.00000      0.00000      0.00000      0.00000
      0.00000      0.00000      0.00000      0.00000      0.00000      0.00000
      0.00000      0.00000      0.00000      0.00000      0.00000      0.00000
      0.00000      0.00000      0.00000      0.00000      0.00000      0.00000
      0.00000      0.00000      0.00000      0.00000      0.00000      0.00000
      0.00000      0.00000      0.00000      0.00000      0.00000      0.00000
      0.00000      0.00000      0.00000      0.00000      0.00000      0.00000
      0.00000      0.00000      0.00000      0.00000      0.00000      0.00000
      0.00000      0.00000      0.00000      0.00000      0.00000      0.00000
      0.00000      0.00000      0.00000      0.00000      0.00000      0.00000
      0.00000      0.00000      0.00000      0.00000      0.00000      0.00000
      0.00000      0.00000      0.00000      0.00000      0.00000      0.00000
      0.00000      0.00000      0.00000      0.00000      0.00000      0.00000
      0.00000      0.00000      0.00000      0.00000      0.00000      0.00000
      0.00000      0.00000      0.00000      0.00000      0.00000      0.00000
      0.00000      0.00000      0.00000      0.00000      0.00000      0.00000
      0.00000      0.00000      0.00000      0.00000      0.00000      0.00000
      0.00000      0.00000
   0.00926259   0.00322697   0.00635984    0.0112405   0.00150668 -0.000850591
   0.00110108   0.00856153    0.0102661   0.00660113   0.00347189   0.00458895
    0.0132075   0.00219969   0.00208524    0.0180874    0.0183115   0.00909782
   0.00638903   0.00506819    0.0107023    0.0120335   0.00405622   0.00317425
   0.00743295    0.0132160   0.00947289   0.00392604   0.00239395    0.0113497
    0.0170262    0.0190025    0.0260801    0.0241623    0.0263826    0.0311603
    0.0913969      1.15949      7.86679      29.4628      70.8140      121.037
      155.845      155.449      120.472      70.5479      29.1412      7.98168
      1.31784     0.213271     0.103580    0.0854253    0.0800860    0.0770343
    0.0764594    0.0737737    0.0581779    0.0557506    0.0531842    0.0472148
    0.0556330    0.0463160    0.0274090    0.0332415    0.0203858    0.0189518
    0.0161180   0.00265730 -0.000629798   0.00963173    0.0190718    0.0122250
    0.0109354    0.0220991    0.0299621    0.0229054   0.00128747    0.0155302
    0.0299185   0.00480849   -0.0211987   -0.0272984   -0.0232028    0.0511334
    0.0796242    0.0679660    0.0894705    0.0668101    0.0653495     0.110308
     0.100717    0.0805724    0.0399765    0.0207259    0.0361998    0.0796281
     0.102233    0.0335800    0.0203517    0.0482275    0.0515355    0.0328465
    0.0185679    0.0241691    0.0205697   0.00283997  -0.00449830   0.00918993
    0.0167076    0.0218427    0.0117644    0.0121358    0.0165142    0.0183955
    0.0148160    0.0116603    0.0118420   0.00559757   0.00216186   0.00988563
    0.0264700    0.0265506   0.00360410   0.00462665   0.00210532    0.0175620
    0.0168245    0.0206129    0.0271415    0.0211640   0.00809148  0.000207866
    0.0126195    0.0213983    0.0291312    0.0217216    0.0185198    0.0303089
    0.0296505    0.0210840   0.00842180   0.00856488    0.0140297    0.0224542
    0.0223731    0.0128041   0.00817205    0.0279581    0.0229520   0.00978967
    0.0201676    0.0157875    0.0117580    0.0216746    0.0185831   0.00450791
   0.00838160 -0.000161784   0.00926399    0.0299624    0.0171691    0.0189971
    0.0258268      0.00000      0.00000      0.00000      0.00000      0.00000
      0.00000      0.00000      0.00000      0.00000      0.00000      0.00000
      0.00000      0.00000      0.00000      0.00000      0.00000      0.00000
      0.00000      0.00000      0.00000      0.00000      0.00000      0.00000
      0.00000      0.00000      0.00000      0.00000      0.00000      0.00000
      0.00000      0.00000      0.00000      0.00000      0.00000      0.00000
      0.00000      0.00000      0.00000      0.00000      0.00000      0.00000
      0.00000      0.00000      0.00000      0.00000      0.00000      0.00000
      0.00000      0.00000      0.00000      0.00000      0.00000      0.00000
      0.00000      0.00000      0.00000      0.00000      0.00000      0.00000
      0.00000      0.00000      0.00000      0.00000      0.00000      0.00000
      0.00000      0.00000      0.00000      0.00000      0.00000      0.00000
      0.00000      0.00000      0.00000      0.00000      0.00000      0.00000
      0.00000      0.00000
   0.00507828   0.00481763   0.00420067   0.00608969   0.00627481   0.00677040
   0.00833211   0.00683521   0.00137369   0.00212542   0.00996972    0.0118089
    0.0146671   0.00647487   0.00682248   0.00808070   0.00150821   0.00485808
    0.0167089    0.0186531    0.0149202    0.0231285    0.0182928    0.0160754
    0.0113540   0.00620243    0.0115044    0.0177289    0.0188617    0.0154793
    0.0188033    0.0163816    0.0215126    0.0231643    0.0213160    0.0288609
     0.112499      1.23834      7.99980      29.4421      70.4894      120.767
      156.250      155.780      120.272      70.1794      29.2140      7.89688
      1.32575     0.219089     0.111165    0.0971602    0.0776608    0.0869123
    0.0991411    0.0650723    0.0684236    0.0703312    0.0720072    0.0752823
    0.0628975    0.0367162    0.0441366    0.0350137    0.0258890    0.0442798
    0.0401581    0.0281155    0.0255289    0.0387301    0.0215485    0.0113494
    0.0176425    0.0293500    0.0367055    0.0289179    0.0305621    0.0299098
    0.0335482    0.0280706    0.0168157   0.00461211   0.00798400   0.00670734
   0.00741997    0.0186857    0.0104202  -0.00441512    0.0407474    0.0696334
    0.0305945   0.00962579    0.0438172    0.0527283    0.0319494    0.0149245
    0.0284259    0.0317115   -0.0210943   -0.0259909    0.0209154    0.0253661
    0.0401258    0.0359177    0.0434829    0.0622903    0.0252824    0.0254410
    0.0309010    0.0207108    0.0389776    0.0388211    0.0457530    0.0261849
    0.0258646    0.0198133   0.00524945    0.0125409   0.00858477    0.0158688
    0.0104947   0.00700375  -0.00596654    0.0111690    0.0224180    0.0236950
    0.0144683   0.00961199   0.00992982    0.0153688    0.0294606    0.0204799
    0.0159129   0.00995803    0.0197630    0.0248548    0.0150511    0.0104810
    0.0137962   0.00987740   0.00434569   0.00130732   0.00559087    0.0224141
    0.0197687  0.000779045   0.00472730   0.00999999    0.0154945    0.0104582
   0.00164975   0.00318625   0.00937842  0.000943958 -0.000283254  -0.00122729
   0.00629085    0.0207761    0.0207666    0.0171193    0.0222488    0.0193145
    0.0118167    0.0123157    0.0257263    0.0282180    0.0206832    0.0172682
    0.0157352   0.00759766   0.00666420    0.0259453    0.0173410    0.0100865
    0.0141660    0.0100303    0.0104127    0.0163723    0.0238420    0.0184308
    0.0272442    0.0180529    0.0247782    0.0325543    0.0284420    0.0193882
    0.0239465    0.0269269   0.00672862      0.00000      0.00000      0.00000
      0.00000      0.00000      0.00000      0.00000      0.00000      0.00000
      0.00000      0.00000      0.00000      0.00000      0.00000      0.00000
      0.00000      0.00000      0.00000      0.00000      0.00000      0.00000
      0.00000      0.00000      0.00000      0.00000      0.00000      0.00000
      0.00000      0.00000      0.00000      0.00000      0.00000      0.00000
      0.00000      0.00000      0.00000      0.00000      0.00000      0.00000
      0.00000      0.00000      0.00000      0.00000      0.00000      0.00000
      0.00000      0.00000      0.00000      0.00000      0.00000      0.00000
      0.00000      0.00000
   0.00773642   0.00843629   0.00276865   0.00296048   0.00492599   0.00537671
   0.00247107   0.00409898   0.00743326    0.0117272    0.0111602   0.00897235
    0.0111407    0.0114110    0.0111094   0.00779260    0.0106510    0.0198653
   0.00848783   0.00880337    0.0163806    0.0194475    0.0221782    0.0222440
    0.0197481    0.0149203    0.0231104    0.0204477    0.0202814    0.0201156
    0.0214217    0.0242233    0.0275698    0.0226386    0.0192680    0.0280593
     0.101269      1.19854      7.92567      29.3451      70.1779      120.668
      156.673      156.229      120.037      70.1067      29.1732      7.73967
      1.28624     0.209746     0.104977    0.0893824    0.0994586    0.0839286
    0.0606829    0.0774637    0.0751702    0.0605005    0.0512374    0.0485896
    0.0384214    0.0380340    0.0419809    0.0378789    0.0279746    0.0284720
    0.0200845    0.0276588    0.0265403    0.0305784    0.0228938    0.0169247
    0.0213682    0.0227331    0.0185296   0.00186245   0.00871154    0.0133564
    0.0187045    0.0204486    0.0196705    0.0233580    0.0207015    0.0122803
    0.0186244   0.00704068    0.0135552    0.0251250    0.0117887    0.0134335
    0.0104263 -0.000845610   0.00790585   0.00954750 -0.000900533    0.0152973
    0.0294388    0.0108723  -0.00213673    0.0397737    0.0646230    0.0483310
    0.0416285    0.0401107    0.0217834    0.0338051    0.0334240    0.0466611
    0.0590850    0.0603649    0.0414516    0.0458636    0.0377012    0.0267331
    0.0260299    0.0307458    0.0340413    0.0297134    0.0275806    0.0160553
    0.0136408    0.0256995    0.0244596    0.0194717    0.0219532    0.0232895
    0.0176352    0.0117197    0.0165719    0.0295067    0.0177013    0.0124741
    0.0234461    0.0239853    0.0165086    0.0133819    0.0202696    0.0183113
   0.00361215 -0.000744064    0.0118115    0.0125390   0.00640717    0.0226408
    0.0146979   0.00423069    0.0208187    0.0195270    0.0259496    0.0372076
    0.0227471   0.00101896  -0.00221071  -0.00248561  -0.00416807   0.00177920
    0.0107271    0.0200504    0.0216031    0.0130949    0.0154617    0.0117766
   0.00909415    0.0200423    0.0146581   0.00967298    0.0166315    0.0289781
    0.0261703    0.0128177 -0.000494953   0.00816038    0.0180266    0.0274069
    0.0364761    0.0222349    0.0166310    0.0162063   0.00825743    0.0209129
    0.0294270    0.0111638   0.00853701    0.0122336    0.0280468    0.0180996
   0.00507232   0.00417350   0.00555081    0.0116280    0.0143919    0.0161738
    0.0197970   0.00924432    0.0159937    0.0179948    0.0171870    0.0165067
    0.0104204    0.0168248    0.0251962    0.0333065    0.0121809    0.0256340
    0.0380519    0.0213760    0.0149776    0.0303024    0.0334322    0.0205978
   0.00774268    0.0140388    0.0116466    0.0114461    0.0253815    0.0153672
    0.0384584    0.0314777    0.0241480      0.00000      0.00000      0.00000
      0.00000      0.00000      0.00000      0.00000      0.00000      0.00000
      0.00000      0.00000      0.00000      0.00000      0.00000      0.00000
      0.00000      0.00000      0.00000      0.00000      0.00000      0.00000
      0.00000      0.00000
   0.00894463    0.0117147   0.00699627    0.0101547   0.00855237   0.00609704
   0.00933011   0.00567742   0.00649934   0.00847797   0.00518683   0.00693257
    0.0110202    0.0112876   0.00970383   0.00596630   0.00496866   0.00593662
    0.0112780    0.0108170    0.0103199    0.0137762    0.0107722    0.0141296
   0.00574981   0.00501462    0.0112845    0.0134902    0.0205083    0.0110289
    0.0107214    0.0209389    0.0292014    0.0227798    0.0145306    0.0317689
    0.0991975      1.15248      7.64620      28.9400      70.2531      120.998
      157.075      156.438      120.539      70.1269      28.8776      7.50670
      1.08757     0.168175    0.0944839    0.0770299    0.0726212    0.0566533
    0.0574545    0.0655751    0.0593432    0.0424219    0.0340467    0.0515060
    0.0331481    0.0299884    0.0445013    0.0432708    0.0347757    0.0430215
    0.0291655    0.0199252    0.0227776    0.0203633   0.00717760    0.0120395
    0.0237586    0.0214582    0.0227866    0.0103746    0.0123486    0.0162074
    0.0198132    0.0132334    0.0106830    0.0270846    0.0158032   0.00967655
    0.0157128    0.0215938    0.0141884    0.0130925   0.00893725    0.0137734
   0.00708481   0.00422160    0.0132389    0.0117854   0.00649440   0.00724702
   0.00812921    0.0226611    0.0224435    0.0154254    0.0143481    0.0227576
    0.0227906    0.0143088    0.0127364   0.00958504    0.0143961    0.0118231
    0.0122920   0.00457646    0.0326993    0.0237722    0.0129553    0.0143857
   0.00643225    0.0172280    0.0217919    0.0161552    0.0332515    0.0255653
    0.0245876    0.0148420    0.0233895    0.0400631    0.0155310   0.00994239
    0.0116526    0.0157401    0.0160922    0.0293474    0.0318033    0.0164691
  -0.00237349  0.000368270    0.0116818    0.0151225    0.0219721    0.0269554
    0.0211119    0.0130032   0.00404441    0.0126685    0.0207262    0.0127916
    0.0127703   0.00813474   0.00839822    0.0236235    0.0212433    0.0165540
    0.0165504   0.00343853   0.00155581  -0.00595296   0.00651573    0.0141792
    0.0209492    0.0225567   0.00361101  -0.00458070    0.0159866    0.0135284
    0.0147249    0.0253338    0.0331675   0.00833006  0.000321796    0.0163236
    0.0136797    0.0194131    0.0101197    0.0127138    0.0149195    0.0125711
    0.0113283    0.0121244    0.0180572    0.0263485    0.0214031   0.00958744
    0.0198913    0.0217435   0.00767310    0.0124001    0.0173280   0.00867264
  -0.00136591   0.00884790   0.00765350  0.000153409    0.0161957    0.0151855
  -0.00324876   -0.0100928   0.00293188    0.0182855    0.0211940   0.00899369
   0.00336482   0.00757317    0.0204603    0.0165001   0.00560187    0.0125540
    0.0167666    0.0218582    0.0347993    0.0200943    0.0120281   0.00808058
  -0.00609831    0.0101706    0.0130295 -0.000469942   0.00461051    0.0367608
    0.0482511    0.0243964  -0.00346269    0.0123299    0.0194137    0.0107467
    0.0153353    0.0229951    0.0375892    0.0249456    0.0121874    0.0184234
    0.0363545    0.0324293    0.0223221    0.0203428    0.0112084   0.00264046
   0.00707165   0.00898131   0.00699441  0.000165500 -0.000884375  -0.00527395
  -0.00239390   0.00124631
    0.0104843   0.00792480   0.00554601   0.00420546   0.00461335   0.00566789
   0.00811244    0.0105319    0.0121135   0.00890875   0.00376646   0.00435341
   0.00702011    0.0141909    0.0134566   0.00560719    0.0137045   0.00722411
   0.00694489   0.00595616   0.00419300   0.00833878   0.00997189    0.0123139
    0.0187672    0.0168626    0.0117170   0.00769332   0.00741658    0.0135244
    0.0200676    0.0257724    0.0194572    0.0261740    0.0163496    0.0324849
     0.101183      1.08385      7.42919      28.8074      70.1577      121.143
      157.237      157.424      120.842      69.6514      28.3233      7.18200
      1.12844     0.185187    0.0773932    0.0624557    0.0439682    0.0499516
    0.0551284    0.0607628    0.0471189    0.0421400    0.0328229    0.0316010
    0.0415900    0.0357082    0.0327388    0.0273847    0.0259677    0.0304608
    0.0233975    0.0235352    0.0136041    0.0194320    0.0122995    0.0232733
    0.0288917    0.0116035   0.00521924   0.00442124    0.0122787    0.0255809
    0.0212922    0.0281560    0.0194052    0.0146962   0.00908926    0.0176361
    0.0157393    0.0247360    0.0168569   0.00905221   0.00778183   0.00895330
    0.0235155    0.0273074   0.00691273  0.000838420   0.00645273   0.00430822
   0.00563694 -0.000611606    0.0147125    0.0171589    0.0278512    0.0118027
   0.00908684    0.0242793    0.0124015   0.00501360    0.0173524    0.0236790
    0.0243810    0.0150416   0.00895099    0.0281810    0.0243951    0.0224797
    0.0229818   0.00924204    0.0167578    0.0200627    0.0107694   0.00551059
  -0.00367630   0.00742456    0.0245147    0.0254033    0.0119940    0.0111755
    0.0133370    0.0132447    0.0245007    0.0197996    0.0166811   0.00452933
    0.0140898    0.0130441  -0.00180890    0.0112695   0.00495678   0.00511572
   0.00565528   0.00538375  0.000931292    0.0170338  -0.00579392   0.00462290
    0.0211271    0.0265101    0.0164978    0.0150144    0.0131605    0.0243912
    0.0256192   0.00835679    0.0158355   0.00246787    0.0206228   0.00455458
   0.00838035   0.00722278  -0.00325616   0.00166926   0.00841068    0.0183706
    0.0138118    0.0200061    0.0164081  0.000989406    0.0197759    0.0214167
   0.00227284   0.00539559    0.0171432    0.0218502    0.0197617    0.0264074
    0.0128947    0.0192362    0.0171487    0.0228555    0.0284309    0.0124276
    0.0114770    0.0111265   0.00322143   0.00491914  -0.00304410   0.00548312
    0.0288772    0.0220813    0.0118666    0.0121731    0.0101435   0.00691674
    0.0169784    0.0152433   0.00980346  -0.00142218   0.00865978    0.0122357
    0.0110899  -0.00221065   0.00660477    0.0264386    0.0201113  -0.00878826
 -0.000558602    0.0339596    0.0274048    0.0269123    0.0199564    0.0160314
    0.0231893    0.0213056   0.00526464   0.00579368    0.0203781    0.0287494
    0.0268393    0.0247151    0.0225908    0.0157570    0.0223564    0.0226065
    0.0249882    0.0179109   0.00737158    0.0226708    0.0136172    0.0124940
    0.0178409    0.0221030  0.000740916   0.00120261   0.00940907    0.0104901
   0.00304245   0.00265608   0.00229866   0.00527957    0.0123212    0.0123563
   0.00990254  0.000535292
   0.00820281    0.0143690   0.00646168   0.00890990   0.00639814   0.00953362
   0.00477242   0.00739473    0.0111803   0.00885679   0.00882053   0.00884081
    0.0136677    0.0105786   0.00459034   0.00960831    0.0127358    0.0191592
    0.0173612    0.0192720    0.0139245    0.0177583   0.00442760   0.00862955
    0.0106494    0.0165046    0.0167223    0.0144505    0.0149073    0.0151086
    0.0184464    0.0196361    0.0170795    0.0242369    0.0234722    0.0272473
     0.103192      1.11808      7.59564      28.6122      69.7908      121.299
      157.416      156.646      120.389      70.2769      28.5922      7.26173
      1.14390     0.221306    0.0958371    0.0645477    0.0622718    0.0324968
    0.0427042    0.0408056    0.0494951    0.0621649    0.0345118    0.0297632
    0.0277189    0.0409969    0.0324420    0.0350710    0.0355149    0.0346604
    0.0249418    0.0205139   0.00208951    0.0174608    0.0200769    0.0208732
    0.0179993    0.0161861    0.0120896    0.0160151    0.0146188    0.0184015
    0.0171054    0.0140415   0.00527063  -0.00399852   0.00543569   0.00783859
    0.0212910    0.0178293   0.00501086   0.00566744   0.00210709   0.00391799
   0.00583797   0.00338917    0.0168428    0.0128301    0.0211868    0.0103660
   0.00482881   0.00242615    0.0156394    0.0199104    0.0124706    0.0146791
    0.0200603    0.0119923    0.0209519    0.0103911   0.00319914    0.0100080
    0.0180094    0.0170795    0.0162566    0.0214834   0.00994743   0.00643837
    0.0100927   0.00915038   0.00787188    0.0253032    0.0272996    0.0270620
   0.00967995  0.000897860    0.0189979    0.0258107    0.0315636    0.0258729
    0.0170200    0.0255560   0.00137601   0.00701911    0.0182502    0.0167450
    0.0258022    0.0217730    0.0216484   0.00789024    0.0139375   0.00824081
    0.0297281    0.0168502    0.0166495   0.00633037    0.0198850    0.0327690
    0.0191549    0.0313289    0.0293474   0.00860786    0.0185199    0.0212755
    0.0188530    0.0171314    0.0308758    0.0286035    0.0169811    0.0184080
    0.0359766    0.0236223  -0.00141907   0.00626562    0.0173528    0.0200828
   -0.0123202  -0.00129775   0.00855216   0.00274505    0.0178162   0.00999498
    0.0123591    0.0156137    0.0158182  -0.00135743  -0.00262641   0.00799903
    0.0188804  -0.00593791    0.0214883   0.00797979    0.0111950    0.0223217
    0.0552255    0.0258457    0.0146553  -0.00404344    0.0109672    0.0170838
    0.0102653    0.0154974   0.00400048  -0.00625659    0.0244282    0.0513209
    0.0368748  0.000215514    0.0154702   0.00543701    0.0136474    0.0186203
    0.0311770    0.0316303    0.0126782    0.0155041    0.0201114    0.0193360
    0.0235813   0.00452540  -0.00614251   0.00857426    0.0370260    0.0202169
    0.0460966    0.0168881    0.0271858    0.0562985    0.0113906  -0.00490888
   0.00938245    0.0265624    0.0239617    0.0134844    0.0245164  0.000593523
    0.0262513    0.0369692    0.0279605    0.0166133    0.0137808    0.0241525
   0.00158320  -0.00973454   0.00616792   0.00812461   -0.0180531   -0.0146020
  -0.00368128   0.00868852 -0.000169178  -0.00284445 -0.000376214    0.0133307
 -0.000537988    0.0127963
   0.00656950   0.00943889    0.0129112   0.00787300   0.00813940    0.0131726
    0.0172448    0.0159763    0.0168799    0.0173147    0.0166945    0.0120773
    0.0100040   0.00800949   0.00812288    0.0107457    0.0171326   0.00586323
   0.00437414   0.00646760    0.0115428    0.0160280   0.00864092   0.00252375
   0.00900966    0.0140440    0.0124017   0.00906562    0.0128087    0.0205037
    0.0173987    0.0167008    0.0242437    0.0284709    0.0294054    0.0420146
     0.111176      1.11690      7.55005      28.5666      69.5892      121.380
      157.226      157.407      120.244      69.5721      28.5886      7.37195
      1.13686     0.208086    0.0894039    0.0727139    0.0818528    0.0640684
    0.0492408    0.0465744    0.0373043    0.0384526    0.0449841    0.0337643
    0.0272227    0.0308074    0.0559737    0.0468538    0.0395201    0.0315180
    0.0183899   0.00930598    0.0282547    0.0210019    0.0199766    0.0224170
    0.0126488    0.0181235    0.0166607    0.0175776    0.0216081    0.0124045
    0.0126429    0.0115690    0.0177904    0.0186027    0.0208239    0.0226506
    0.0266121    0.0218024    0.0175451   0.00977347    0.0134534    0.0189468
    0.0107953    0.0112628    0.0264118    0.0224188   0.00902781    0.0125811
  -0.00166723  -0.00455595    0.0116879    0.0151477    0.0201480    0.0244807
  0.000726100    0.0242793    0.0193437    0.0275851    0.0141455   0.00224235
    0.0128286   0.00700424    0.0101043    0.0123222    0.0203181    0.0175948
   0.00206315    0.0223481    0.0122927   0.00788102    0.0135791    0.0115056
    0.0291669   0.00885041    0.0169714   0.00606903    0.0114714    0.0194627
    0.0265814    0.0286345    0.0251289 -6.58653e-05    0.0219924   0.00304872
   0.00421120 -8.35656e-05  2.96518e-05   0.00771350    0.0178766   0.00425812
   0.00847279   0.00493067    0.0113823    0.0129443   0.00950048   0.00350822
    0.0406144    0.0167090    0.0144581    0.0241066   0.00281609   0.00842229
  -0.00783374    0.0140756    0.0182059    0.0168063    0.0258461    0.0180650
    0.0107347    0.0339992    0.0212082  -0.00349601    0.0101366    0.0148323
    0.0118051    0.0143234    0.0124831    0.0167036   0.00608285  -0.00430184
   0.00790909    0.0286772    0.0169952  -0.00126453    0.0160420    0.0181664
   0.00782413    0.0162128    0.0239565    0.0178317   0.00633953   0.00999863
    0.0261233    0.0231735   0.00630698   0.00442575  -0.00123127   0.00807819
    0.0261913    0.0234801    0.0155326    0.0102118    0.0207118    0.0314599
  -0.00346235   -0.0126226   -0.0205810  -0.00578837    0.0236279    0.0353871
    0.0307184    0.0128097   0.00153741    0.0146487   0.00637008    0.0390575
    0.0154445   0.00863045   0.00821655    0.0132014    0.0247024    0.0276584
    0.0437614    0.0302708    0.0125141  1.74805e-05    0.0310559    0.0470224
    0.0227111    0.0109817    0.0114628    0.0327782    0.0347971    0.0201283
   0.00431152   -0.0104922   0.00938833  0.000137865 -6.71369e-05  0.000701331
    0.0261928  -0.00499423   0.00606305    0.0144954   0.00307889  -0.00601006
   0.00501395  -0.00158398   0.00740902   0.00888133  -0.00260179   0.00314686
 -0.000291353  -0.00181084
   0.00978806   0.00823103    0.0105813   0.00812937   0.00752030    0.0119467
    0.0184524    0.0180721    0.0126137   0.00363911   0.00677664    0.0134624
    0.0148011    0.0125300    0.0120401   0.00395931   0.00135074   0.00994150
   0.00811752   0.00876506    0.0178696    0.0189023    0.0141536   0.00821335
   0.00986871    0.0129346    0.0143364    0.0227916    0.0124568    0.0120716
    0.0206700    0.0299458    0.0292353    0.0237371    0.0271726    0.0281341
    0.0999879     0.992397      7.20912      28.2843      69.7942      120.954
      158.406      157.650      120.857      69.1633      28.0271      7.02362
      1.03738     0.203847     0.109662    0.0845793    0.0699883    0.0617137
    0.0504487    0.0559818    0.0553869    0.0503382    0.0471953    0.0373057
    0.0328813    0.0321438    0.0390501    0.0449261    0.0305448    0.0390281
    0.0371710    0.0249248    0.0287666    0.0339466    0.0251028    0.0283931
    0.0183530    0.0202466    0.0259665    0.0163303    0.0186135    0.0247408
    0.0198993    0.0285274    0.0269763    0.0218926    0.0118450    0.0108848
    0.0202222    0.0154974    0.0193735    0.0251574    0.0220291    0.0144216
    0.0225602    0.0322835    0.0174365    0.0134421    0.0170791    0.0122952
    0.0305845    0.0184137    0.0121637    0.0139540    0.0215459    0.0281094
    0.0264060   0.00309133   0.00861772    0.0168545   0.00781813   0.00803769
    0.0126577    0.0193744    0.0201885    0.0210214    0.0176031    0.0298045
    0.0247937    0.0273539    0.0175232    0.0289251    0.0226169    0.0217528
    0.0217362    0.0369586    0.0155624    0.0117535    0.0235835    0.0300673
    0.0166065    0.0154226    0.0268809    0.0101198   0.00899746    0.0231507
    0.0278614    0.0162630    0.0110139    0.0207259   0.00320048   -0.0129643
   0.00305884   0.00721757  0.000836918   0.00277770    0.0135940    0.0142417
    0.0100171   0.00569151    0.0286136    0.0326441   0.00713254    0.0199827
    0.0112180   0.00451644    0.0217001    0.0365940  -0.00479837    0.0127939
   0.00826882  -0.00647362   0.00497319   0.00150844    0.0210810    0.0168337
    0.0165313    0.0286704    0.0245101    0.0359418    0.0158077   0.00588881
  -0.00688370  -0.00832618   0.00819840   0.00404872   0.00231263   0.00748996
    0.0232059    0.0220617    0.0183705    0.0334869    0.0246846    0.0167926
   -0.0108220   0.00574560   0.00972752   0.00631329    0.0107197    0.0170465
    0.0168715    0.0207125    0.0268110    0.0175446    0.0342941    0.0152184
    0.0234958   0.00786114    0.0118320   0.00462422    0.0130653    0.0324998
    0.0312282  -0.00288858  -0.00980019   0.00764730    0.0147039    0.0261287
    0.0186453    0.0326633    0.0393656    0.0576248    0.0430086    0.0388423
    0.0204370  -0.00427939   0.00505755   -0.0158605   0.00562394  -0.00875928
  -0.00846679  0.000718405    0.0287404    0.0230695   -0.0139338    0.0138824
  -0.00117855    0.0220974    0.0196329    0.0282183    0.0224222    0.0244409
    0.0230727    0.0384513    0.0246049    0.0178093   0.00826893    0.0107631
   0.00755058    0.0197020    0.0125363   0.00640653  -0.00579035  -0.00327249
   0.00156303   0.00752149
   0.00666863   0.00915896   0.00915251    0.0116152   0.00870568   0.00715483
  0.000904942   0.00620065   0.00819038   0.00959717    0.0121331   0.00954123
   0.00514012   0.00788059   0.00649504    0.0113404   0.00869247   0.00542257
    0.0156612    0.0186742    0.0157891    0.0161470    0.0176081    0.0144725
    0.0192877    0.0136911    0.0150881    0.0198785    0.0192281    0.0242215
    0.0260988    0.0247734    0.0159822    0.0210213    0.0249090    0.0415401
     0.109422      1.08086      7.42671      28.6504      69.8086      121.071
      157.370      156.701      120.724      69.8291      28.1924      7.21362
      1.11602     0.207017    0.0944731    0.0846195    0.0688296    0.0528718
    0.0435034    0.0399141    0.0359075    0.0468235    0.0503686    0.0402762
    0.0504421    0.0308973    0.0404130    0.0289499    0.0310848    0.0365343
    0.0314679    0.0366165    0.0344016    0.0323099    0.0138876    0.0239727
    0.0281314    0.0201500    0.0273542    0.0270495    0.0176667    0.0252488
    0.0235879    0.0225168    0.0244257   0.00527665    0.0108333    0.0294698
    0.0295496    0.0333965   0.00984632   0.00756737   0.00875781    0.0110976
    0.0274258    0.0158058    0.0158073    0.0214694    0.0225822    0.0151244
    0.0304545    0.0223621    0.0143697   0.00874243   0.00786186   0.00468040
   0.00636999   0.00327087    0.0153699    0.0186150    0.0198272   0.00719158
   0.00430199   0.00178600   0.00772400    0.0120663    0.0130552    0.0148351
    0.0112422   0.00891445   0.00430648   0.00553996    0.0151996    0.0244405
    0.0197756    0.0153197  -0.00781847  0.000879515   0.00946413    0.0294489
    0.0217115    0.0119411    0.0146792    0.0302080    0.0198185    0.0171811
   0.00553303  -0.00501565  0.000513897    0.0295951    0.0309451   0.00614889
  -0.00442961   0.00574328    0.0263512    0.0296043    0.0235928    0.0171429
  -0.00312614   0.00730252    0.0137660    0.0280827    0.0289787    0.0204218
   0.00371012   0.00782843    0.0164391    0.0115275   0.00280249    0.0103270
    0.0198924   0.00245817    0.0241217    0.0213964    0.0100161    0.0382615
   0.00247989  -0.00199922    0.0103676    0.0119087    0.0208630    0.0117497
    0.0110839  -0.00475574   0.00879850    0.0195827    0.0234317   0.00708005
    0.0187043   0.00840880    0.0159574    0.0233452    0.0158574  -0.00253953
   -0.0136687  -0.00515013   0.00953834    0.0231697   0.00496278    0.0108256
    0.0106293    0.0109812    0.0190512   0.00724961    0.0166687    0.0147430
    0.0204994    0.0157208    0.0221252    0.0119891 -0.000374926    0.0338840
    0.0477523    0.0253953    0.0132955    0.0169242    0.0213434  0.000272913
   0.00246609    0.0116820  -0.00474662    0.0157771    0.0104966    0.0222668
    0.0189040  -0.00143929   0.00402185   0.00626718  -0.00295303    0.0449835
    0.0229317    0.0306830    0.0213577    0.0269353    0.0448712    0.0236052
   0.00269223    0.0192111    0.0413018    0.0211557   0.00892365    0.0137657
   0.00749725   0.00866776    0.0149541    0.0217192    0.0140091    0.0302818
    0.0144426    0.0332059    0.0420466    0.0253695   0.00691260   0.00569416
  0.000411827    0.0119665
   0.00868603   0.00738183   0.00428540    0.0118334   0.00996606    0.0112532
   0.00740573    0.0139469    0.0115497    0.0125758   0.00732957   0.00992323
    0.0138424    0.0134869   0.00537112   0.00966453   0.00392895    0.0111498
   0.00856419   0.00910556    0.0156346    0.0179462    0.0141367    0.0182295
    0.0166939    0.0106362    0.0107621    0.0198520    0.0210891    0.0210183
    0.0298171    0.0377679    0.0320341    0.0212233    0.0388429    0.0351035
     0.113657      1.17106      7.76167      29.0601      70.1537      120.652
      156.040      156.749      120.422      69.4174      28.4189      7.45531
      1.17455     0.223488     0.126343    0.0734277    0.0429107    0.0525867
    0.0561454    0.0440580    0.0310033    0.0349560    0.0498555    0.0365132
    0.0446167    0.0368987    0.0315701    0.0270107    0.0297672    0.0277630
    0.0201959    0.0270374    0.0270275    0.0192425    0.0226985    0.0387413
    0.0239529   0.00827168   0.00598387   0.00766180   0.00707547    0.0137370
    0.0165724    0.0216730   0.00816982   0.00777395    0.0115265    0.0173011
    0.0219869    0.0234746    0.0148332   0.00326747    0.0164692    0.0128269
    0.0165929    0.0110694    0.0110127    0.0211190    0.0109415    0.0237607
    0.0173507    0.0150556    0.0160143    0.0245296    0.0138556   0.00502188
  0.000561979 -0.000660377   0.00451022    0.0185478    0.0325893    0.0195420
   0.00385407    0.0148013    0.0133326    0.0251933    0.0371894    0.0307570
    0.0223371    0.0162302    0.0110960  -0.00268626   0.00190209    0.0245221
    0.0161798    0.0103311  -0.00597686   0.00822188    0.0110952    0.0118944
    0.0174233    0.0203299    0.0459684    0.0231888    0.0161173    0.0185056
    0.0183156    0.0160980   0.00459393   0.00495440    0.0141461    0.0116887
    0.0114269    0.0323588    0.0347860    0.0145907    0.0171715   0.00999694
   0.00783261   0.00932463    0.0202641    0.0386995    0.0265247   0.00193331
    0.0135295   0.00776850    0.0211411    0.0158426   0.00302547  -0.00451536
    0.0103590    0.0251644    0.0154157    0.0373508    0.0103774  -0.00431122
    0.0103084    0.0367780    0.0271806   0.00458726   -0.0116679    0.0179882
    0.0192499   0.00755428   0.00821228   0.00282587   0.00947389  -0.00535634
   0.00828188   0.00916266    0.0159856    0.0101986  -0.00581203   0.00327032
    0.0123682    0.0198287   0.00640738    0.0113518  -0.00532882   0.00519150
    0.0279270    0.0443196    0.0255059    0.0252439    0.0279885    0.0276085
    0.0209219    0.0164968    0.0154014    0.0357697   0.00665728   0.00213759
    0.0193368    0.0268913    0.0384857    0.0197119    0.0323984    0.0480663
    0.0463840    0.0208549    0.0414154   0.00544417    0.0159332    0.0261624
  -0.00680283  -0.00924226   -0.0101094    0.0121210   0.00927432    0.0168337
    0.0380026    0.0423133    0.0343768    0.0403299   0.00214591   0.00829336
    0.0121862    0.0216955    0.0237848   0.00305782   0.00920248    0.0422521
    0.0131105    0.0440369    0.0437946    0.0255249  -0.00282872   0.00835013
    0.0234982    0.0112721    0.0163406   0.00548754    0.0249079   0.00272411
   0.00494719   0.00132636
   0.00768117   0.00315531   0.00742613    0.0124907    0.0125506    0.0181277
    0.0151499    0.0126846   0.00868074    0.0142429    0.0104150   0.00840043
    0.0126940    0.0141361    0.0143300    0.0165352    0.0105876   0.00840117
    0.0151517   0.00882307   0.00563018    0.0150578    0.0233491    0.0104347
    0.0138868    0.0216712    0.0183336    0.0139090    0.0233476    0.0221102
    0.0194623    0.0241859    0.0259305    0.0318838    0.0357367    0.0388790
     0.125964      1.24363      7.95853      29.3453      69.9703      119.984
      156.494      156.465      120.391      69.1733      28.5341      7.63251
      1.22314     0.218585     0.102741    0.0692088    0.0562424    0.0486330
    0.0417072    0.0635374    0.0493936    0.0450881    0.0467261    0.0394756
    0.0321897    0.0376093    0.0290773    0.0223677    0.0377819    0.0227573
    0.0297184    0.0432011    0.0383148    0.0268544    0.0349257    0.0315435
    0.0290643    0.0372600    0.0368921    0.0205794   0.00956441    0.0162379
    0.0290472    0.0268107    0.0252531    0.0196051    0.0145033   0.00949911
    0.0128278    0.0127521   0.00692263    0.0155757    0.0287154    0.0118345
   0.00383297    0.0106524    0.0157569    0.0165616    0.0207620   0.00987669
    0.0120467    0.0227560    0.0147598    0.0253950    0.0250425    0.0158560
    0.0152624    0.0118630    0.0130425   0.00866764    0.0192441   0.00283572
   0.00500431    0.0122725   0.00223816    0.0150156    0.0245788    0.0401237
    0.0162355    0.0282262    0.0345701    0.0233057   0.00582851   0.00989552
    0.0249206    0.0151272    0.0149141    0.0177051    0.0129459    0.0154098
    0.0295752    0.0173145   0.00723918  -0.00160642   0.00777747    0.0229007
    0.0295936    0.0210483 -0.000104217   0.00677618   0.00943325    0.0164675
    0.0163576    0.0176882    0.0157549    0.0104766    0.0103826    0.0149027
    0.0114536    0.0204280    0.0192908    0.0444113    0.0211239    0.0101234
   0.00425992   0.00454998    0.0146633    0.0271104    0.0231214    0.0208362
    0.0219383    0.0124511    0.0158810  -0.00796632  -0.00914065   0.00722289
   0.00716286  -0.00501442  6.60321e-05    0.0146824    0.0142698    0.0163045
    0.0270018    0.0280613    0.0279496    0.0273561    0.0277642    0.0254752
    0.0343864    0.0277211   0.00853118    0.0127840    0.0267016   0.00688201
   0.00921941  -0.00148903    0.0365661    0.0311033    0.0135271    0.0120047
    0.0313563    0.0345550    0.0262884   0.00206079  -0.00456789    0.0202109
    0.0368084    0.0220829    0.0282922 -0.000779201   0.00579810    0.0102081
  0.000273899    0.0399146    0.0324276    0.0315772    0.0316672    0.0149500
    0.0253554    0.0499553   0.00434344    0.0467251    0.0486042    0.0200419
   0.00666192    0.0194478    0.0123794    0.0100036   0.00562512  -0.00902358
    0.0191947    0.0199104    0.0312815    0.0352416   0.00441897   -0.0281868
   0.00524464    0.0306776    0.0489343    0.0321931    0.0110965    0.0214289
    0.0307643    0.0392307    0.0369516    0.0260205    0.0153036   0.00851882
    0.0200630    0.0363974   0.00606858   0.00232365  0.000278638  -0.00618435
  -0.00322186   0.00347045
   0.00366521   0.00565770    0.0122926    0.0124769    0.0120878    0.0158635
    0.0118826    0.0108185    0.0169471    0.0122571    0.0148040    0.0206568
    0.0197472    0.0163853    0.0107199    0.0108885    0.0189243    0.0151539
    0.0176327    0.0193325    0.0145791    0.0158575    0.0143287    0.0143467
    0.0202884    0.0270929    0.0166356    0.0215911    0.0254479    0.0247287
    0.0187618    0.0156118    0.0232879    0.0176508    0.0296325    0.0423359
     0.129252      1.27489      8.11312      29.6789      70.1959      119.970
      155.178      155.357      119.931      69.8411      29.0876      7.81271
      1.31545     0.203561     0.103119    0.0930141    0.0746002    0.0593927
    0.0647690    0.0755322    0.0705594    0.0567188    0.0555815    0.0501097
    0.0517169    0.0492483    0.0359652    0.0318322    0.0364978    0.0342464
    0.0238706    0.0206733    0.0232157    0.0240746    0.0355941    0.0396736
    0.0255001    0.0240515    0.0328994    0.0264814    0.0226770    0.0243267
    0.0235497    0.0189225   0.00892818   0.00990803    0.0151876    0.0168159
   0.00682915   0.00915021    0.0222747    0.0117767  0.000485470   0.00562716
    0.0125604    0.0220752    0.0182304    0.0174315    0.0223868    0.0132605
    0.0130545    0.0142764    0.0164517    0.0161796    0.0268549    0.0245678
    0.0168654    0.0251341    0.0224244    0.0177624   0.00942428    0.0156592
   0.00890169    0.0109606    0.0117288    0.0254453    0.0290656    0.0140055
    0.0124487    0.0130142   0.00742848    0.0134250 -0.000120335   0.00368806
    0.0148195    0.0229046   0.00933092    0.0128878    0.0189149    0.0167166
    0.0363284    0.0216265   0.00984485  7.70758e-05   0.00949763    0.0105712
    0.0172671    0.0310738    0.0233562  -0.00100046   0.00891448    0.0299337
    0.0409560    0.0233620   0.00420853    0.0269104    0.0114308   0.00982503
   0.00801554    0.0275150    0.0130483    0.0176969    0.0218577    0.0109213
  -0.00140566  -0.00895864    0.0203613    0.0285108    0.0194510    0.0253899
    0.0191084    0.0176002    0.0185265  0.000956608    0.0194310    0.0112479
 -0.000557010    0.0129594    0.0290530    0.0147247    0.0211501    0.0293536
    0.0269841    0.0150129    0.0127867   0.00939944    0.0125886   0.00811865
   0.00337679    0.0179727   0.00767575  3.27027e-05    0.0125452   0.00738592
   0.00631224    0.0377254    0.0294069    0.0223830    0.0192464    0.0287404
    0.0505465    0.0314813  -0.00267123   0.00687892    0.0364397    0.0600611
    0.0457096    0.0269769    0.0262458   0.00846901    0.0109427    0.0184217
   0.00818436    0.0147270    0.0159969    0.0295195    0.0390404    0.0318431
    0.0379275    0.0391447    0.0282748    0.0158919   0.00687117   0.00632929
    0.0219558    0.0337051    0.0311696   0.00702042    0.0130968    0.0194281
  0.000766013   0.00990532  -0.00559615    0.0212428    0.0441696    0.0326969
    0.0140739  -0.00420532  0.000520937  -0.00131672   0.00326033    0.0313526
    0.0283930    0.0109544    0.0110163    0.0263236    0.0324582   0.00418555
   0.00615055    0.0153516   0.00553515    0.0103202    0.0211129    0.0253755
    0.0128224    0.0332700
    0.0124500   0.00898999   0.00902812   0.00952126    0.0118393    0.0164743
    0.0150872   0.00964860    0.0146424    0.0138325   0.00883112   0.00598318
    0.0120026    0.0117847    0.0112882    0.0169177    0.0180082    0.0194018
    0.0173221    0.0138282    0.0147978    0.0211030    0.0174561    0.0179021
    0.0156141    0.0238737    0.0215513    0.0259874    0.0293681    0.0205416
    0.0221575    0.0367341    0.0349546    0.0358592    0.0473435    0.0540325
     0.152427      1.32310      8.17001      29.7485      70.4167      119.727
      154.852      154.779      119.461      70.1094      29.4508      7.99535
      1.34040     0.229510     0.107066    0.0786204    0.0552085    0.0582754
    0.0737109    0.0618548    0.0519352    0.0532436    0.0513902    0.0343780
    0.0411495    0.0345718    0.0294130    0.0418171    0.0359105    0.0210567
    0.0271011    0.0301978    0.0279872    0.0323935    0.0213065    0.0304106
    0.0257883    0.0173474    0.0237645    0.0194560    0.0230579    0.0245790
    0.0272531    0.0207176   0.00710579   0.00737983   0.00678565    0.0147933
    0.0187923    0.0176914    0.0290141    0.0210277    0.0157855    0.0128908
    0.0198155    0.0175236    0.0131027   0.00671316    0.0138530    0.0212273
    0.0324678    0.0387636    0.0325761   0.00999647    0.0124602 -0.000209771
   0.00426287   0.00248676    0.0151339    0.0217382    0.0278953    0.0210287
   0.00500322    0.0144190    0.0250812    0.0232749    0.0163544    0.0245362
    0.0208706    0.0189910    0.0150411   0.00757423   0.00856385    0.0107538
    0.0145775    0.0254778    0.0167138    0.0203679    0.0180737    0.0221844
    0.0219463    0.0279366    0.0385000    0.0408846    0.0310554    0.0145423
    0.0305498    0.0350592    0.0289348    0.0273843    0.0267898    0.0302466
    0.0202898    0.0205597    0.0274105    0.0115384    0.0205006    0.0192383
    0.0150450    0.0177013    0.0151360    0.0154649   0.00413648    0.0201699
    0.0300890    0.0129336   0.00208177   0.00499614    0.0226840   0.00349063
   0.00783097    0.0160220    0.0168358    0.0111381   0.00645787    0.0152460
    0.0232918    0.0222527    0.0161812    0.0159358   0.00757091  -0.00451993
  0.000887565    0.0242815    0.0152874    0.0196974    0.0106810   0.00367864
   0.00481215  -0.00230656    0.0192923  2.97206e-05   0.00445652  -0.00724486
   0.00886870    0.0292769    0.0248519    0.0319644    0.0328594   0.00159333
   0.00550362  -0.00608778    0.0177433    0.0168976    0.0236251    0.0217362
   0.00641844   0.00208680    0.0266224    0.0125109   -0.0178249    0.0147986
    0.0384439   0.00880231   0.00739668    0.0261655    0.0277298    0.0420546
    0.0482735    0.0534059    0.0232061    0.0223877    0.0492332    0.0429825
    0.0156822    0.0368123    0.0346099    0.0228846    0.0264428    0.0320657
    0.0357841    0.0301590    0.0347174    0.0382032    0.0551503    0.0325347
    0.0198274    0.0103870   0.00464305   0.00787064   0.00477917   0.00383919
   0.00452216   -0.0108254    0.0291634    0.0300344    0.0200261    0.0195146
    0.0177895   0.00775760    0.0187909   0.00309080 -0.000667720    0.0130891
    0.0193350  -0.00777121
    0.0100624   0.00809137    0.0108807   0.00986491    0.0156824    0.0101320
    0.0117152    0.0153021   0.00692967    0.0127743    0.0102811    0.0144130
    0.0115959   0.00949137    0.0139844    0.0143602    0.0143712    0.0170687
    0.0183356    0.0124838    0.0182719    0.0188213    0.0179011    0.0246716
    0.0187854    0.0220850    0.0214071    0.0194808    0.0229734    0.0192058
    0.0241247    0.0267112    0.0313448    0.0333036    0.0308611    0.0451877
     0.147420      1.40161      8.40017      29.6828      70.0162      119.582
      154.645      153.946      119.143      69.9978      29.9532      8.55789
      1.51556     0.253912     0.116642    0.0866728    0.0839481    0.0633823
    0.0571527    0.0497311    0.0525682    0.0575441    0.0491926    0.0430803
    0.0374913    0.0424217    0.0437439    0.0333205    0.0248377    0.0207381
    0.0245923    0.0189140    0.0122334    0.0162105    0.0298996    0.0248765
    0.0373599    0.0443753    0.0224872    0.0209074    0.0243948    0.0399354
    0.0296649    0.0129084    0.0136923    0.0170973   0.00717844    0.0142949
    0.0357479    0.0309635    0.0340258   0.00839908    0.0117305    0.0243404
    0.0232356    0.0218786    0.0105445   0.00835595    0.0167083   0.00601527
  -0.00438542    0.0180660    0.0129811    0.0245226    0.0190222    0.0244943
    0.0311709    0.0277317    0.0353853    0.0464186    0.0374518    0.0230807
    0.0328615    0.0208282    0.0125788    0.0116668    0.0110307    0.0221402
    0.0215940    0.0113217    0.0137850    0.0100240 -0.000398822   0.00314236
    0.0146016    0.0175750    0.0233147    0.0172089   0.00616904   0.00511430
    0.0122769   0.00376837   0.00993841  0.000486300   0.00731965   0.00999753
    0.0113093    0.0191184    0.0190436    0.0281995    0.0345136    0.0146624
    0.0147806    0.0229500    0.0126329   0.00502566    0.0186100    0.0105354
   0.00920934    0.0180442   0.00160543  -0.00770457    0.0115955    0.0184630
    0.0337351    0.0207285    0.0182796   0.00327372   0.00366835    0.0115044
    0.0164626    0.0133426    0.0172079    0.0170296   -0.0119485   0.00472654
    0.0134205    0.0199077   0.00490268    0.0295885   0.00812776   0.00218097
  -0.00570265    0.0140315    0.0392045    0.0272837    0.0131143  -0.00826882
  -0.00470665   0.00574591    0.0105012    0.0223836    0.0142478    0.0287866
    0.0194392    0.0369209    0.0202917    0.0402085    0.0489058    0.0213337
   0.00372612    0.0261974    0.0211425    0.0270503    0.0431767    0.0288170
    0.0448120    0.0305797    0.0101344   0.00566831    0.0157455    0.0300239
    0.0401185    0.0117297    0.0277887    0.0184787    0.0147821    0.0137745
    0.0154708    0.0227338    0.0316800    0.0421413    0.0164501  -0.00570238
  -0.00205867    0.0204914    0.0331665    0.0531500    0.0299378    0.0294629
    0.0252772   0.00569814   0.00360647   0.00349762    0.0220926    0.0261361
    0.0312598    0.0329670   0.00964563 -0.000643893  0.000266033   0.00993083
    0.0125755   0.00754361  -0.00178750  -0.00117847    0.0167174    0.0256897
    0.0337204    0.0174334    0.0205671   0.00361789    0.0154234    0.0212414
    0.0175630   0.00168680
    0.0134422    0.0125019   0.00929753    0.0114783    0.0152447    0.0111435
    0.0103801    0.0138186    0.0110202   0.00861785   0.00675897    0.0131924
    0.0189118    0.0201063   0.00926657    0.0132457    0.0154775    0.0143235
    0.0163486    0.0268599    0.0208506    0.0216799    0.0208999    0.0203051
    0.0239971    0.0312091    0.0299101    0.0239390    0.0222138    0.0263338
    0.0245131    0.0359023    0.0481084    0.0496951    0.0474470    0.0532959
     0.174872      1.47672      8.56652      30.0902      70.5107      119.402
      153.405      153.167      118.870      70.4279      29.9318      8.60404
      1.62375     0.290653     0.121889    0.0877326    0.0719115    0.0723110
    0.0817965    0.0656909    0.0603286    0.0660526    0.0546739    0.0423678
    0.0387211    0.0406382    0.0355214    0.0293527    0.0292318    0.0285100
    0.0164341    0.0214197    0.0215497    0.0338085    0.0279890    0.0364933
    0.0406468    0.0264568    0.0360455    0.0309854    0.0151237    0.0203076
    0.0284978    0.0220198    0.0276642    0.0137287   0.00221659    0.0132689
    0.0227489    0.0267333    0.0170006    0.0126927    0.0211965   0.00955206
   0.00406291    0.0115606    0.0247484    0.0100940    0.0167861    0.0312883
    0.0427674    0.0324811    0.0174739    0.0194607    0.0212027    0.0272671
    0.0257067   0.00913099   0.00658152    0.0199075    0.0190267   0.00872365
    0.0171501    0.0195264    0.0183611    0.0185172    0.0294082    0.0246761
    0.0240310    0.0166691    0.0153302    0.0255485    0.0134636    0.0163136
    0.0282946    0.0110510    0.0168437    0.0167556    0.0250730    0.0311171
    0.0192182    0.0306806    0.0282250    0.0133401    0.0207596    0.0158944
    0.0198652    0.0257622    0.0367120    0.0219262    0.0174252   0.00495593
   0.00191520   0.00199605    0.0150754    0.0120646    0.0144249    0.0297960
    0.0241836    0.0120844    0.0182991    0.0340908    0.0604050    0.0396920
    0.0240652    0.0367601    0.0310193   0.00880226    0.0405474    0.0497891
    0.0415603    0.0129423    0.0144959   0.00643387    0.0110641    0.0188506
   0.00160303    0.0258020    0.0268593    0.0350050    0.0470089    0.0263391
    0.0174514  -0.00223714 -0.000330245    0.0243028    0.0336821    0.0360414
    0.0359649    0.0276013    0.0379791    0.0226019    0.0233136    0.0503203
    0.0362063    0.0240113    0.0367090    0.0282823   0.00885376    0.0227611
    0.0324561    0.0359432    0.0431965    0.0507514    0.0237178    0.0101582
    0.0247037    0.0186989    0.0400396    0.0215046    0.0300604    0.0429572
    0.0446620    0.0333392    0.0536774    0.0436807    0.0406831    0.0358770
    0.0183170    0.0300718    0.0473681    0.0395647    0.0306323    0.0296626
    0.0255079    0.0279370    0.0462070    0.0220726    0.0146892    0.0257434
    0.0302851    0.0209939    0.0252080    0.0302084    0.0103628   0.00277874
   0.00441104    0.0278082    0.0182156   -0.0134666  -0.00127750 -0.000677216
   0.00664864    0.0149026    0.0263507    0.0385363    0.0421790    0.0146112
    0.0108197   0.00239732   -0.0140758  -0.00209605    0.0172721    0.0102710
    0.0233008  0.000828360
    0.0108390    0.0120605    0.0142680    0.0121208    0.0157219    0.0167037
    0.0131144    0.0115983   0.00880909    0.0102275    0.0168972    0.0168265
    0.0154740    0.0168433    0.0164811    0.0145773    0.0162334    0.0199573
    0.0147674    0.0129299    0.0196617    0.0230937    0.0243077    0.0241048
    0.0200616    0.0261131    0.0341086    0.0295066    0.0241258    0.0212377
    0.0345234    0.0385828    0.0517296    0.0555346    0.0568092    0.0649895
     0.173861      1.50866      8.62219      30.2238      70.7850      119.157
      153.025      153.006      119.093      70.2571      29.8190      8.58314
      1.59548     0.275621     0.118987    0.0904909    0.0907147    0.0923743
    0.0626417    0.0652616    0.0590281    0.0576728    0.0450724    0.0475124
    0.0379949    0.0465664    0.0420666    0.0365872    0.0362821    0.0314457
    0.0219475    0.0192194    0.0379651    0.0246724    0.0229007    0.0339971
    0.0260017    0.0282313    0.0221660    0.0246873    0.0282765    0.0299918
    0.0370840    0.0398269    0.0389022    0.0190182    0.0209550    0.0218271
    0.0194457    0.0205307    0.0201697    0.0224181    0.0203943    0.0248682
    0.0247774    0.0207634    0.0180882   0.00739269    0.0159414    0.0114785
    0.0224542    0.0263187    0.0280612    0.0358248    0.0300518    0.0287716
    0.0219651   0.00960276    0.0126507    0.0133723    0.0148611    0.0225928
    0.0241474    0.0239494    0.0318605    0.0256910    0.0231435    0.0268675
    0.0115400    0.0121653    0.0189197    0.0155107    0.0150812    0.0223895
    0.0301639    0.0115455   0.00810352    0.0144237    0.0214914    0.0135136
    0.0142620    0.0134051    0.0202695    0.0247822    0.0296136    0.0198906
   0.00947252    0.0175130    0.0160739    0.0263461    0.0183018    0.0130343
    0.0181427    0.0142875    0.0275262    0.0195743    0.0300568    0.0272287
    0.0298619    0.0269563    0.0286767    0.0358948    0.0202272    0.0168102
    0.0153383    0.0270279    0.0299354    0.0186461    0.0277011    0.0411119
    0.0360683    0.0443286    0.0262985    0.0129837    0.0163309    0.0209821
    0.0346315    0.0273446    0.0144797    0.0298970    0.0227033    0.0225555
   0.00652179   0.00285876    0.0214006    0.0262869    0.0329372    0.0214998
    0.0356868    0.0283349    0.0398530    0.0314447    0.0345466    0.0224337
    0.0204088    0.0146288    0.0274520   0.00760715    0.0158046    0.0242294
    0.0331551    0.0384443    0.0365149    0.0308341    0.0450997    0.0342197
    0.0359145    0.0439079    0.0351540  -0.00141993   0.00563149   0.00863236
    0.0242716   0.00805499   0.00399675    0.0268849    0.0242786    0.0233379
    0.0240834    0.0295341    0.0405267    0.0431658    0.0375210    0.0241329
   0.00361249    0.0182696   0.00469498    0.0271826    0.0341228    0.0323192
    0.0447754    0.0452881    0.0369870    0.0239583    0.0219998   0.00910696
  -0.00770769    0.0145201    0.0120419    0.0101892    0.0103716   0.00327213
    0.0110925    0.0256643    0.0211422   0.00940012   0.00945626    0.0413657
    0.0341114    0.0311687    0.0253379    0.0100554   0.00612805   0.00539522
  -0.00166367 -0.000228979
    0.0151666    0.0124406    0.0126861    0.0127599    0.0108264    0.0121729
    0.0102711   0.00911869    0.0157942    0.0175331    0.0124696    0.0155153
    0.0149505    0.0163431   0.00967329    0.0134404    0.0211028    0.0194725
    0.0156923    0.0156334    0.0215792    0.0226619    0.0207709    0.0234604
    0.0294419    0.0284110    0.0247253    0.0267538    0.0286412    0.0340387
    0.0348513    0.0309045    0.0287672    0.0467302    0.0524081    0.0714053
     0.177010      1.45244      8.56887      30.2469      70.4646      118.884
      153.238      152.782      118.494      70.3056      30.3044      8.75758
      1.60853     0.300001     0.140694     0.116205    0.0874428    0.0652210
    0.0558451    0.0493079    0.0538348    0.0603139    0.0517436    0.0461772
    0.0501131    0.0457196    0.0491359    0.0580920    0.0478276    0.0457555
    0.0360871    0.0402099    0.0341348    0.0236551    0.0231870    0.0173957
    0.0195739    0.0222167    0.0258103    0.0239541    0.0228914    0.0337350
    0.0395365    0.0344085    0.0216350    0.0319295    0.0234696    0.0149562
    0.0257520    0.0270752    0.0192599    0.0139572    0.0151314    0.0135808
    0.0123494    0.0246244    0.0315289    0.0301693    0.0338977    0.0145355
    0.0257889    0.0291085    0.0212402    0.0242652    0.0111244   0.00494611
   0.00906604    0.0106681    0.0148509    0.0189750    0.0215031    0.0187571
    0.0199210    0.0181416    0.0309947    0.0299220    0.0132886    0.0200124
    0.0170803   0.00864876    0.0143482   0.00222375    0.0112107   0.00772447
   0.00815722    0.0110450   0.00972332    0.0217402    0.0250677    0.0347271
    0.0281343    0.0158437    0.0230097    0.0158214    0.0147449  0.000718309
    0.0148494    0.0255675    0.0217428    0.0206623    0.0283894    0.0189425
    0.0252276    0.0298466    0.0460809    0.0385737    0.0341226    0.0142422
    0.0249754    0.0281639    0.0130318    0.0120652 -0.000120035  -0.00462914
  -0.00601193    0.0114159    0.0223865    0.0168283   0.00843985    0.0197674
    0.0190637    0.0276708    0.0363825   0.00123606    0.0149881    0.0388244
    0.0385982    0.0296096    0.0146591 -0.000474720    0.0180201    0.0183188
    0.0156043   0.00842103    0.0286452    0.0443245    0.0269983    0.0285201
    0.0239836    0.0292090    0.0247457    0.0219978    0.0221765    0.0181889
    0.0275087    0.0462669    0.0397187    0.0148192   0.00149666   0.00795893
    0.0157728   0.00897108   0.00403613   0.00813780    0.0226309    0.0284104
   0.00977944  -0.00191476    0.0120109    0.0331117    0.0503329    0.0253075
    0.0169150    0.0135277    0.0536586    0.0304280    0.0296823    0.0322232
    0.0163463   0.00978222    0.0307082    0.0135222  -0.00229454    0.0127309
    0.0139658    0.0248152    0.0273481    0.0202484    0.0402210    0.0317364
    0.0184526    0.0324770    0.0441487    0.0525465    0.0187939  -0.00482480
    0.0162977    0.0197986   0.00572289    0.0180806   0.00751267   0.00693989
    0.0185642    0.0164459    0.0197995   0.00196319   0.00153038  -0.00833729
   0.00834585    0.0206256    0.0184046   0.00898716   0.00772484    0.0204803
    0.0105278   0.00911888
    0.0124738    0.0122801   0.00592135    0.0124211    0.0152914    0.0169700
    0.0240179    0.0219136    0.0179682    0.0215674    0.0196098    0.0154209
    0.0138018   0.00972811   0.00936281    0.0144348    0.0158980    0.0106545
    0.0100222    0.0145354    0.0183664    0.0172343    0.0176474    0.0201422
    0.0265340    0.0278034    0.0311710    0.0289867    0.0268801    0.0285280
    0.0374207    0.0412629    0.0370449    0.0422828    0.0568134    0.0741453
     0.182081      1.57635      8.93536      30.6077      70.5758      118.743
      152.177      152.320      118.779      70.2755      30.1340      8.78851
      1.60369     0.296903     0.138479     0.108439    0.0972917    0.0731653
    0.0627615    0.0656177    0.0570523    0.0468510    0.0486381    0.0473775
    0.0444131    0.0526766    0.0326114    0.0284059    0.0414612    0.0377532
    0.0283378    0.0281561    0.0197657    0.0141027    0.0316194    0.0187350
    0.0238806    0.0354341    0.0254901    0.0232991    0.0271060    0.0355132
    0.0343910    0.0233722    0.0204410    0.0196244   0.00808257   0.00566622
   0.00618373    0.0140778    0.0188931    0.0233069    0.0228794    0.0253116
    0.0218639    0.0261007    0.0166819    0.0161636    0.0253100    0.0187145
    0.0136757    0.0181791    0.0201944    0.0173185    0.0159502    0.0224216
    0.0251152    0.0119046   0.00993302    0.0273130    0.0239116    0.0166150
    0.0177391    0.0168250    0.0228597    0.0468636    0.0255084    0.0191676
   0.00819550  -0.00108094   0.00517477    0.0157273    0.0308269    0.0288228
    0.0276094    0.0229576    0.0292108    0.0295573   0.00759426   0.00899312
    0.0238447    0.0255691    0.0231163    0.0165644    0.0180749    0.0164681
    0.0237907    0.0213262    0.0213986    0.0229079    0.0341710    0.0359399
    0.0283537    0.0260990    0.0261482    0.0214902    0.0203420    0.0322348
    0.0219862    0.0340367    0.0281776    0.0100251    0.0190583    0.0190961
    0.0213233    0.0216424    0.0325107    0.0272837    0.0329925    0.0219143
    0.0315736    0.0298603   0.00865696   0.00246186  0.000177112    0.0239229
    0.0418456    0.0332967    0.0215000    0.0157168    0.0188247    0.0211523
    0.0340432    0.0162372    0.0296338    0.0486184    0.0279258    0.0317486
    0.0378550    0.0388544    0.0259124    0.0136077  -0.00840531    0.0121072
    0.0404653    0.0458888    0.0601063    0.0504044    0.0428302    0.0466818
    0.0314739    0.0308402    0.0192336    0.0365130    0.0309954    0.0343997
    0.0351829    0.0274350    0.0219553   0.00164658    0.0230276    0.0299421
   0.00235778 -0.000408391    0.0281731    0.0360572    0.0281604    0.0120777
   0.00762845  -0.00315260    0.0136890    0.0205635   0.00829687    0.0155637
    0.0310148    0.0265209   0.00853177   0.00847029   0.00952358    0.0160666
    0.0374448    0.0265092    0.0220232    0.0339785    0.0486913    0.0251958
    0.0394305    0.0204364    0.0251944    0.0553334    0.0394546   0.00739094
 -0.000654909  0.000205823    0.0134995    0.0122408   0.00897202    0.0124941
    0.0222016    0.0151535  8.34372e-05   -0.0124677   0.00691537   0.00930391
    0.0141100 -0.000274606
   0.00916333   0.00763551   0.00833714   0.00709608    0.0128217    0.0151764
    0.0110244    0.0143694    0.0199745    0.0191892    0.0155713    0.0136802
    0.0131726    0.0149737    0.0125433    0.0222154    0.0268394    0.0252858
    0.0272803    0.0240709    0.0269288    0.0300283    0.0279518    0.0270239
    0.0213577    0.0287512    0.0346861    0.0360592    0.0306109    0.0262292
    0.0303662    0.0352867    0.0379595    0.0479443    0.0488119    0.0608854
     0.200159      1.55060      8.73133      30.3946      70.2132      118.647
      152.637      151.682      118.218      70.4700      30.6968      8.96659
      1.69897     0.333946     0.141361    0.0972932    0.0738845    0.0769772
    0.0573798    0.0559209    0.0395828    0.0461263    0.0552005    0.0528218
    0.0379860    0.0360010    0.0333196    0.0347328    0.0378680    0.0410030
    0.0315136    0.0277786    0.0229518    0.0316758    0.0352427    0.0262739
    0.0161432    0.0211776    0.0362312    0.0369951    0.0278105    0.0377145
    0.0193581    0.0235480    0.0288654    0.0274324    0.0265757    0.0225984
    0.0170940    0.0148871    0.0105228    0.0191961    0.0288545    0.0291183
    0.0266381    0.0336907    0.0164840    0.0175293    0.0121449    0.0128047
    0.0189760    0.0185973    0.0198629    0.0246907    0.0251473    0.0116398
    0.0186481    0.0150414    0.0236682    0.0238962    0.0254462    0.0139201
   0.00529823    0.0282044    0.0117381    0.0134685    0.0176395    0.0212348
    0.0143101    0.0196741    0.0263114    0.0450052    0.0230771    0.0166253
    0.0182707    0.0298069    0.0396597    0.0214437    0.0154025    0.0202692
    0.0210030    0.0231111    0.0407102    0.0233002    0.0266070    0.0169735
    0.0255676    0.0217122    0.0292125   0.00661405    0.0262343    0.0360596
    0.0199884    0.0265295    0.0136370    0.0133985    0.0178509    0.0333748
    0.0385275    0.0185916    0.0184574   0.00997462    0.0142147    0.0280064
    0.0147506    0.0105112    0.0229573    0.0291661    0.0386942    0.0174970
    0.0225591    0.0200364    0.0396682    0.0360010    0.0403047   0.00891175
   0.00850523    0.0194109    0.0450909    0.0550957    0.0299481    0.0282352
    0.0224816    0.0264894    0.0163144    0.0102330   0.00169424 -0.000248120
 -0.000277034    0.0160685    0.0296972    0.0512349    0.0448360    0.0264918
    0.0270489    0.0292253   0.00421201    0.0237191    0.0404433    0.0258153
   0.00373598   0.00521875    0.0249021    0.0301340    0.0243756    0.0350799
    0.0326411    0.0272130    0.0374766   0.00506554 -0.000873330   0.00571893
    0.0121802    0.0199798    0.0368520    0.0343152    0.0511842    0.0185744
   0.00636973    0.0141409    0.0287543   -0.0122681   -0.0210857    0.0204601
    0.0168931    0.0297176    0.0469426   0.00567917    0.0200921    0.0259001
    0.0337574    0.0219223    0.0240308    0.0222191    0.0187340 -0.000484820
   0.00995694  -0.00342189   -0.0106171 -0.000366578 -0.000462661    0.0473478
    0.0246599    0.0245736    0.0457258    0.0145336  -0.00573215    0.0218030
    0.0102080  -0.00290983   0.00381312  -0.00262963   -0.0142843   -0.0122443
  -0.00255955   0.00142992
    0.0201252    0.0163325   0.00999935    0.0133398   0.00884185    0.0102268
    0.0163596    0.0161667    0.0190950    0.0160002    0.0116068    0.0106256
    0.0142318    0.0141059    0.0202310    0.0220332    0.0224682    0.0183516
    0.0186828    0.0277620    0.0296106    0.0213992    0.0301001    0.0261849
    0.0242271    0.0300154    0.0316772    0.0423382    0.0364367    0.0235692
    0.0330354    0.0515656    0.0454018    0.0461309    0.0588162    0.0774789
     0.185813      1.56771      9.10646      31.0864      70.7960      118.190
      151.068      150.904      117.934      70.7417      30.8482      9.26371
      1.84679     0.374361     0.158790     0.104208     0.103059    0.0909401
    0.0934171    0.0786537    0.0684945    0.0756982    0.0448871    0.0359048
    0.0359876    0.0406804    0.0405653    0.0280785    0.0344149    0.0291290
    0.0312611    0.0346925    0.0217055    0.0278013    0.0360102    0.0306957
    0.0256705    0.0233729    0.0222067    0.0275832    0.0267428    0.0295710
    0.0317167    0.0372750    0.0266403    0.0257819    0.0293972    0.0265730
    0.0299558    0.0249004    0.0155304    0.0190854    0.0250625    0.0250035
    0.0205314    0.0193756    0.0212458    0.0120005    0.0153245    0.0205736
    0.0249816    0.0288069    0.0180910    0.0178004    0.0230403    0.0282394
    0.0298002    0.0299021    0.0313938    0.0238989    0.0223198    0.0245887
    0.0188707    0.0183147    0.0297370    0.0251982    0.0177607    0.0180461
    0.0132302    0.0299654    0.0283756    0.0469162    0.0393370    0.0169531
    0.0110621    0.0181402    0.0219991    0.0177494    0.0142804    0.0197646
    0.0185727    0.0232803    0.0131762    0.0190025    0.0135203    0.0263330
    0.0190100    0.0120558    0.0313208    0.0234650   0.00743157    0.0245126
    0.0197069   0.00409770   0.00547096    0.0139795    0.0444733    0.0356590
    0.0273849    0.0279827    0.0180758    0.0202477    0.0225702    0.0261380
    0.0267612    0.0145925    0.0301247    0.0217358    0.0341457    0.0224371
    0.0241421    0.0146602    0.0224164    0.0181765    0.0268104    0.0148592
    0.0219352    0.0105253    0.0224514    0.0313181    0.0156698    0.0157402
    0.0260044    0.0430071    0.0381221    0.0199584    0.0297829    0.0291351
    0.0407929    0.0438054    0.0235060    0.0282991    0.0241719    0.0477742
    0.0202529    0.0437623    0.0349101    0.0577099    0.0273770    0.0401909
    0.0565290    0.0211168    0.0237394    0.0151748   0.00236696    0.0231710
    0.0182843    0.0242739    0.0264165    0.0232962    0.0380122    0.0123940
   0.00576652    0.0151157    0.0419295    0.0407090    0.0483400    0.0748734
    0.0132709    0.0268415    0.0503150    0.0645773    0.0120977    0.0436682
    0.0513863    0.0186551    0.0221094  0.000337766   0.00997181    0.0247916
    0.0111396    0.0133252    0.0168865    0.0226335    0.0140796   0.00221617
    0.0620783    0.0255262    0.0165738    0.0477234    0.0278834    0.0154946
    0.0130466  -0.00474126   0.00983178   0.00684953    0.0240169    0.0216932
  -0.00142939    0.0163381  -0.00368162    0.0233760    0.0205673    0.0225926
   0.00897607  -0.00601866
    0.0136158    0.0189860    0.0238864    0.0222974    0.0260258    0.0227749
    0.0186051    0.0137540    0.0123185    0.0144910    0.0170220    0.0217892
    0.0218153    0.0199942    0.0257744    0.0208273    0.0186437    0.0197661
    0.0272530    0.0179634    0.0210530    0.0217455    0.0246523    0.0299708
    0.0311241    0.0386304    0.0427763    0.0426290    0.0333861    0.0300947
    0.0385433    0.0387516    0.0376246    0.0497682    0.0611132    0.0677361
     0.191201      1.60117      9.03742      30.9239      70.5552      118.095
      151.302      150.802      117.785      70.4984      30.9055      9.32468
      1.86149     0.336463     0.139072    0.0976019    0.0914523    0.0919765
    0.0892356    0.0819523    0.0941657    0.0688968    0.0395980    0.0429573
    0.0437282    0.0449044    0.0358888    0.0251069    0.0279768    0.0314167
    0.0398677    0.0282421    0.0253226    0.0251201    0.0396512    0.0341527
    0.0336286    0.0318256    0.0290948    0.0192713    0.0182332    0.0238650
    0.0174033    0.0329260    0.0294299    0.0235806    0.0171667    0.0268121
    0.0218150    0.0206885    0.0284476    0.0146466    0.0247538    0.0166580
   0.00406327    0.0100059    0.0163443    0.0145345   0.00564214    0.0257446
    0.0144954    0.0117925    0.0176023   0.00718900    0.0204746    0.0123000
    0.0134577    0.0382621    0.0388002    0.0286389    0.0347400    0.0336174
    0.0124310    0.0243166    0.0247251    0.0227198    0.0264792    0.0241242
    0.0292786    0.0182842    0.0257178    0.0441258    0.0375812    0.0223841
    0.0170624    0.0318856    0.0234784 -0.000703920   0.00972928   0.00865218
    0.0361255    0.0290406    0.0261477    0.0174969    0.0349422    0.0477492
    0.0152729    0.0220932    0.0260400    0.0389305    0.0212624    0.0273269
    0.0120517    0.0160098    0.0209259    0.0141558    0.0348412    0.0363849
    0.0324073    0.0118413    0.0178995    0.0282254    0.0434251    0.0164673
   0.00712093    0.0156323   0.00955972    0.0373840    0.0306510    0.0382357
    0.0600060    0.0486803    0.0124166   0.00834192    0.0202560    0.0183886
   0.00754387    0.0232073    0.0143013    0.0259317    0.0276578    0.0208819
    0.0308458    0.0147606    0.0343212    0.0377041    0.0330340    0.0236731
    0.0239173    0.0464596    0.0384791    0.0575321    0.0406824    0.0200393
    0.0575540    0.0459569    0.0416671    0.0415541    0.0243589    0.0445093
    0.0565642    0.0301258    0.0140380    0.0166398    0.0339288    0.0253835
    0.0347021    0.0240708    0.0432903    0.0269284    0.0419510    0.0236518
    0.0264423    0.0129876    0.0284391    0.0281657    0.0172084  -0.00409660
    0.0334462    0.0313381    0.0190335    0.0167396    0.0635289    0.0926811
    0.0642297    0.0441596    0.0431895    0.0442352    0.0132375    0.0413438
    0.0126413    0.0242169    0.0372557    0.0176899    0.0283900   0.00495874
  -0.00723204   0.00467962   0.00621111   0.00102242    0.0126276   0.00839593
    0.0169251    0.0345564    0.0362717    0.0297867   0.00433536  -0.00746230
    0.0188421    0.0143010    0.0297347    0.0155704    0.0156466 -0.000539186
  -0.00520700   0.00343120
    0.0120786    0.0139952    0.0170933    0.0155568    0.0158535    0.0190522
    0.0243860    0.0140052    0.0233032    0.0167596    0.0168554    0.0199547
    0.0183547    0.0208671    0.0155231    0.0209736    0.0234622    0.0233708
    0.0169124    0.0151969    0.0187406    0.0165828    0.0220185    0.0258857
    0.0340883    0.0283993    0.0301567    0.0401291    0.0350691    0.0398481
    0.0361729    0.0408124    0.0546754    0.0615049    0.0642421    0.0816818
     0.199656      1.62091      9.08923      30.8950      70.2302      117.999
      151.198      151.120      117.848      70.1141      30.5968      9.21966
      1.87478     0.358029     0.141853     0.102397    0.0916092    0.0815549
    0.0939157    0.0764784    0.0609050    0.0477539    0.0517118    0.0573464
    0.0487865    0.0335672    0.0322635    0.0390448    0.0280754    0.0355227
    0.0407281    0.0245275    0.0237150    0.0201729    0.0330798    0.0310086
    0.0347685    0.0485248    0.0324020    0.0258270    0.0277069    0.0376748
    0.0301234    0.0273429    0.0382718    0.0273427    0.0231235    0.0295604
    0.0110733    0.0218989    0.0372104    0.0245874    0.0212046    0.0382064
    0.0124651   0.00727025    0.0233560    0.0207782    0.0233915    0.0162197
    0.0135165    0.0129337    0.0300709    0.0434125    0.0243070    0.0187811
    0.0274119    0.0287060    0.0233850    0.0116871   0.00652317    0.0174328
    0.0315130    0.0228650    0.0102217    0.0166867    0.0248873    0.0223798
    0.0290389    0.0294214    0.0278913    0.0212680   0.00324267   0.00752831
   0.00973279    0.0307802    0.0275564    0.0151896    0.0333419    0.0283150
    0.0186479    0.0179887    0.0193203    0.0280415    0.0229170    0.0202360
    0.0326232    0.0229794    0.0123784    0.0231209    0.0255507    0.0292471
    0.0324635    0.0349425    0.0485230    0.0371578    0.0255021    0.0247093
    0.0163256    0.0114081    0.0208553    0.0125766    0.0402331    0.0402173
    0.0171836    0.0131925    0.0149166   0.00617369    0.0345908    0.0552890
    0.0464379    0.0237989    0.0333291    0.0405328    0.0343805    0.0387751
    0.0238061    0.0135349    0.0210189    0.0296056    0.0338394    0.0353624
    0.0317976    0.0366115    0.0458816    0.0191314   0.00959003   0.00788799
 -0.000634125    0.0166968    0.0295416    0.0372579    0.0485310    0.0606981
    0.0449380    0.0585591    0.0463586    0.0461666    0.0505048    0.0110201
    0.0171766    0.0370922    0.0215552    0.0283574   0.00877507    0.0181105
    0.0228807    0.0279162    0.0393985    0.0545651    0.0279604    0.0312464
    0.0343604    0.0178189    0.0224242    0.0106108    0.0400685    0.0238121
    0.0308138    0.0250513    0.0276481    0.0274696    0.0481760    0.0499573
    0.0837463    0.0540449    0.0120488    0.0314493    0.0381291   0.00460136
  -0.00152513   0.00392717    0.0208215    0.0248678   0.00525432   0.00832418
  -0.00834038    0.0126184    0.0170110   0.00997752    0.0287460    0.0201843
    0.0266775    0.0273288    0.0584913   0.00620388   0.00743512   -0.0108654
    0.0329342  -0.00300964  0.000105659    0.0151691   0.00219118   0.00938099
   0.00279772  -0.00172747
    0.0154939    0.0149384   0.00942795    0.0148818    0.0176708    0.0160401
    0.0157848    0.0147101    0.0124191    0.0201996    0.0243811    0.0194973
    0.0140551    0.0184993    0.0163404    0.0160759    0.0225967    0.0201463
    0.0163382    0.0262160    0.0244300    0.0266931    0.0261010    0.0268771
    0.0353567    0.0257882    0.0263709    0.0274185    0.0234518    0.0344464
    0.0444282    0.0453644    0.0419344    0.0467491    0.0548591    0.0617810
     0.197487      1.55737      8.92878      30.6169      70.5176      118.086
      150.898      150.501      117.710      70.2868      31.0613      9.34426
      1.90777     0.354694     0.136273     0.118573     0.100391    0.0825360
    0.0738741    0.0749264    0.0650264    0.0622471    0.0574441    0.0585497
    0.0475533    0.0425030    0.0344820    0.0473624    0.0377268    0.0401601
    0.0375669    0.0413824    0.0362226    0.0395141    0.0234730    0.0191256
    0.0369813    0.0270413    0.0238832    0.0290984    0.0216848    0.0280256
    0.0492108    0.0437866    0.0173365    0.0144919   0.00308872   0.00226567
    0.0163122    0.0452674    0.0296424    0.0368331    0.0215018    0.0139397
    0.0140352    0.0222427    0.0249590   0.00627161    0.0202489    0.0140590
    0.0142048    0.0100135    0.0163266    0.0192835    0.0238418    0.0160336
    0.0204333    0.0170393    0.0205933    0.0213360    0.0118320    0.0188912
    0.0213005    0.0156407    0.0213386    0.0390036    0.0303356    0.0322720
    0.0333414    0.0278899    0.0279629    0.0257701    0.0384738    0.0214345
    0.0282435    0.0283357    0.0221234    0.0254856    0.0110968    0.0239322
    0.0161943    0.0293565    0.0220576   0.00917705    0.0133188    0.0369942
    0.0199327    0.0264739    0.0177394   0.00387655   0.00968837    0.0245006
    0.0281730    0.0147160    0.0266898    0.0313077    0.0131345    0.0224664
    0.0374418    0.0230333    0.0238165    0.0114522    0.0173103    0.0330868
    0.0201469    0.0202030    0.0121321    0.0238160    0.0285523    0.0210025
    0.0296674    0.0209960    0.0226031    0.0240680    0.0358469    0.0208529
    0.0140575    0.0268186    0.0381201    0.0434168    0.0278422    0.0473507
    0.0151874   0.00616280    0.0180942    0.0348567  -0.00555034    0.0170104
    0.0250169    0.0163833    0.0269412    0.0468203    0.0330875    0.0251773
    0.0186411    0.0356202    0.0700324    0.0128308    0.0426600    0.0274859
    0.0244373    0.0277996   0.00616627    0.0103776    0.0108708    0.0622126
    0.0727853    0.0725026    0.0583712    0.0433932    0.0483455    0.0581153
    0.0536429    0.0390218    0.0192158    0.0218133    0.0398100    0.0371878
    0.0256757    0.0284332    0.0342572    0.0153735    0.0290502  -0.00455881
    0.0155427    0.0365041    0.0404971    0.0230260    0.0128055   0.00844094
    0.0108319   0.00728436  -0.00525959  -0.00131157    0.0110462  0.000347590
   0.00575010    0.0175138   0.00652491  -0.00458887    0.0130424  -0.00259162
    0.0211678    0.0283570    0.0110961   0.00670529   0.00287275    0.0195937
    0.0105583    0.0224602    0.0185212    0.0127379  -0.00348181   0.00744634
    0.0149478  -0.00298317
    0.0139367    0.0152294    0.0190090    0.0256542    0.0258971    0.0194299
    0.0154033    0.0130570    0.0208749    0.0175844    0.0209497    0.0147905
    0.0188807    0.0197729    0.0286960    0.0191577    0.0125122    0.0252354
    0.0240401    0.0280592    0.0252873    0.0156259    0.0264495    0.0289029
    0.0269279    0.0231437    0.0249822    0.0414808    0.0477003    0.0380533
    0.0508142    0.0368196    0.0399119    0.0565847    0.0660590    0.0835144
     0.228377      1.68148      9.13237      30.9713      70.2570      117.473
      150.418      149.581      116.896      70.5101      31.7379      9.85876
      2.07206     0.375980     0.151866     0.113252    0.0960125    0.0940320
    0.0853948    0.0766369    0.0786681    0.0645414    0.0425648    0.0608532
    0.0623709    0.0536524    0.0567181    0.0432001    0.0471200    0.0423711
    0.0412042    0.0404872    0.0426315    0.0374249    0.0359832    0.0407506
    0.0459014    0.0317204    0.0222683    0.0269450    0.0303857    0.0316913
    0.0270299    0.0238222    0.0138823    0.0276310    0.0390755    0.0377625
    0.0413163    0.0233432    0.0319023    0.0262156    0.0257660    0.0295116
    0.0155310    0.0198688    0.0292972    0.0327333    0.0196986    0.0258073
    0.0297796    0.0132467    0.0100704    0.0196610    0.0201239    0.0193741
    0.0190835    0.0191785    0.0226113    0.0330485    0.0472364    0.0307415
    0.0243624    0.0297925    0.0419202    0.0315448    0.0273539    0.0161640
    0.0227202    0.0331944    0.0293674    0.0356711    0.0272673    0.0282851
    0.0128759    0.0211882    0.0212200    0.0285587    0.0325156    0.0187931
    0.0232126    0.0259055    0.0360986    0.0196521   0.00893992    0.0123041
   0.00895065    0.0105187    0.0253092    0.0403385    0.0196110    0.0303393
    0.0349375    0.0256937    0.0346264    0.0588246    0.0374588    0.0322931
    0.0171908    0.0142606    0.0270968    0.0377725    0.0274032   0.00957759
   0.00137984    0.0219493    0.0324368    0.0106557   0.00853547    0.0354829
    0.0400401    0.0157528   0.00775043    0.0115918   0.00168365    0.0219781
   0.00653456    0.0322920    0.0260013    0.0507956    0.0503516    0.0524874
  -0.00268079    0.0109993    0.0158374    0.0204379    0.0118744    0.0232484
  -0.00668449    0.0163099    0.0196067   0.00581409    0.0462717    0.0373272
    0.0415921   0.00939589    0.0284939    0.0328909    0.0147119    0.0230629
    0.0170894    0.0249133    0.0241877    0.0356545    0.0330334  -0.00249273
    0.0165736    0.0201473   0.00356686    0.0187213    0.0236427    0.0314723
    0.0391050    0.0443610    0.0174459   0.00277159  -0.00168063    0.0304314
    0.0368882    0.0185964    0.0456231    0.0516738  -0.00449301    0.0281497
    0.0278272    0.0261525    0.0129777    0.0346006    0.0495444    0.0195830
    0.0299857    0.0327636    0.0434319    0.0378405  -0.00139141   -0.0138264
   0.00824459  0.000484673  -0.00779400  -0.00471469   0.00681120    0.0130496
    0.0112345    0.0314102    0.0575553    0.0247078    0.0210001    0.0249150
   0.00596703   0.00679383   0.00596239    0.0283571    0.0117506  0.000487772
  -0.00889784   0.00789818
    0.0149400    0.0149130    0.0125965    0.0262463    0.0197088    0.0108247
    0.0228779    0.0204784    0.0212425    0.0220121    0.0193238    0.0230499
    0.0226962    0.0280264    0.0260050    0.0264838    0.0224595    0.0194482
    0.0271373    0.0337327    0.0248473    0.0250513    0.0211594    0.0310851
    0.0322544    0.0329560    0.0379715    0.0331752    0.0394402    0.0364155
    0.0391701    0.0438430    0.0570770    0.0634502    0.0598398    0.0748059
     0.249253      1.87506      9.78945      31.7862      70.8951      116.747
      148.574      148.403      116.498      70.6554      31.9962      10.1768
      2.25795     0.438525     0.176284     0.124485     0.107807    0.0949116
    0.0915611    0.0744886    0.0731800    0.0665386    0.0574867    0.0514831
    0.0542555    0.0580939    0.0443826    0.0381191    0.0438570    0.0325329
    0.0425512    0.0478450    0.0391593    0.0429729    0.0296511    0.0273936
    0.0336059    0.0331475    0.0298112    0.0366070    0.0323576    0.0273847
    0.0336199    0.0343768    0.0322969    0.0357682    0.0307347    0.0195127
    0.0275488    0.0233530    0.0302627    0.0210641    0.0190544    0.0348315
    0.0251911   0.00756081    0.0215745    0.0260838    0.0408437    0.0517695
    0.0177108    0.0108558    0.0233873    0.0330985    0.0366623    0.0240202
    0.0151254    0.0197379    0.0327450    0.0114901    0.0201761    0.0365118
    0.0263741   0.00988118    0.0131559    0.0244344    0.0209574    0.0457421
    0.0422297    0.0332159    0.0298321    0.0300664    0.0207556    0.0118794
    0.0106814    0.0166889    0.0206125    0.0144378    0.0162459    0.0179755
    0.0188486    0.0298932    0.0382003    0.0459757    0.0493422    0.0298465
    0.0319325    0.0255609    0.0232776    0.0209097   0.00655199    0.0142478
   0.00975448  0.000302509    0.0413018    0.0374384    0.0196699    0.0291067
    0.0318278    0.0208704    0.0408159    0.0224059    0.0219582    0.0361268
    0.0475480    0.0373705    0.0319488    0.0264422    0.0317248    0.0132274
    0.0137511   0.00373442    0.0230571    0.0350267    0.0257926    0.0280475
    0.0218617    0.0335571    0.0249409    0.0309449    0.0434814    0.0170046
    0.0221674    0.0314255    0.0283060    0.0317276    0.0264335    0.0373424
    0.0237066    0.0307522    0.0163132    0.0191997    0.0476837    0.0310580
    0.0269008    0.0293094    0.0178234    0.0375187    0.0105144    0.0196129
    0.0458485   0.00209283    0.0101623    0.0342175    0.0326330    0.0104823
    0.0342610    0.0417039    0.0168206    0.0369162    0.0370072    0.0351250
    0.0392397    0.0489531    0.0456205    0.0375344    0.0136937    0.0211603
    0.0389505    0.0434338    0.0174216    0.0409560    0.0367850    0.0446726
    0.0258240    0.0234477    0.0372643    0.0157769   0.00853344    0.0125994
    0.0393516    0.0233399   0.00816690    0.0342964    0.0396571    0.0324171
    0.0429064   0.00878169   0.00959719    0.0376327    0.0616537    0.0367383
    0.0381205    0.0225845    0.0300460    0.0331493    0.0282852    0.0157850
   0.00869845   0.00373660   0.00523229    0.0317561    0.0172038    0.0104508
   0.00368073 -0.000886843
    0.0119656    0.0110913    0.0121928    0.0168023    0.0169060    0.0193302
    0.0178261    0.0175757    0.0204920    0.0196536    0.0197474    0.0146852
    0.0260998    0.0273662    0.0230881    0.0151907    0.0142767    0.0253826
    0.0308609    0.0256329    0.0288931    0.0300215    0.0339573    0.0285504
    0.0384701    0.0392140    0.0344888    0.0393787    0.0478104    0.0531536
    0.0470434    0.0428815    0.0420715    0.0463625    0.0574032    0.0779950
     0.249949      1.87874      9.75946      31.6386      70.6268      116.656
      148.461      148.453      116.372      70.3147      32.2598      10.6317
      2.30804     0.446518     0.158645     0.118593     0.103393    0.0985557
    0.0894552    0.0841802    0.0798964    0.0769521    0.0621735    0.0753786
    0.0511314    0.0502983    0.0525900    0.0419729    0.0413561    0.0446917
    0.0360986    0.0439716    0.0427107    0.0493428    0.0334565    0.0433871
    0.0426420    0.0379214    0.0239666    0.0285547    0.0388088    0.0244517
    0.0299747    0.0200267    0.0367242    0.0257478    0.0284173    0.0437216
    0.0441916    0.0374089    0.0315910    0.0262590    0.0266963    0.0245205
    0.0314844    0.0307106    0.0438808    0.0271601    0.0165244    0.0231790
    0.0168240    0.0192584    0.0166818    0.0198192    0.0254987    0.0111018
    0.0129381    0.0222718    0.0359051    0.0253729    0.0340280    0.0233303
    0.0290544    0.0216729    0.0203499    0.0372945    0.0225059    0.0447423
    0.0326789    0.0385711    0.0301366    0.0159206    0.0116275    0.0272525
    0.0357952    0.0246730    0.0282281    0.0410795    0.0193616    0.0212250
    0.0236251    0.0315501    0.0337054    0.0328226    0.0270234    0.0323578
    0.0393420    0.0200714    0.0305825    0.0337509    0.0553808    0.0415646
   0.00940216    0.0211278    0.0166680    0.0288162    0.0326547    0.0298700
    0.0336731    0.0316051    0.0238458    0.0230602    0.0220606    0.0192353
   0.00421274    0.0112380    0.0209182    0.0284265    0.0109121    0.0214687
   0.00963149    0.0323763    0.0214732    0.0252755    0.0201174    0.0524801
    0.0241503    0.0637134    0.0329461    0.0240832    0.0216032    0.0344616
    0.0321594    0.0162244    0.0322024    0.0268084    0.0424730    0.0358209
    0.0258477    0.0469610    0.0344081    0.0370164    0.0441738    0.0245739
    0.0423657    0.0169485    0.0198052    0.0368721    0.0306514    0.0372751
    0.0329125    0.0355128    0.0481484    0.0304096    0.0213833    0.0266897
    0.0161147    0.0221026    0.0319398    0.0274220  -0.00384955   0.00380742
    0.0276122    0.0367177    0.0210885   0.00885152    0.0174884    0.0448390
    0.0550427    0.0623538    0.0440680    0.0333532    0.0410059    0.0507518
    0.0408957    0.0292934    0.0585291    0.0591244    0.0210352   0.00755761
   0.00657406    0.0177279    0.0478286    0.0191872   -0.0207119   0.00141129
   0.00534922    0.0235045   0.00884261    0.0145841    0.0211183    0.0167002
    0.0188789    0.0140791   0.00337542   0.00259368   0.00411804   0.00840258
   0.00716132   -0.0104203  -0.00369080   0.00508266    0.0118121    0.0247046
    0.0213316   0.00779874
    0.0240605    0.0212429    0.0188412    0.0215366    0.0234692    0.0239438
    0.0167284    0.0234416    0.0230302    0.0262281    0.0268882    0.0239408
    0.0267204    0.0251669    0.0228673    0.0239224    0.0209368    0.0157559
    0.0176925    0.0221086    0.0233780    0.0239425    0.0307884    0.0248301
    0.0370830    0.0383406    0.0406905    0.0430659    0.0394269    0.0513640
    0.0472948    0.0364288    0.0524735    0.0713267    0.0662980    0.0875221
     0.249630      1.85647      9.73382      31.4728      71.0258      116.716
      148.241      147.299      115.733      70.8179      32.4192      10.5122
      2.37743     0.436818     0.131839     0.110962    0.0921623     0.101106
    0.0806859    0.0838926    0.0833885    0.0753050    0.0562759    0.0495710
    0.0594410    0.0495734    0.0484911    0.0488965    0.0366921    0.0417358
    0.0456567    0.0467505    0.0440794    0.0466538    0.0443185    0.0397318
    0.0367402    0.0230325    0.0347255    0.0378314    0.0173401    0.0299732
    0.0408497    0.0354453    0.0489484    0.0396677    0.0425173    0.0267719
    0.0410860    0.0363142    0.0220873    0.0265699    0.0229438    0.0408389
    0.0294939    0.0360081    0.0427798    0.0348794    0.0287693    0.0134249
    0.0263226    0.0375259    0.0279385    0.0144648    0.0232354    0.0183101
    0.0209920   0.00492350    0.0184562    0.0283026    0.0283325    0.0171430
    0.0180671    0.0214667    0.0272073    0.0439842    0.0357661    0.0371515
    0.0285057    0.0385132    0.0271598    0.0146999    0.0279154    0.0412867
    0.0296908    0.0238781    0.0225270    0.0420759    0.0398073    0.0403675
    0.0269664    0.0216648    0.0175124    0.0402091    0.0191063    0.0295655
    0.0345226    0.0226955    0.0369330    0.0345779    0.0339640    0.0107730
    0.0162488    0.0407779    0.0244961    0.0337079    0.0303867    0.0277643
    0.0234351    0.0262046    0.0337732    0.0289574    0.0258725    0.0426557
    0.0478902    0.0173917  -0.00291703    0.0285219    0.0267251    0.0236183
    0.0250489    0.0216630   0.00293134    0.0400205    0.0431452    0.0275976
    0.0247108    0.0285783    0.0124386    0.0261545    0.0259526  0.000890234
   0.00353851    0.0370818    0.0467632    0.0465748    0.0318776    0.0164282
    0.0133586   0.00920378    0.0151994    0.0314986    0.0389373   0.00943130
    0.0262659    0.0231641    0.0283608    0.0400267    0.0447939    0.0550999
    0.0435583    0.0313790    0.0425613    0.0355697    0.0552710    0.0519550
    0.0434987    0.0231127    0.0400964    0.0116126    0.0112686    0.0295439
    0.0329682    0.0369614    0.0437536    0.0570876    0.0284407   0.00800017
    0.0289952    0.0527389    0.0544983    0.0643491    0.0338796    0.0231791
    0.0312506    0.0232836    0.0339333    0.0174998    0.0206030    0.0249187
    0.0452691    0.0445703  -0.00157063   0.00262085    0.0185727    0.0345673
    0.0366990    0.0358601    0.0244291    0.0229509    0.0429861    0.0288481
    0.0361995    0.0254509    0.0104272    0.0193894   0.00939216   0.00763386
    0.0131194    0.0287869    0.0195813    0.0192495   0.00750280  -0.00575305
  -0.00660129   0.00140234
    0.0219373    0.0190237    0.0144876    0.0171151    0.0201197    0.0206687
    0.0165987    0.0170679    0.0196220    0.0162392    0.0237457    0.0149291
    0.0220293    0.0234468    0.0257604    0.0273609    0.0284465    0.0247048
    0.0273823    0.0276958    0.0294259    0.0353772    0.0316507    0.0423966
    0.0443118    0.0374567    0.0339238    0.0323797    0.0365583    0.0409357
    0.0440426    0.0468501    0.0520756    0.0583134    0.0655365    0.0830279
     0.230392      1.80878      9.57550      31.7453      70.9934      116.433
      147.538      147.078      116.258      70.7232      32.1782      10.4823
      2.39722     0.428981     0.149919     0.105382     0.103276     0.102883
     0.103973    0.0845290    0.0743511    0.0652826    0.0713882    0.0494876
    0.0580689    0.0547427    0.0399167    0.0485355    0.0527248    0.0370956
    0.0385726    0.0383580    0.0440739    0.0319399    0.0415142    0.0405469
    0.0395424    0.0350973    0.0318673    0.0298368    0.0229024    0.0318128
    0.0305401    0.0362175    0.0422774    0.0257829    0.0281284    0.0311496
    0.0202859    0.0144370    0.0309124    0.0447028    0.0336732    0.0266248
    0.0289478    0.0263896    0.0317971    0.0220359    0.0268949    0.0285504
    0.0245038    0.0338621    0.0204485   0.00540100    0.0122001    0.0171470
    0.0253378    0.0277253    0.0310523    0.0139747    0.0250856    0.0314043
    0.0238484    0.0163775    0.0210358    0.0308433    0.0265082    0.0219998
    0.0194501    0.0394764    0.0394817    0.0324724    0.0344878    0.0315743
    0.0268464    0.0404307    0.0314550    0.0296775    0.0382925    0.0254195
    0.0300605    0.0219622    0.0207040    0.0264716    0.0289603    0.0150047
    0.0249495    0.0233826   0.00566480    0.0196343    0.0101680    0.0486881
    0.0447128    0.0216352    0.0257011    0.0196948    0.0416367    0.0370444
    0.0312525    0.0143372    0.0214029   0.00526521    0.0213600    0.0249973
    0.0316538    0.0244224    0.0231491    0.0262082    0.0306067    0.0416460
    0.0399503    0.0201746    0.0302888    0.0469847    0.0272987    0.0128465
   0.00280344    0.0178378    0.0350175    0.0243022    0.0213995    0.0230531
    0.0313591    0.0351299    0.0381832    0.0196193    0.0193248    0.0181495
    0.0201074    0.0199928    0.0191339    0.0204696    0.0172899    0.0137404
    0.0149055    0.0486120    0.0369655    0.0419681    0.0330165    0.0234500
    0.0459474    0.0356432    0.0405411    0.0637473    0.0449770    0.0182240
    0.0229267    0.0386712    0.0470316    0.0458406    0.0496076    0.0293820
   0.00816983    0.0302679    0.0352484    0.0146516    0.0134656    0.0292109
    0.0189313    0.0203357    0.0216402    0.0113247  -0.00202221   0.00180717
    0.0313136    0.0158824    0.0358174    0.0365370    0.0406989    0.0413725
    0.0374831    0.0173935    0.0118653    0.0395594    0.0277235    0.0359739
    0.0299393 -0.000735134   0.00873464    0.0214832    0.0154337    0.0418763
    0.0336268    0.0116402   0.00773352    0.0262314  0.000291390  -0.00878886
    0.0113902    0.0219121    0.0348351    0.0103418   0.00441067   0.00177621
   0.00345698   0.00428072
    0.0248277    0.0203547    0.0208894    0.0211150    0.0195202    0.0218606
    0.0172975    0.0172536    0.0198375    0.0294361    0.0199627    0.0284469
    0.0290278    0.0302734    0.0284112    0.0248686    0.0266020    0.0234418
    0.0332794    0.0308236    0.0258185    0.0305962    0.0348184    0.0396491
    0.0281565    0.0250731    0.0330484    0.0484955    0.0425774    0.0421744
    0.0496495    0.0453403    0.0327670    0.0551291    0.0662616    0.0716975
     0.230796      1.84963      9.75901      31.9701      70.8891      116.345
      147.472      146.619      115.400      70.5704      32.5672      10.9398
      2.58317     0.495723     0.149345     0.140257     0.109149    0.0886133
    0.0791394    0.0670197    0.0818885    0.0741419    0.0633065    0.0774243
    0.0589923    0.0449781    0.0437789    0.0489235    0.0398282    0.0394993
    0.0333409    0.0358868    0.0315123    0.0347915    0.0340762    0.0475740
    0.0404025    0.0314437    0.0447556    0.0427617    0.0452164    0.0243569
    0.0286421    0.0468781    0.0286439    0.0198456    0.0411418    0.0458941
    0.0389510    0.0315500    0.0240284    0.0329359    0.0243258    0.0315745
    0.0232157    0.0145220    0.0293212    0.0294905    0.0255057    0.0258231
    0.0362363    0.0257094    0.0140507    0.0392299    0.0315604    0.0230494
    0.0210565    0.0315300    0.0188128    0.0193838    0.0256469    0.0422653
    0.0377502    0.0304769    0.0313655    0.0354435    0.0289180    0.0182319
    0.0223519    0.0200148    0.0293844    0.0325022    0.0259975    0.0321026
    0.0209792    0.0312293    0.0390524    0.0227117    0.0290675    0.0176509
    0.0336302    0.0219487    0.0329921    0.0218874    0.0206340    0.0338766
    0.0363475    0.0241879    0.0330318    0.0298749    0.0253749    0.0297809
    0.0334065    0.0430670    0.0375117    0.0408701    0.0230210    0.0242908
    0.0153359   0.00995937    0.0271188    0.0428996    0.0458596    0.0348002
    0.0228293    0.0321203    0.0275523    0.0213402    0.0318196    0.0297736
    0.0355209    0.0346266    0.0283518    0.0211257    0.0178028    0.0216961
    0.0238102    0.0219524    0.0176569    0.0170272    0.0340457    0.0356185
    0.0299837   0.00968850    0.0189318    0.0326560    0.0279051    0.0209422
    0.0202909    0.0417579    0.0292350    0.0224638    0.0312436    0.0186593
    0.0123833    0.0415355    0.0381488    0.0288607    0.0250757    0.0413245
    0.0396841    0.0241449    0.0304825    0.0489815    0.0281433    0.0293162
    0.0398668    0.0337896    0.0281678    0.0372023    0.0441706    0.0250351
    0.0199110    0.0407007    0.0117369    0.0410750    0.0816987    0.0737411
    0.0685740    0.0540284    0.0535962    0.0203321    0.0491253    0.0663862
    0.0670156    0.0237110    0.0206108   0.00894042   0.00971648    0.0109581
    0.0216512    0.0278941    0.0138108    0.0221390    0.0659832    0.0382199
  -0.00569452   -0.0120039  -0.00954151    0.0175982    0.0384201    0.0257999
    0.0226977    0.0212452   0.00278667   0.00688312    0.0126835   0.00913742
   0.00639914  -0.00135333   0.00196312   0.00808968   0.00180131    0.0100562
    0.0145579   0.00823798
    0.0173616    0.0254559    0.0201248    0.0268001    0.0261049    0.0221452
    0.0200951    0.0165694    0.0213188    0.0181312    0.0252231    0.0142183
    0.0314587    0.0286107    0.0261508    0.0253614    0.0313603    0.0215150
    0.0223132    0.0313453    0.0310119    0.0212768    0.0240082    0.0326677
    0.0346107    0.0297574    0.0349659    0.0430036    0.0474324    0.0520875
    0.0429462    0.0538371    0.0593178    0.0582305    0.0696550    0.0832050
     0.212291      1.84232      10.1282      32.3064      71.3835      115.852
      146.069      145.190      114.345      70.5542      33.5923      11.7882
      2.96610     0.567330     0.187206     0.122653     0.111011    0.0981667
    0.0825720    0.0751891    0.0616839    0.0692188    0.0514401    0.0651848
    0.0665682    0.0620023    0.0499584    0.0530284    0.0669367    0.0677973
    0.0506756    0.0498383    0.0451003    0.0448652    0.0421047    0.0316433
    0.0431901    0.0477519    0.0394518    0.0463195    0.0405393    0.0341526
    0.0376969    0.0287616    0.0252704    0.0260411    0.0239168    0.0214728
    0.0278521    0.0348439    0.0257253    0.0218801    0.0331112    0.0358991
    0.0301510    0.0378701    0.0492415    0.0535134    0.0413309    0.0336401
    0.0401274    0.0265093    0.0369248    0.0312404    0.0192306    0.0135545
    0.0221698    0.0154977    0.0276380    0.0279838    0.0323201    0.0239000
    0.0334044    0.0425499    0.0285845    0.0260665    0.0322787    0.0265813
    0.0343925    0.0354824    0.0219041    0.0226289    0.0437998    0.0387540
    0.0338754    0.0308308    0.0367218    0.0345621    0.0340157    0.0499452
    0.0432282    0.0336396    0.0257162    0.0365189    0.0293389    0.0328091
    0.0300527    0.0200885    0.0235667    0.0174497    0.0166866    0.0197492
    0.0211864    0.0160520    0.0161541    0.0154426    0.0237539    0.0479117
    0.0400678    0.0270529    0.0185954    0.0182509    0.0172522    0.0156966
    0.0351872    0.0397814    0.0493906    0.0568421    0.0342304    0.0370849
    0.0647642    0.0734819    0.0530009    0.0260173    0.0364285    0.0512071
    0.0322651    0.0179719    0.0300973    0.0541988    0.0668433    0.0508586
    0.0358608    0.0388460    0.0415703    0.0603797    0.0428307    0.0209589
    0.0307933    0.0358183    0.0470437    0.0412413    0.0380940    0.0254765
    0.0316007    0.0211164    0.0237639    0.0129481    0.0154112    0.0289292
    0.0249540    0.0269866    0.0324930    0.0202866    0.0248419    0.0343005
    0.0436491    0.0430237    0.0370471    0.0469057    0.0316104    0.0113552
    0.0225191    0.0405267    0.0250976    0.0252025    0.0418586    0.0227998
   0.00388965    0.0118771    0.0325074    0.0346069    0.0499935    0.0667717
    0.0629661    0.0484629    0.0329218    0.0317001    0.0240896    0.0168315
    0.0406345    0.0508431    0.0371655    0.0350899    0.0449477    0.0394365
    0.0245948    0.0161922    0.0255651    0.0188800   0.00865488    0.0113728
   0.00160374 -5.06854e-06    0.0103650    0.0230522    0.0151717   0.00237832
  -0.00116772  -0.00647164   0.00308372    0.0141967    0.0235042    0.0261686
    0.0102890  0.000940024
    0.0211658    0.0281081    0.0221496    0.0132776    0.0234314    0.0248115
    0.0234281    0.0184174    0.0167531    0.0189057    0.0275676    0.0200941
    0.0249283    0.0279812    0.0351727    0.0422570    0.0332699    0.0254708
    0.0325028    0.0333682    0.0335378    0.0406382    0.0313688    0.0285983
    0.0289573    0.0341339    0.0444790    0.0416589    0.0439555    0.0424206
    0.0485166    0.0517693    0.0532737    0.0618321    0.0720614    0.0821107
     0.247355      2.00254      10.8137      33.5771      71.4412      115.088
      144.459      142.863      112.993      71.0239      34.5418      12.6406
      3.35886     0.692728     0.194457     0.118666     0.101299     0.112996
     0.105418    0.0795526    0.0667391    0.0635245    0.0556274    0.0511368
    0.0481897    0.0461342    0.0451964    0.0474555    0.0452625    0.0376661
    0.0409658    0.0477679    0.0423052    0.0251733    0.0402836    0.0353530
    0.0329601    0.0294993    0.0340147    0.0351365    0.0225317    0.0282294
    0.0338199    0.0295930    0.0381670    0.0456767    0.0375291    0.0337874
    0.0168021   0.00978224    0.0226805    0.0426646    0.0327046    0.0277790
    0.0279005    0.0210413    0.0227524    0.0411223    0.0409695    0.0270687
    0.0278511    0.0341995    0.0312334    0.0370061    0.0299208    0.0369100
    0.0455670    0.0405684    0.0216619    0.0171019    0.0194217    0.0258139
    0.0231652    0.0262067    0.0280999    0.0295670    0.0391826    0.0388296
    0.0199271    0.0123360    0.0228063    0.0215589    0.0356176    0.0254995
    0.0236739    0.0364618    0.0347596    0.0181069    0.0236339    0.0360866
    0.0528727    0.0683631    0.0604923    0.0379490   0.00639738   0.00624358
    0.0366245    0.0306067    0.0256894    0.0346047    0.0552153    0.0400105
    0.0220623    0.0264540    0.0413307    0.0392715    0.0394026    0.0377593
    0.0469866    0.0368245    0.0362029    0.0489144    0.0302659    0.0353964
    0.0364311    0.0325618    0.0304530    0.0196986   0.00869907    0.0226721
    0.0336469    0.0346587    0.0491005    0.0536997    0.0417249    0.0311989
    0.0352143    0.0386589    0.0247657    0.0213240    0.0248778    0.0193243
    0.0286940    0.0352589    0.0334628    0.0393099    0.0429927    0.0300282
    0.0180864    0.0341831    0.0390251    0.0413770    0.0347998    0.0368834
    0.0474024    0.0448529    0.0430347    0.0381862    0.0416672    0.0364016
    0.0279605    0.0230504    0.0298076    0.0309534    0.0346966    0.0312264
    0.0272751    0.0384184    0.0362380    0.0268771    0.0294108    0.0320387
    0.0229688    0.0258239    0.0371014    0.0416058    0.0438992    0.0389475
    0.0315598    0.0327542    0.0399426    0.0405748    0.0208601    0.0261110
    0.0495623    0.0516046    0.0376776    0.0314891    0.0165483   0.00802541
    0.0393199    0.0394020    0.0232554    0.0241071    0.0330714    0.0388220
    0.0217023    0.0345589    0.0300645    0.0269743    0.0183069    0.0165374
    0.0293180    0.0172013   0.00383260   0.00468908  -0.00495995   0.00730106
    0.0191435    0.0135691    0.0230643    0.0147609   0.00504973  -0.00257480
   0.00620960   0.00381491
    0.0183217    0.0216056    0.0221740    0.0228456    0.0302381    0.0338389
    0.0244513    0.0211766    0.0188940    0.0225915    0.0169873    0.0253407
    0.0256392    0.0303340    0.0274854    0.0237592    0.0183698    0.0351549
    0.0374628    0.0341029    0.0366705    0.0375061    0.0427512    0.0453660
    0.0371604    0.0355728    0.0346452    0.0432417    0.0469282    0.0433113
    0.0493896    0.0480922    0.0512038    0.0592102    0.0578568    0.0778592
     0.267149      2.21298      10.9764      33.7963      71.9691      114.580
      143.065      142.235      112.475      70.8370      35.1591      13.2346
      3.62261     0.748236     0.194813     0.130612     0.110132    0.0976563
     0.100456    0.0875670    0.0684218    0.0693652    0.0667407    0.0698133
    0.0561398    0.0522728    0.0516871    0.0498194    0.0520183    0.0554471
    0.0454119    0.0381713    0.0444390    0.0292439    0.0252484    0.0359898
    0.0361064    0.0391387    0.0374305    0.0327403    0.0388278    0.0272637
    0.0274628    0.0271622    0.0292380    0.0324580    0.0310593    0.0293128
    0.0362576    0.0419779    0.0495081    0.0294058    0.0277018    0.0353403
    0.0411937    0.0312480    0.0321359    0.0338443    0.0396129    0.0319098
    0.0370951    0.0620058    0.0361109    0.0263617    0.0379912    0.0411534
    0.0297342    0.0162239    0.0224777    0.0274664    0.0342138    0.0446447
    0.0360519    0.0441954    0.0443164    0.0347838    0.0372028    0.0201103
    0.0181540    0.0264670    0.0314433    0.0363665    0.0250635    0.0149169
    0.0171017    0.0124708    0.0282003    0.0306319    0.0240839    0.0271715
    0.0362470    0.0346132    0.0285488    0.0240588    0.0196196    0.0164153
    0.0227746    0.0297856    0.0236233    0.0254054    0.0313515    0.0363221
    0.0418395    0.0345313    0.0280125    0.0273439    0.0428909    0.0387176
    0.0235918    0.0241082    0.0378235    0.0352988    0.0300865    0.0273279
    0.0161657    0.0198206    0.0346614    0.0337206    0.0328370    0.0317832
    0.0217443    0.0127054    0.0159549    0.0175502    0.0177017    0.0282956
    0.0506449    0.0407589    0.0383854    0.0494865    0.0330320    0.0301376
    0.0320712    0.0349626    0.0215097    0.0214049    0.0221205    0.0190296
    0.0311978    0.0288869    0.0368283    0.0437647    0.0368848    0.0252057
    0.0290060    0.0337879    0.0492678    0.0491636    0.0450522    0.0357195
    0.0271764    0.0320710    0.0415172    0.0475128    0.0404319    0.0512883
    0.0700046    0.0573693    0.0426293    0.0141766    0.0135530    0.0266531
    0.0360093    0.0355302    0.0281002    0.0252235    0.0442755    0.0265720
    0.0160263    0.0319124    0.0197105    0.0323147    0.0189360    0.0340543
    0.0299971    0.0308257    0.0310092    0.0165358    0.0300960    0.0228165
    0.0161831    0.0184369    0.0364874    0.0414234    0.0273784    0.0179729
    0.0120608    0.0295911    0.0210871    0.0271673    0.0310658    0.0239725
    0.0360271    0.0299050  0.000381131  0.000776840    0.0238749    0.0161418
    0.0315953    0.0449168    0.0262650    0.0166513    0.0210550   0.00987555
    0.0194049  0.000924249
    0.0206670    0.0188059    0.0183379    0.0210953    0.0255113    0.0252386
    0.0195942    0.0173884    0.0167571    0.0140711    0.0184223    0.0220358
    0.0305471    0.0351974    0.0301393    0.0281987    0.0279766    0.0280301
    0.0299261    0.0280490    0.0329706    0.0368553    0.0415786    0.0430676
    0.0326058    0.0348626    0.0312924    0.0460459    0.0520851    0.0557991
    0.0527104    0.0540585    0.0595942    0.0695245    0.0750228    0.0850927
     0.305917      2.40082      11.4953      34.3461      71.8952      114.274
      141.420      139.917      112.058      71.6353      35.7332      13.7277
      3.85190     0.809660     0.219367     0.116244     0.107649     0.111035
     0.108175     0.102073    0.0952517    0.0790516    0.0571674    0.0658544
    0.0712730    0.0592689    0.0464785    0.0381278    0.0482756    0.0456600
    0.0494695    0.0487277    0.0409427    0.0282036    0.0187817    0.0242714
    0.0252745    0.0293886    0.0352541    0.0378139    0.0444681    0.0372742
    0.0359895    0.0421093    0.0356408    0.0407955    0.0395471    0.0410243
    0.0415448    0.0413460    0.0296843    0.0245704    0.0280729    0.0483215
    0.0397764    0.0292871    0.0353687    0.0223903    0.0214886    0.0178969
    0.0218320    0.0371458    0.0341110    0.0295331    0.0315155    0.0330722
    0.0295189    0.0226369    0.0269505    0.0237719    0.0202694    0.0244237
    0.0187010    0.0146405    0.0269909    0.0289267    0.0211449    0.0258882
    0.0236742    0.0208481    0.0236825    0.0283523    0.0301381    0.0218616
    0.0233947    0.0208552    0.0314877    0.0322142    0.0200835    0.0181984
    0.0190643    0.0207531    0.0272536    0.0387752    0.0388288    0.0323019
    0.0278906    0.0193190    0.0139033    0.0272059    0.0429022    0.0389136
    0.0295901    0.0364088    0.0356380    0.0350238    0.0459479    0.0329974
    0.0176115    0.0267249    0.0334422    0.0248643    0.0296912    0.0228708
    0.0197281    0.0254486    0.0273997    0.0317188    0.0297051    0.0286802
    0.0181816    0.0171314    0.0265395    0.0285711    0.0232615    0.0243011
    0.0220726    0.0212901    0.0261159    0.0291497    0.0279598    0.0247339
    0.0331556    0.0249645    0.0263043    0.0405755    0.0246068    0.0223810
    0.0293325    0.0349916    0.0323500    0.0283227    0.0377971    0.0273246
    0.0221105    0.0376035    0.0566790    0.0448871    0.0339938    0.0249397
    0.0282812    0.0366884    0.0412799    0.0355996    0.0359707    0.0196911
    0.0348169    0.0428807    0.0438949    0.0248907    0.0234768    0.0238759
    0.0271350    0.0179475    0.0260656    0.0312306    0.0342312    0.0465636
    0.0602078    0.0530898    0.0319456    0.0595979      0.00000      0.00000
      0.00000      0.00000      0.00000      0.00000      0.00000      0.00000
      0.00000      0.00000      0.00000      0.00000      0.00000      0.00000
      0.00000      0.00000      0.00000      0.00000      0.00000      0.00000
      0.00000      0.00000      0.00000      0.00000      0.00000      0.00000
      0.00000      0.00000      0.00000      0.00000      0.00000      0.00000
      0.00000      0.00000
    0.0149517    0.0171992    0.0200562    0.0186686    0.0200746    0.0251428
    0.0241949    0.0243490    0.0232084    0.0277273    0.0262616    0.0264100
    0.0231542    0.0293524    0.0260170    0.0253880    0.0272412    0.0300238
    0.0339922    0.0268378    0.0285791    0.0300468    0.0368001    0.0419180
    0.0370125    0.0329919    0.0395686    0.0437255    0.0427358    0.0535998
    0.0544534    0.0459910    0.0482784    0.0608280    0.0681340    0.0995426
     0.335464      2.56323      11.9762      35.1871      72.6123      113.257
      139.716      138.323      111.157      71.7842      36.5809      14.4023
      4.12450     0.864057     0.226787     0.136516     0.111647     0.103932
    0.0988144    0.0837580    0.0914868    0.0838291    0.0753206    0.0709542
    0.0697618    0.0559499    0.0450711    0.0534952    0.0597798    0.0475104
    0.0517508    0.0494779    0.0362877    0.0431990    0.0392995    0.0314460
    0.0300882    0.0234734    0.0316267    0.0395423    0.0382511    0.0325426
    0.0294251    0.0312035    0.0328690    0.0349663    0.0323685    0.0299345
    0.0342187    0.0370026    0.0281490    0.0264176    0.0321056    0.0323681
    0.0311090    0.0326564    0.0274945    0.0249403    0.0305309    0.0223045
    0.0227114    0.0225598    0.0172076    0.0231096    0.0318326    0.0267141
    0.0277199    0.0320681    0.0314626    0.0280280    0.0236345    0.0241115
    0.0279039    0.0290065    0.0227893    0.0331813    0.0428666    0.0338246
    0.0233951    0.0279428    0.0308307    0.0227671    0.0115159    0.0198357
    0.0328412    0.0241333    0.0196150    0.0133654    0.0214066    0.0267754
    0.0368642    0.0371470    0.0291420    0.0306740    0.0270633    0.0305622
    0.0379519    0.0409127    0.0277479    0.0228535    0.0317895    0.0278058
    0.0362721    0.0397680    0.0407504    0.0463275    0.0428768    0.0370694
    0.0344259    0.0194595    0.0229054    0.0362588    0.0303097    0.0187987
    0.0250094    0.0253914    0.0143943    0.0138634    0.0330554    0.0233796
   0.00780605    0.0174311    0.0218264    0.0390858    0.0294502    0.0181670
    0.0370715    0.0444968    0.0214034    0.0200824    0.0125955    0.0286699
    0.0400720    0.0270842    0.0149424    0.0199629    0.0178396    0.0182998
    0.0112655    0.0231169      0.00000      0.00000      0.00000      0.00000
      0.00000      0.00000      0.00000      0.00000      0.00000      0.00000
      0.00000      0.00000      0.00000      0.00000      0.00000      0.00000
      0.00000      0.00000      0.00000      0.00000      0.00000      0.00000
      0.00000      0.00000      0.00000      0.00000      0.00000      0.00000
      0.00000      0.00000      0.00000      0.00000      0.00000      0.00000
      0.00000      0.00000      0.00000      0.00000      0.00000      0.00000
      0.00000      0.00000      0.00000      0.00000      0.00000      0.00000
      0.00000      0.00000      0.00000      0.00000      0.00000      0.00000
      0.00000      0.00000      0.00000      0.00000      0.00000      0.00000
      0.00000      0.00000      0.00000      0.00000      0.00000      0.00000
      0.00000      0.00000
    0.0281020    0.0238056    0.0189600    0.0182891    0.0237136    0.0268570
    0.0249569    0.0237437    0.0220596    0.0258311    0.0304546    0.0312159
    0.0257723    0.0327128    0.0258464    0.0250103    0.0283824    0.0217350
    0.0236212    0.0276885    0.0292648    0.0293376    0.0298184    0.0326457
    0.0416625    0.0402723    0.0466291    0.0417582    0.0419418    0.0474606
    0.0516231    0.0556965    0.0643482    0.0677276    0.0762609    0.0927793
     0.379971      2.83638      12.7357      35.6251      72.4769      112.727
      138.437      137.318      110.531      71.8702      37.3078      15.1671
      4.52547     0.958323     0.210105     0.115831     0.101209    0.0952775
    0.0941846    0.0807016    0.0849073    0.0732768    0.0715778    0.0702661
    0.0689274    0.0625920    0.0464335    0.0504520    0.0441152    0.0432990
    0.0481937    0.0524278    0.0481201    0.0460428    0.0426136    0.0398262
    0.0446756    0.0412038    0.0323488    0.0341098    0.0392458    0.0420001
    0.0325706    0.0305196    0.0307146    0.0257683    0.0229146    0.0233880
    0.0240157    0.0277796    0.0271253    0.0364293    0.0507951    0.0450252
    0.0337643    0.0316593    0.0312298    0.0389751    0.0294979    0.0262693
    0.0282008    0.0331945    0.0426530    0.0459362    0.0399025    0.0430331
    0.0423405    0.0387830    0.0280491    0.0256180    0.0233679    0.0288781
    0.0359245    0.0306372    0.0241522    0.0295260    0.0267362    0.0232575
    0.0310654    0.0290949    0.0196616    0.0228363    0.0297689    0.0188293
    0.0166538    0.0164047    0.0300448    0.0279861    0.0351968    0.0373738
    0.0287056    0.0262257    0.0236322    0.0321007    0.0217943    0.0224999
    0.0275870    0.0209845    0.0242318    0.0143908    0.0194531    0.0223854
    0.0225172    0.0245742    0.0344348    0.0281841    0.0260052    0.0295285
   0.00890137   0.00748542    0.0374021    0.0432426      0.00000      0.00000
      0.00000      0.00000      0.00000      0.00000      0.00000      0.00000
      0.00000      0.00000      0.00000      0.00000      0.00000      0.00000
      0.00000      0.00000      0.00000      0.00000      0.00000      0.00000
      0.00000      0.00000      0.00000      0.00000      0.00000      0.00000
      0.00000      0.00000      0.00000      0.00000      0.00000      0.00000
      0.00000      0.00000      0.00000      0.00000      0.00000      0.00000
      0.00000      0.00000      0.00000      0.00000      0.00000      0.00000
      0.00000      0.00000      0.00000      0.00000      0.00000      0.00000
      0.00000      0.00000      0.00000      0.00000      0.00000      0.00000
      0.00000      0.00000      0.00000      0.00000      0.00000      0.00000
      0.00000      0.00000      0.00000      0.00000      0.00000      0.00000
      0.00000      0.00000      0.00000      0.00000      0.00000      0.00000
      0.00000      0.00000      0.00000      0.00000      0.00000      0.00000
      0.00000      0.00000      0.00000      0.00000      0.00000      0.00000
      0.00000      0.00000      0.00000      0.00000      0.00000      0.00000
      0.00000      0.00000
    0.0276804    0.0255224    0.0226505    0.0235155    0.0305203    0.0269961
    0.0222839    0.0215508    0.0254541    0.0235072    0.0240293    0.0251133
    0.0236251    0.0231044    0.0254839    0.0318145    0.0306719    0.0306186
    0.0359388    0.0386498    0.0320928    0.0399867    0.0402256    0.0343763
    0.0317621    0.0433203    0.0497382    0.0446683    0.0510890    0.0459249
    0.0499722    0.0523038    0.0580673    0.0658409    0.0795304     0.105092
     0.483609      3.21554      13.2580      36.5092      72.8164      111.230
      135.978      135.176      109.523      72.2167      38.4750      16.0982
      4.94436      1.08076     0.234571     0.118550     0.110279    0.0912122
    0.0821495    0.0870040    0.0784256    0.0709100    0.0725900    0.0639877
    0.0522080    0.0512256    0.0497996    0.0431362    0.0353073    0.0456995
    0.0541567    0.0441243    0.0364143    0.0337719    0.0350675    0.0427773
    0.0417568    0.0364566    0.0403390    0.0422823    0.0401745    0.0372014
    0.0276319    0.0243487    0.0312090    0.0324315    0.0273133    0.0353448
    0.0360150    0.0342706    0.0333473    0.0392357    0.0342826    0.0283142
    0.0312673    0.0366552    0.0321212    0.0221081    0.0200066    0.0286872
    0.0236400    0.0240408    0.0277100    0.0294617    0.0254093    0.0287433
    0.0222746    0.0201414    0.0293286    0.0326153    0.0284915    0.0270062
    0.0249354    0.0348329    0.0314405    0.0298821    0.0276709    0.0226294
    0.0506643    0.0423956    0.0244420    0.0249506    0.0160132    0.0230166
    0.0455866    0.0442237    0.0413556    0.0302790      0.00000      0.00000
      0.00000      0.00000      0.00000      0.00000      0.00000      0.00000
      0.00000      0.00000      0.00000      0.00000      0.00000      0.00000
      0.00000      0.00000      0.00000      0.00000      0.00000      0.00000
      0.00000      0.00000      0.00000      0.00000      0.00000      0.00000
      0.00000      0.00000      0.00000      0.00000      0.00000      0.00000
      0.00000      0.00000      0.00000      0.00000      0.00000      0.00000
      0.00000      0.00000      0.00000      0.00000      0.00000      0.00000
      0.00000      0.00000      0.00000      0.00000      0.00000      0.00000
      0.00000      0.00000      0.00000      0.00000      0.00000      0.00000
      0.00000      0.00000      0.00000      0.00000      0.00000      0.00000
      0.00000      0.00000      0.00000      0.00000      0.00000      0.00000
      0.00000      0.00000      0.00000      0.00000      0.00000      0.00000
      0.00000      0.00000      0.00000      0.00000      0.00000      0.00000
      0.00000      0.00000      0.00000      0.00000      0.00000      0.00000
      0.00000      0.00000      0.00000      0.00000      0.00000      0.00000
      0.00000      0.00000      0.00000      0.00000      0.00000      0.00000
      0.00000      0.00000      0.00000      0.00000      0.00000      0.00000
      0.00000      0.00000      0.00000      0.00000      0.00000      0.00000
      0.00000      0.00000      0.00000      0.00000      0.00000      0.00000
      0.00000      0.00000
    0.0266868    0.0251065    0.0248728    0.0306896    0.0319773    0.0299524
    0.0254662    0.0249731    0.0252961    0.0321346    0.0294071    0.0287277
    0.0309444    0.0196614    0.0276884    0.0303679    0.0203939    0.0230048
    0.0252857    0.0381317    0.0447598    0.0492151    0.0469169    0.0423787
    0.0443407    0.0459228    0.0482905    0.0418293    0.0480702    0.0547297
    0.0515802    0.0505621    0.0578346    0.0628799    0.0695958     0.104447
     0.535442      3.46909      14.0042      37.2575      72.6326      110.431
      134.899      133.816      108.803      72.4059      39.1948      16.5777
      5.15807      1.15185     0.245750     0.129650     0.109256    0.0910127
    0.0804938    0.0749783    0.0803959    0.0725145    0.0584559    0.0671771
    0.0571137    0.0429189    0.0366575    0.0350208    0.0466895    0.0512306
    0.0528971    0.0481185    0.0375310    0.0323612    0.0338396    0.0388107
    0.0346212    0.0314867    0.0386040    0.0362441    0.0310982    0.0268574
    0.0316167    0.0368615    0.0358517    0.0323636    0.0253071    0.0281995
    0.0292777    0.0297839    0.0365679    0.0281134    0.0353832    0.0300321
    0.0335082    0.0406419    0.0420542    0.0333454    0.0380893    0.0300436
    0.0180715    0.0198673    0.0303715    0.0309056    0.0209707    0.0169851
      0.00000      0.00000      0.00000      0.00000      0.00000      0.00000
      0.00000      0.00000      0.00000      0.00000      0.00000      0.00000
      0.00000      0.00000      0.00000      0.00000      0.00000      0.00000
      0.00000      0.00000      0.00000      0.00000      0.00000      0.00000
      0.00000      0.00000      0.00000      0.00000      0.00000      0.00000
      0.00000      0.00000      0.00000      0.00000      0.00000      0.00000
      0.00000      0.00000      0.00000      0.00000      0.00000      0.00000
      0.00000      0.00000      0.00000      0.00000      0.00000      0.00000
      0.00000      0.00000      0.00000      0.00000      0.00000      0.00000
      0.00000      0.00000      0.00000      0.00000      0.00000      0.00000
      0.00000      0.00000      0.00000      0.00000      0.00000      0.00000
      0.00000      0.00000      0.00000      0.00000      0.00000      0.00000
      0.00000      0.00000      0.00000      0.00000      0.00000      0.00000
      0.00000      0.00000      0.00000      0.00000      0.00000      0.00000
      0.00000      0.00000      0.00000      0.00000      0.00000      0.00000
      0.00000      0.00000      0.00000      0.00000      0.00000      0.00000
      0.00000      0.00000      0.00000      0.00000      0.00000      0.00000
      0.00000      0.00000      0.00000      0.00000      0.00000      0.00000
      0.00000      0.00000      0.00000      0.00000      0.00000      0.00000
      0.00000      0.00000      0.00000      0.00000      0.00000      0.00000
      0.00000      0.00000      0.00000      0.00000      0.00000      0.00000
      0.00000      0.00000      0.00000      0.00000      0.00000      0.00000
      0.00000      0.00000      0.00000      0.00000      0.00000      0.00000
      0.00000      0.00000
    0.0268601    0.0311535    0.0264477    0.0223639    0.0250573    0.0264770
    0.0239429    0.0299141    0.0290472    0.0272090    0.0270844    0.0287323
    0.0202463    0.0275530    0.0320728    0.0298623    0.0316648    0.0332812
    0.0306919    0.0341083    0.0353828    0.0347990    0.0376124    0.0430869
    0.0439941    0.0412217    0.0406507    0.0436758    0.0401866    0.0466870
    0.0568653    0.0556032    0.0576064    0.0596765    0.0687064     0.113576
     0.632247      3.86776      14.7043      37.8182      72.6570      109.710
      133.101      132.143      108.244      73.2538      39.9635      17.0394
      5.43865      1.28165     0.275004     0.130202     0.108239     0.101708
    0.0756701    0.0742631    0.0719031    0.0550682    0.0602187    0.0579483
    0.0473476    0.0542960    0.0486273    0.0396482    0.0432540    0.0438704
    0.0421749    0.0408070    0.0442487    0.0439690    0.0430827    0.0415333
    0.0449201    0.0414783    0.0487299    0.0463436    0.0383474    0.0416754
    0.0302969    0.0205080    0.0275299    0.0350334      0.00000      0.00000
      0.00000      0.00000      0.00000      0.00000      0.00000      0.00000
      0.00000      0.00000      0.00000      0.00000      0.00000      0.00000
      0.00000      0.00000      0.00000      0.00000      0.00000      0.00000
      0.00000      0.00000      0.00000      0.00000      0.00000      0.00000
      0.00000      0.00000      0.00000      0.00000      0.00000      0.00000
      0.00000      0.00000      0.00000      0.00000      0.00000      0.00000
      0.00000      0.00000      0.00000      0.00000      0.00000      0.00000
      0.00000      0.00000      0.00000      0.00000      0.00000      0.00000
      0.00000      0.00000      0.00000      0.00000      0.00000      0.00000
      0.00000      0.00000      0.00000      0.00000      0.00000      0.00000
      0.00000      0.00000      0.00000      0.00000      0.00000      0.00000
      0.00000      0.00000      0.00000      0.00000      0.00000      0.00000
      0.00000      0.00000      0.00000      0.00000      0.00000      0.00000
      0.00000      0.00000      0.00000      0.00000      0.00000      0.00000
      0.00000      0.00000      0.00000      0.00000      0.00000      0.00000
      0.00000      0.00000      0.00000      0.00000      0.00000      0.00000
      0.00000      0.00000      0.00000      0.00000      0.00000      0.00000
      0.00000      0.00000      0.00000      0.00000      0.00000      0.00000
      0.00000      0.00000      0.00000      0.00000      0.00000      0.00000
      0.00000      0.00000      0.00000      0.00000      0.00000      0.00000
      0.00000      0.00000      0.00000      0.00000      0.00000      0.00000
      0.00000      0.00000      0.00000      0.00000      0.00000      0.00000
      0.00000      0.00000      0.00000      0.00000      0.00000      0.00000
      0.00000      0.00000      0.00000      0.00000      0.00000      0.00000
      0.00000      0.00000      0.00000      0.00000      0.00000      0.00000
      0.00000      0.00000      0.00000      0.00000      0.00000      0.00000
      0.00000      0.00000
    0.0203707    0.0179806    0.0234895    0.0262890    0.0276449    0.0297195
    0.0269860    0.0338191    0.0343950    0.0271009    0.0259533    0.0305629
    0.0297927    0.0301238    0.0325930    0.0310469    0.0247303    0.0231060
    0.0314172    0.0350142    0.0349037    0.0309205    0.0284727    0.0342007
    0.0393743    0.0483804    0.0509469    0.0479183    0.0523498    0.0533750
    0.0521401    0.0535443    0.0576331    0.0545169    0.0700908     0.147916
     0.740640      4.09414      15.0234      38.2699      72.7588      109.032
      131.909      131.077      107.655      73.2164      40.5363      17.8029
      5.65839      1.21802     0.241035     0.131937     0.116740    0.0904578
    0.0829551    0.0824284    0.0736434    0.0729800    0.0672163    0.0653746
    0.0579057    0.0568142    0.0501123    0.0487246    0.0442528      0.00000
      0.00000      0.00000      0.00000      0.00000      0.00000      0.00000
      0.00000      0.00000      0.00000      0.00000      0.00000      0.00000
      0.00000      0.00000      0.00000      0.00000      0.00000      0.00000
      0.00000      0.00000      0.00000      0.00000      0.00000      0.00000
      0.00000      0.00000      0.00000      0.00000      0.00000      0.00000
      0.00000      0.00000      0.00000      0.00000      0.00000      0.00000
      0.00000      0.00000      0.00000      0.00000      0.00000      0.00000
      0.00000      0.00000      0.00000      0.00000      0.00000      0.00000
      0.00000      0.00000      0.00000      0.00000      0.00000      0.00000
      0.00000      0.00000      0.00000      0.00000      0.00000      0.00000
      0.00000      0.00000      0.00000      0.00000      0.00000      0.00000
      0.00000      0.00000      0.00000      0.00000      0.00000      0.00000
      0.00000      0.00000      0.00000      0.00000      0.00000      0.00000
      0.00000      0.00000      0.00000      0.00000      0.00000      0.00000
      0.00000      0.00000      0.00000      0.00000      0.00000      0.00000
      0.00000      0.00000      0.00000      0.00000      0.00000      0.00000
      0.00000      0.00000      0.00000      0.00000      0.00000      0.00000
      0.00000      0.00000      0.00000      0.00000      0.00000      0.00000
      0.00000      0.00000      0.00000      0.00000      0.00000      0.00000
      0.00000      0.00000      0.00000      0.00000      0.00000      0.00000
      0.00000      0.00000      0.00000      0.00000      0.00000      0.00000
      0.00000      0.00000      0.00000      0.00000      0.00000      0.00000
      0.00000      0.00000      0.00000      0.00000      0.00000      0.00000
      0.00000      0.00000      0.00000      0.00000      0.00000      0.00000
      0.00000      0.00000      0.00000      0.00000      0.00000      0.00000
      0.00000      0.00000      0.00000      0.00000      0.00000      0.00000
      0.00000      0.00000      0.00000      0.00000      0.00000      0.00000
      0.00000      0.00000      0.00000      0.00000      0.00000      0.00000
      0.00000      0.00000      0.00000      0.00000      0.00000      0.00000
      0.00000      0.00000
    0.0284383    0.0286669    0.0265010    0.0244175    0.0239602    0.0259104
    0.0247050    0.0279940    0.0309422    0.0311359    0.0333678    0.0309251
    0.0342911    0.0339026    0.0268239    0.0250766    0.0286825    0.0299137
    0.0293404    0.0263568    0.0299516    0.0338351    0.0351099    0.0400921
    0.0497609    0.0509767    0.0472456    0.0478871    0.0486858    0.0487283
    0.0476610    0.0548673    0.0593956    0.0535048    0.0685201     0.126806
     0.741053      4.26158      15.7073      39.1971      73.0190      108.040
      129.433      129.380      107.450      73.4836      40.7786      17.5539
      0.00000      0.00000      0.00000      0.00000      0.00000      0.00000
      0.00000      0.00000      0.00000      0.00000      0.00000      0.00000
      0.00000      0.00000      0.00000      0.00000      0.00000      0.00000
      0.00000      0.00000      0.00000      0.00000      0.00000      0.00000
      0.00000      0.00000      0.00000      0.00000      0.00000      0.00000
      0.00000      0.00000      0.00000      0.00000      0.00000      0.00000
      0.00000      0.00000      0.00000      0.00000      0.00000      0.00000
      0.00000      0.00000      0.00000      0.00000      0.00000      0.00000
      0.00000      0.00000      0.00000      0.00000      0.00000      0.00000
      0.00000      0.00000      0.00000      0.00000      0.00000      0.00000
      0.00000      0.00000      0.00000      0.00000      0.00000      0.00000
      0.00000      0.00000      0.00000      0.00000      0.00000      0.00000
      0.00000      0.00000      0.00000      0.00000      0.00000      0.00000
      0.00000      0.00000      0.00000      0.00000      0.00000      0.00000
      0.00000      0.00000      0.00000      0.00000      0.00000      0.00000
      0.00000      0.00000      0.00000      0.00000      0.00000      0.00000
      0.00000      0.00000      0.00000      0.00000      0.00000      0.00000
      0.00000      0.00000      0.00000      0.00000      0.00000      0.00000
      0.00000      0.00000      0.00000      0.00000      0.00000      0.00000
      0.00000      0.00000      0.00000      0.00000      0.00000      0.00000
      0.00000      0.00000      0.00000      0.00000      0.00000      0.00000
      0.00000      0.00000      0.00000      0.00000      0.00000      0.00000
      0.00000      0.00000      0.00000      0.00000      0.00000      0.00000
      0.00000      0.00000      0.00000      0.00000      0.00000      0.00000
      0.00000      0.00000      0.00000      0.00000      0.00000      0.00000
      0.00000      0.00000      0.00000      0.00000      0.00000      0.00000
      0.00000      0.00000      0.00000      0.00000      0.00000      0.00000
      0.00000      0.00000      0.00000      0.00000      0.00000      0.00000
      0.00000      0.00000      0.00000      0.00000      0.00000      0.00000
      0.00000      0.00000      0.00000      0.00000      0.00000      0.00000
      0.00000      0.00000      0.00000      0.00000      0.00000      0.00000
      0.00000      0.00000      0.00000      0.00000      0.00000      0.00000
      0.00000      0.00000
    0.0336313    0.0331988    0.0253912    0.0242887    0.0269730    0.0314123
    0.0293725    0.0299782    0.0299500    0.0291798    0.0286675    0.0259510
    0.0255693    0.0257820    0.0254289    0.0273816    0.0353274    0.0362042
    0.0325646    0.0376640    0.0378454    0.0411166    0.0355606    0.0365172
    0.0439608    0.0437027    0.0453493    0.0411433    0.0443573    0.0482852
    0.0441525    0.0405467    0.0494947    0.0516706      0.00000      0.00000
      0.00000      0.00000      0.00000      0.00000      0.00000      0.00000
      0.00000      0.00000      0.00000      0.00000      0.00000      0.00000
      0.00000      0.00000      0.00000      0.00000      0.00000      0.00000
      0.00000      0.00000      0.00000      0.00000      0.00000      0.00000
      0.00000      0.00000      0.00000      0.00000      0.00000      0.00000
      0.00000      0.00000      0.00000      0.00000      0.00000      0.00000
      0.00000      0.00000      0.00000      0.00000      0.00000      0.00000
      0.00000      0.00000      0.00000      0.00000      0.00000      0.00000
      0.00000      0.00000      0.00000      0.00000      0.00000      0.00000
      0.00000      0.00000      0.00000      0.00000      0.00000      0.00000
      0.00000      0.00000      0.00000      0.00000      0.00000      0.00000
      0.00000      0.00000      0.00000      0.00000      0.00000      0.00000
      0.00000      0.00000      0.00000      0.00000      0.00000      0.00000
      0.00000      0.00000      0.00000      0.00000      0.00000      0.00000
      0.00000      0.00000      0.00000      0.00000      0.00000      0.00000
      0.00000      0.00000      0.00000      0.00000      0.00000      0.00000
      0.00000      0.00000      0.00000      0.00000      0.00000      0.00000
      0.00000      0.00000      0.00000      0.00000      0.00000      0.00000
      0.00000      0.00000      0.00000      0.00000      0.00000      0.00000
      0.00000      0.00000      0.00000      0.00000      0.00000      0.00000
      0.00000      0.00000      0.00000      0.00000      0.00000      0.00000
      0.00000      0.00000      0.00000      0.00000      0.00000      0.00000
      0.00000      0.00000      0.00000      0.00000      0.00000      0.00000
      0.00000      0.00000      0.00000      0.00000      0.00000      0.00000
      0.00000      0.00000      0.00000      0.00000      0.00000      0.00000
      0.00000      0.00000      0.00000      0.00000      0.00000      0.00000
      0.00000      0.00000      0.00000      0.00000      0.00000      0.00000
      0.00000      0.00000      0.00000      0.00000      0.00000      0.00000
      0.00000      0.00000      0.00000      0.00000      0.00000      0.00000
      0.00000      0.00000      0.00000      0.00000      0.00000      0.00000
      0.00000      0.00000      0.00000      0.00000      0.00000      0.00000
      0.00000      0.00000      0.00000      0.00000      0.00000      0.00000
      0.00000      0.00000      0.00000      0.00000      0.00000      0.00000
      0.00000      0.00000      0.00000      0.00000      0.00000      0.00000
      0.00000      0.00000
    0.0240446    0.0236445    0.0254275    0.0319031    0.0228595    0.0211378
    0.0232968    0.0260757    0.0283791    0.0314225    0.0278281    0.0267291
    0.0294157    0.0273831    0.0253846    0.0328267    0.0377703    0.0304386
    0.0352249    0.0353514      0.00000      0.00000      0.00000      0.00000
      0.00000      0.00000      0.00000      0.00000      0.00000      0.00000
      0.00000      0.00000      0.00000      0.00000      0.00000      0.00000
      0.00000      0.00000      0.00000      0.00000      0.00000      0.00000
      0.00000      0.00000      0.00000      0.00000      0.00000      0.00000
      0.00000      0.00000      0.00000      0.00000      0.00000      0.00000
      0.00000      0.00000      0.00000      0.00000      0.00000      0.00000
      0.00000      0.00000      0.00000      0.00000      0.00000      0.00000
      0.00000      0.00000      0.00000      0.00000      0.00000      0.00000
      0.00000      0.00000      0.00000      0.00000      0.00000      0.00000
      0.00000      0.00000      0.00000      0.00000      0.00000      0.00000
      0.00000      0.00000      0.00000      0.00000      0.00000      0.00000
      0.00000      0.00000      0.00000      0.00000      0.00000      0.00000
      0.00000      0.00000      0.00000      0.00000      0.00000      0.00000
      0.00000      0.00000      0.00000      0.00000      0.00000      0.00000
      0.00000      0.00000      0.00000      0.00000      0.00000      0.00000
      0.00000      0.00000      0.00000      0.00000      0.00000      0.00000
      0.00000      0.00000      0.00000      0.00000      0.00000      0.00000
      0.00000      0.00000      0.00000      0.00000      0.00000      0.00000
      0.00000      0.00000      0.00000      0.00000      0.00000      0.00000
      0.00000      0.00000      0.00000      0.00000      0.00000      0.00000
      0.00000      0.00000      0.00000      0.00000      0.00000      0.00000
      0.00000      0.00000      0.00000      0.00000      0.00000      0.00000
      0.00000      0.00000      0.00000      0.00000      0.00000      0.00000
      0.00000      0.00000      0.00000      0.00000      0.00000      0.00000
      0.00000      0.00000      0.00000      0.00000      0.00000      0.00000
      0.00000      0.00000      0.00000      0.00000      0.00000      0.00000
      0.00000      0.00000      0.00000      0.00000      0.00000      0.00000
      0.00000      0.00000      0.00000      0.00000      0.00000      0.00000
      0.00000      0.00000      0.00000      0.00000      0.00000      0.00000
      0.00000      0.00000      0.00000      0.00000      0.00000      0.00000
      0.00000      0.00000      0.00000      0.00000      0.00000      0.00000
      0.00000      0.00000      0.00000      0.00000      0.00000      0.00000
      0.00000      0.00000      0.00000      0.00000      0.00000      0.00000
      0.00000      0.00000      0.00000      0.00000      0.00000      0.00000
      0.00000      0.00000      0.00000      0.00000      0.00000      0.00000
      0.00000      0.00000      0.00000      0.00000      0.00000      0.00000
      0.00000      0.00000
    0.0284204    0.0220970    0.0233542    0.0256350    0.0225035    0.0235495
    0.0312201    0.0292050      0.00000      0.00000      0.00000      0.00000
      0.00000      0.00000      0.00000      0.00000      0.00000      0.00000
      0.00000      0.00000      0.00000      0.00000      0.00000      0.00000
      0.00000      0.00000      0.00000      0.00000      0.00000      0.00000
      0.00000      0.00000      0.00000      0.00000      0.00000      0.00000
      0.00000      0.00000      0.00000      0.00000      0.00000      0.00000
      0.00000      0.00000      0.00000      0.00000      0.00000      0.00000
      0.00000      0.00000      0.00000      0.00000      0.00000      0.00000
      0.00000      0.00000      0.00000      0.00000      0.00000      0.00000
      0.00000      0.00000      0.00000      0.00000      0.00000      0.00000
      0.00000      0.00000      0.00000      0.00000      0.00000      0.00000
      0.00000      0.00000      0.00000      0.00000      0.00000      0.00000
      0.00000      0.00000      0.00000      0.00000      0.00000      0.00000
      0.00000      0.00000      0.00000      0.00000      0.00000      0.00000
      0.00000      0.00000      0.00000      0.00000      0.00000      0.00000
      0.00000      0.00000      0.00000      0.00000      0.00000      0.00000
      0.00000      0.00000      0.00000      0.00000      0.00000      0.00000
      0.00000      0.00000      0.00000      0.00000      0.00000      0.00000
      0.00000      0.00000      0.00000      0.00000      0.00000      0.00000
      0.00000      0.00000      0.00000      0.00000      0.00000      0.00000
      0.00000      0.00000      0.00000      0.00000      0.00000      0.00000
      0.00000      0.00000      0.00000      0.00000      0.00000      0.00000
      0.00000      0.00000      0.00000      0.00000      0.00000      0.00000
      0.00000      0.00000      0.00000      0.00000      0.00000      0.00000
      0.00000      0.00000      0.00000      0.00000      0.00000      0.00000
      0.00000      0.00000      0.00000      0.00000      0.00000      0.00000
      0.00000      0.00000      0.00000      0.00000      0.00000      0.00000
      0.00000      0.00000      0.00000      0.00000      0.00000      0.00000
      0.00000      0.00000      0.00000      0.00000      0.00000      0.00000
      0.00000      0.00000      0.00000      0.00000      0.00000      0.00000
      0.00000      0.00000      0.00000      0.00000      0.00000      0.00000
      0.00000      0.00000      0.00000      0.00000      0.00000      0.00000
      0.00000      0.00000      0.00000      0.00000      0.00000      0.00000
      0.00000      0.00000      0.00000      0.00000      0.00000      0.00000
      0.00000      0.00000      0.00000      0.00000      0.00000      0.00000
      0.00000      0.00000      0.00000      0.00000      0.00000      0.00000
      0.00000      0.00000      0.00000      0.00000      0.00000      0.00000
      0.00000      0.00000      0.00000      0.00000      0.00000      0.00000
      0.00000      0.00000      0.00000      0.00000      0.00000      0.00000
      0.00000      0.00000
