     -1.00000     -1.00000     -1.00000     -1.00000     -1.00000     -1.00000
     -1.00000     -1.00000     -1.00000     -1.00000     -1.00000     -1.00000
     -1.00000     -1.00000     -1.00000     -1.00000     -1.00000     -1.00000
     -1.00000     -1.00000     -1.00000     -1.00000     -1.00000     -1.00000
     -1.00000     -1.00000     -1.00000     -1.00000     -1.00000     -1.00000
     -1.00000     -1.00000     -1.00000     -1.00000     -1.00000     -1.00000
     -1.00000     -1.00000     -1.00000     -1.00000     -1.00000     -1.00000
     -1.00000     -1.00000     -1.00000     -1.00000     -1.00000     -1.00000
     -1.00000     -1.00000     -1.00000     -1.00000     -1.00000     -1.00000
     -1.00000     -1.00000     -1.00000     -1.00000     -1.00000     -1.00000
     -1.00000     -1.00000     -1.00000     -1.00000     -1.00000     -1.00000
     -1.00000     -1.00000     -1.00000     -1.00000     -1.00000     -1.00000
     -1.00000     -1.00000     -1.00000     -1.00000     -1.00000     -1.00000
     -1.00000     -1.00000     -1.00000     -1.00000     -1.00000     -1.00000
     -1.00000     -1.00000     -1.00000     -1.00000     -1.00000     -1.00000
     -1.00000     -1.00000     -1.00000     -1.00000     -1.00000     -1.00000
     -1.00000     -1.00000     -1.00000     -1.00000     -1.00000     -1.00000
     -1.00000     -1.00000     -1.00000     -1.00000     -1.00000     -1.00000
     -1.00000     -1.00000     -1.00000     -1.00000     -1.00000     -1.00000
     -1.00000     -1.00000     -1.00000     -1.00000     -1.00000     -1.00000
     -1.00000     -1.00000     -1.00000     -1.00000     -1.00000     -1.00000
     -1.00000     -1.00000     -1.00000     -1.00000     -1.00000     -1.00000
     -1.00000     -1.00000     -1.00000     -1.00000     -1.00000     -1.00000
     -1.00000     -1.00000     -1.00000     -1.00000     -1.00000     -1.00000
     -1.00000     -1.00000     -1.00000     -1.00000     -1.00000     -1.00000
     -1.00000     -1.00000     -1.00000     -1.00000     -1.00000     -1.00000
     -1.00000     -1.00000     -1.00000     -1.00000     -1.00000     -1.00000
     -1.00000     -1.00000     -1.00000     -1.00000     -1.00000     -1.00000
     -1.00000     -1.00000     -1.00000     -1.00000     -1.00000     -1.00000
     -1.00000     -1.00000     -1.00000     -1.00000     -1.00000     -1.00000
     -1.00000     -1.00000     -1.00000     -1.00000     -1.00000     -1.00000
     -1.00000     -1.00000     -1.00000     -1.00000     -1.00000     -1.00000
     -1.00000     -1.00000     -1.00000     -1.00000     -1.00000     -1.00000
     -1.00000     -1.00000     -1.00000     -1.00000     -1.00000     -1.00000
     -1.00000     -1.00000     -1.00000     -1.00000     -1.00000     -1.00000
     -1.00000     -1.00000     -1.00000     -1.00000     -1.00000     -1.00000
     -1.00000     -1.00000     -1.00000     -1.00000     -1.00000     -1.00000
     -1.00000     -1.00000     -1.00000     -1.00000     -1.00000     -1.00000
     -1.00000     -1.00000     -1.00000     -1.00000     -1.00000     -1.00000
     -1.00000     -1.00000     -1.00000     -1.00000     -1.00000     -1.00000
     -1.00000     -1.00000
     -1.00000     -1.00000     -1.00000     -1.00000     -1.00000     -1.00000
     -1.00000     -1.00000     -1.00000     -1.00000     -1.00000     -1.00000
     -1.00000     -1.00000     -1.00000     -1.00000     -1.00000     -1.00000
     -1.00000     -1.00000     -1.00000     -1.00000     -1.00000     -1.00000
     -1.00000     -1.00000     -1.00000     -1.00000     -1.00000     -1.00000
     -1.00000     -1.00000     -1.00000     -1.00000     -1.00000     -1.00000
     -1.00000     -1.00000      2.69155      8.48401      20.6492      34.7505
      43.5316      41.7317      30.4237      16.4842      6.91403      2.71643
     -1.00000     -1.00000     -1.00000     -1.00000     -1.00000     -1.00000
     -1.00000     -1.00000     -1.00000     -1.00000     -1.00000     -1.00000
     -1.00000     -1.00000     -1.00000     -1.00000     -1.00000     -1.00000
     -1.00000     -1.00000     -1.00000     -1.00000     -1.00000     -1.00000
     -1.00000     -1.00000     -1.00000     -1.00000     -1.00000     -1.00000
     -1.00000     -1.00000     -1.00000     -1.00000     -1.00000     -1.00000
     -1.00000     -1.00000     -1.00000     -1.00000     -1.00000     -1.00000
     -1.00000     -1.00000     -1.00000     -1.00000     -1.00000     -1.00000
     -1.00000     -1.00000     -1.00000     -1.00000     -1.00000     -1.00000
     -1.00000     -1.00000     -1.00000     -1.00000     -1.00000     -1.00000
     -1.00000     -1.00000     -1.00000     -1.00000     -1.00000     -1.00000
     -1.00000     -1.00000     -1.00000     -1.00000     -1.00000     -1.00000
     -1.00000     -1.00000     -1.00000     -1.00000     -1.00000     -1.00000
     -1.00000     -1.00000     -1.00000     -1.00000     -1.00000     -1.00000
     -1.00000     -1.00000     -1.00000     -1.00000     -1.00000     -1.00000
     -1.00000     -1.00000     -1.00000     -1.00000     -1.00000     -1.00000
     -1.00000     -1.00000     -1.00000     -1.00000     -1.00000     -1.00000
     -1.00000     -1.00000     -1.00000     -1.00000     -1.00000     -1.00000
     -1.00000     -1.00000     -1.00000     -1.00000     -1.00000     -1.00000
     -1.00000     -1.00000     -1.00000     -1.00000     -1.00000     -1.00000
     -1.00000     -1.00000     -1.00000     -1.00000     -1.00000     -1.00000
     -1.00000     -1.00000     -1.00000     -1.00000     -1.00000     -1.00000
     -1.00000     -1.00000     -1.00000     -1.00000     -1.00000     -1.00000
     -1.00000     -1.00000     -1.00000     -1.00000     -1.00000     -1.00000
     -1.00000     -1.00000     -1.00000     -1.00000     -1.00000     -1.00000
     -1.00000     -1.00000     -1.00000     -1.00000     -1.00000     -1.00000
     -1.00000     -1.00000     -1.00000     -1.00000     -1.00000     -1.00000
     -1.00000     -1.00000     -1.00000     -1.00000     -1.00000     -1.00000
     -1.00000     -1.00000     -1.00000     -1.00000     -1.00000     -1.00000
     -1.00000     -1.00000     -1.00000     -1.00000     -1.00000     -1.00000
     -1.00000     -1.00000     -1.00000     -1.00000     -1.00000     -1.00000
     -1.00000     -1.00000     -1.00000     -1.00000     -1.00000     -1.00000
     -1.00000     -1.00000
     -1.00000     -1.00000     -1.00000     -1.00000     -1.00000     -1.00000
     -1.00000     -1.00000     -1.00000     -1.00000     -1.00000     -1.00000
     -1.00000     -1.00000     -1.00000     -1.00000     -1.00000     -1.00000
     -1.00000     -1.00000     -1.00000     -1.00000     -1.00000     -1.00000
     0.226161     0.232703     0.218014     0.209240     0.206012     0.196151
     0.179436     0.169954     0.161318     0.148526     0.145547     0.140228
     0.135329     0.187976     0.576425      1.96030      4.93785      8.93510
      12.1268      12.5945      9.99335      6.10568      2.78483      1.15693
     0.772586     0.758771     0.755294     0.700457     0.606995     0.503827
     0.425133     0.355482     0.291487     0.226347     0.167857     0.123582
    0.0905341    0.0775283    0.0944466    0.0742780     -1.00000     -1.00000
     -1.00000     -1.00000     -1.00000     -1.00000     -1.00000     -1.00000
     -1.00000     -1.00000     -1.00000     -1.00000     -1.00000     -1.00000
     -1.00000     -1.00000     -1.00000     -1.00000     -1.00000     -1.00000
     -1.00000     -1.00000     -1.00000     -1.00000     -1.00000     -1.00000
     -1.00000     -1.00000     -1.00000     -1.00000     -1.00000     -1.00000
     -1.00000     -1.00000     -1.00000     -1.00000     -1.00000     -1.00000
     -1.00000     -1.00000     -1.00000     -1.00000     -1.00000     -1.00000
     -1.00000     -1.00000     -1.00000     -1.00000     -1.00000     -1.00000
     -1.00000     -1.00000     -1.00000     -1.00000     -1.00000     -1.00000
     -1.00000     -1.00000     -1.00000     -1.00000     -1.00000     -1.00000
     -1.00000     -1.00000     -1.00000     -1.00000     -1.00000     -1.00000
     -1.00000     -1.00000     -1.00000     -1.00000     -1.00000     -1.00000
     -1.00000     -1.00000     -1.00000     -1.00000     -1.00000     -1.00000
     -1.00000     -1.00000     -1.00000     -1.00000     -1.00000     -1.00000
     -1.00000     -1.00000     -1.00000     -1.00000     -1.00000     -1.00000
     -1.00000     -1.00000     -1.00000     -1.00000     -1.00000     -1.00000
     -1.00000     -1.00000     -1.00000     -1.00000     -1.00000     -1.00000
     -1.00000     -1.00000     -1.00000     -1.00000     -1.00000     -1.00000
     -1.00000     -1.00000     -1.00000     -1.00000     -1.00000     -1.00000
     -1.00000     -1.00000     -1.00000     -1.00000     -1.00000     -1.00000
     -1.00000     -1.00000     -1.00000     -1.00000     -1.00000     -1.00000
     -1.00000     -1.00000     -1.00000     -1.00000     -1.00000     -1.00000
     -1.00000     -1.00000     -1.00000     -1.00000     -1.00000     -1.00000
     -1.00000     -1.00000     -1.00000     -1.00000     -1.00000     -1.00000
     -1.00000     -1.00000     -1.00000     -1.00000     -1.00000     -1.00000
     -1.00000     -1.00000     -1.00000     -1.00000     -1.00000     -1.00000
     -1.00000     -1.00000     -1.00000     -1.00000     -1.00000     -1.00000
     -1.00000     -1.00000     -1.00000     -1.00000     -1.00000     -1.00000
     -1.00000     -1.00000     -1.00000     -1.00000     -1.00000     -1.00000
     -1.00000     -1.00000
     -1.00000     -1.00000     -1.00000     -1.00000     -1.00000     -1.00000
     -1.00000     -1.00000     -1.00000     -1.00000     -1.00000     -1.00000
    0.0769525    0.0681237    0.0322150    0.0264330    0.0279335    0.0299904
    0.0331525    0.0371408    0.0434747    0.0511438    0.0616543    0.0721877
    0.0813545    0.0933355     0.100050     0.102028     0.102639    0.0983577
    0.0932989    0.0881691    0.0830309    0.0799254    0.0737595    0.0688144
    0.0669235    0.0949479     0.221212     0.502146     0.952581      1.48008
      1.85874      1.87553      1.52446     0.996819     0.542645     0.270287
     0.175329     0.194467     0.242968     0.295042     0.333525     0.353076
     0.360445     0.358555     0.346375     0.324211     0.299744     0.271998
     0.243925     0.215989     0.187318     0.161511     0.142080     0.124328
     0.103703    0.0859969    0.0661436    0.0499877    0.0374671    0.0303261
    0.0249925    0.0246008    0.0222985    0.0248510    0.0262272    0.0250271
    0.0254263    0.0468520    0.0318119     -1.00000     -1.00000     -1.00000
     -1.00000     -1.00000     -1.00000     -1.00000     -1.00000     -1.00000
     -1.00000     -1.00000     -1.00000     -1.00000     -1.00000     -1.00000
     -1.00000     -1.00000     -1.00000     -1.00000     -1.00000     -1.00000
     -1.00000     -1.00000     -1.00000     -1.00000     -1.00000     -1.00000
     -1.00000     -1.00000     -1.00000     -1.00000     -1.00000     -1.00000
     -1.00000     -1.00000     -1.00000     -1.00000     -1.00000     -1.00000
     -1.00000     -1.00000     -1.00000     -1.00000     -1.00000     -1.00000
     -1.00000     -1.00000     -1.00000     -1.00000     -1.00000     -1.00000
     -1.00000     -1.00000     -1.00000     -1.00000     -1.00000     -1.00000
     -1.00000     -1.00000     -1.00000     -1.00000     -1.00000     -1.00000
     -1.00000     -1.00000     -1.00000     -1.00000     -1.00000     -1.00000
     -1.00000     -1.00000     -1.00000     -1.00000     -1.00000     -1.00000
     -1.00000     -1.00000     -1.00000     -1.00000     -1.00000     -1.00000
     -1.00000     -1.00000     -1.00000     -1.00000     -1.00000     -1.00000
     -1.00000     -1.00000     -1.00000     -1.00000     -1.00000     -1.00000
     -1.00000     -1.00000     -1.00000     -1.00000     -1.00000     -1.00000
     -1.00000     -1.00000     -1.00000     -1.00000     -1.00000     -1.00000
     -1.00000     -1.00000     -1.00000     -1.00000     -1.00000     -1.00000
     -1.00000     -1.00000     -1.00000     -1.00000     -1.00000     -1.00000
     -1.00000     -1.00000     -1.00000     -1.00000     -1.00000     -1.00000
     -1.00000     -1.00000     -1.00000     -1.00000     -1.00000     -1.00000
     -1.00000     -1.00000     -1.00000     -1.00000     -1.00000     -1.00000
     -1.00000     -1.00000     -1.00000     -1.00000     -1.00000     -1.00000
     -1.00000     -1.00000     -1.00000     -1.00000     -1.00000     -1.00000
     -1.00000     -1.00000     -1.00000     -1.00000     -1.00000     -1.00000
     -1.00000     -1.00000     -1.00000     -1.00000     -1.00000     -1.00000
     -1.00000     -1.00000
     -1.00000    0.0209510    0.0129688    0.0136007    0.0148201    0.0168181
    0.0187200    0.0206733    0.0229084    0.0240879    0.0258041    0.0260365
    0.0258635    0.0258216    0.0245017    0.0242027    0.0233058    0.0226896
    0.0248340    0.0253585    0.0255097    0.0270784    0.0296529    0.0304529
    0.0326209    0.0348699    0.0374145    0.0391036    0.0411304    0.0445541
    0.0473311    0.0467694    0.0459757    0.0453128    0.0444141    0.0428369
    0.0428720    0.0689971     0.165373     0.342854     0.574358     0.809460
     0.959711     0.964320     0.822623     0.593491     0.362209     0.180887
    0.0756966    0.0447266    0.0432329    0.0456300    0.0527358    0.0682395
    0.0871551     0.110324     0.134637     0.161639     0.188238     0.209909
     0.226226     0.234312     0.229612     0.222837     0.211102     0.195930
     0.183051     0.166615     0.145566     0.126759     0.112126    0.0980009
    0.0846682    0.0734395    0.0657674    0.0587327    0.0491895    0.0399330
    0.0335285    0.0278340    0.0232257    0.0211036    0.0192840    0.0181501
    0.0181121    0.0163010    0.0151593    0.0162844    0.0159920    0.0164531
    0.0156857    0.0140697    0.0132716    0.0132701    0.0155140    0.0169554
    0.0157459    0.0253868     -1.00000     -1.00000     -1.00000     -1.00000
     -1.00000     -1.00000     -1.00000     -1.00000     -1.00000     -1.00000
     -1.00000     -1.00000     -1.00000     -1.00000     -1.00000     -1.00000
     -1.00000     -1.00000     -1.00000     -1.00000     -1.00000     -1.00000
     -1.00000     -1.00000     -1.00000     -1.00000     -1.00000     -1.00000
     -1.00000     -1.00000     -1.00000     -1.00000     -1.00000     -1.00000
     -1.00000     -1.00000     -1.00000     -1.00000     -1.00000     -1.00000
     -1.00000     -1.00000     -1.00000     -1.00000     -1.00000     -1.00000
     -1.00000     -1.00000     -1.00000     -1.00000     -1.00000     -1.00000
     -1.00000     -1.00000     -1.00000     -1.00000     -1.00000     -1.00000
     -1.00000     -1.00000     -1.00000     -1.00000     -1.00000     -1.00000
     -1.00000     -1.00000     -1.00000     -1.00000     -1.00000     -1.00000
     -1.00000     -1.00000     -1.00000     -1.00000     -1.00000     -1.00000
     -1.00000     -1.00000     -1.00000     -1.00000     -1.00000     -1.00000
     -1.00000     -1.00000     -1.00000     -1.00000     -1.00000     -1.00000
     -1.00000     -1.00000     -1.00000     -1.00000     -1.00000     -1.00000
     -1.00000     -1.00000     -1.00000     -1.00000     -1.00000     -1.00000
     -1.00000     -1.00000     -1.00000     -1.00000     -1.00000     -1.00000
     -1.00000     -1.00000     -1.00000     -1.00000     -1.00000     -1.00000
     -1.00000     -1.00000     -1.00000     -1.00000     -1.00000     -1.00000
     -1.00000     -1.00000     -1.00000     -1.00000     -1.00000     -1.00000
     -1.00000     -1.00000     -1.00000     -1.00000     -1.00000     -1.00000
     -1.00000     -1.00000     -1.00000     -1.00000     -1.00000     -1.00000
     -1.00000     -1.00000     -1.00000     -1.00000     -1.00000     -1.00000
     -1.00000     -1.00000
   0.00759522   0.00836478   0.00902635   0.00940742    0.0106200    0.0120609
    0.0134819    0.0141991    0.0163643    0.0174567    0.0185798    0.0187593
    0.0184543    0.0184893    0.0185889    0.0179350    0.0179302    0.0180896
    0.0180373    0.0174315    0.0180627    0.0184180    0.0184942    0.0186127
    0.0195454    0.0194065    0.0205309    0.0208685    0.0214591    0.0234202
    0.0252688    0.0256945    0.0260887    0.0256955    0.0257279    0.0256261
    0.0284873    0.0547716     0.145582     0.305426     0.504498     0.699446
     0.819995     0.819693     0.700400     0.511466     0.314171     0.157449
    0.0649828    0.0331088    0.0297538    0.0284697    0.0272874    0.0273368
    0.0272311    0.0275856    0.0283815    0.0294172    0.0310701    0.0353728
    0.0436539    0.0547368    0.0699439    0.0853632     0.100035     0.117676
     0.134005     0.148308     0.157567     0.160429     0.161421     0.157990
     0.152481     0.147246     0.138694     0.126157     0.110302    0.0938447
    0.0807480    0.0697984    0.0595813    0.0540294    0.0485223    0.0431989
    0.0397241    0.0359111    0.0314474    0.0274209    0.0220760    0.0180980
    0.0162074    0.0145313    0.0147113    0.0154465    0.0159315    0.0151900
    0.0134198    0.0128013    0.0125966    0.0119573    0.0132656    0.0136210
    0.0126634    0.0118447    0.0108261    0.0114495    0.0119067    0.0114222
    0.0106717    0.0113585    0.0125186    0.0129675    0.0116645    0.0115043
    0.0116828    0.0116535    0.0107449    0.0104000     -1.00000     -1.00000
     -1.00000     -1.00000     -1.00000     -1.00000     -1.00000     -1.00000
     -1.00000     -1.00000     -1.00000     -1.00000     -1.00000     -1.00000
     -1.00000     -1.00000     -1.00000     -1.00000     -1.00000     -1.00000
     -1.00000     -1.00000     -1.00000     -1.00000     -1.00000     -1.00000
     -1.00000     -1.00000     -1.00000     -1.00000     -1.00000     -1.00000
     -1.00000     -1.00000     -1.00000     -1.00000     -1.00000     -1.00000
     -1.00000     -1.00000     -1.00000     -1.00000     -1.00000     -1.00000
     -1.00000     -1.00000     -1.00000     -1.00000     -1.00000     -1.00000
     -1.00000     -1.00000     -1.00000     -1.00000     -1.00000     -1.00000
     -1.00000     -1.00000     -1.00000     -1.00000     -1.00000     -1.00000
     -1.00000     -1.00000     -1.00000     -1.00000     -1.00000     -1.00000
     -1.00000     -1.00000     -1.00000     -1.00000     -1.00000     -1.00000
     -1.00000     -1.00000     -1.00000     -1.00000     -1.00000     -1.00000
     -1.00000     -1.00000     -1.00000     -1.00000     -1.00000     -1.00000
     -1.00000     -1.00000     -1.00000     -1.00000     -1.00000     -1.00000
     -1.00000     -1.00000     -1.00000     -1.00000     -1.00000     -1.00000
     -1.00000     -1.00000     -1.00000     -1.00000     -1.00000     -1.00000
     -1.00000     -1.00000     -1.00000     -1.00000     -1.00000     -1.00000
     -1.00000     -1.00000     -1.00000     -1.00000     -1.00000     -1.00000
     -1.00000     -1.00000     -1.00000     -1.00000     -1.00000     -1.00000
     -1.00000     -1.00000
   0.00520881   0.00543770   0.00616479   0.00711052   0.00759398   0.00870663
   0.00983867    0.0103803    0.0113025    0.0108750    0.0110532    0.0120574
    0.0129787    0.0130282    0.0133203    0.0136591    0.0138075    0.0136891
    0.0131386    0.0131918    0.0131793    0.0134367    0.0137388    0.0135392
    0.0131459    0.0129062    0.0137267    0.0153297    0.0156048    0.0152977
    0.0154951    0.0156394    0.0166016    0.0172659    0.0175428    0.0179932
    0.0209631    0.0510062     0.143979     0.297730     0.484581     0.665036
     0.780839     0.780051     0.666890     0.489364     0.303052     0.151922
    0.0592793    0.0255819    0.0207238    0.0201091    0.0197832    0.0197695
    0.0193667    0.0186545    0.0185313    0.0182599    0.0186873    0.0181898
    0.0182347    0.0182154    0.0187367    0.0197373    0.0196830    0.0192765
    0.0219790    0.0279111    0.0350885    0.0442252    0.0563609    0.0681534
    0.0784467    0.0888691    0.0995437     0.105567     0.108971     0.110748
     0.109645     0.107170     0.102822    0.0994460    0.0954098    0.0875559
    0.0796809    0.0707727    0.0625498    0.0546008    0.0474160    0.0425618
    0.0381689    0.0339075    0.0305613    0.0285340    0.0268426    0.0241107
    0.0209621    0.0191362    0.0166503    0.0153596    0.0148120    0.0137995
    0.0125973    0.0120655    0.0127842    0.0123280    0.0124352    0.0118087
    0.0120225    0.0119699    0.0115627    0.0108271    0.0108929    0.0110148
    0.0109000    0.0104108    0.0105819    0.0103697    0.0110513    0.0118186
    0.0107116    0.0110031    0.0120245    0.0113052    0.0115890    0.0116355
    0.0126536    0.0114938    0.0114085    0.0108518    0.0112904    0.0118454
    0.0112681    0.0112488    0.0117212    0.0126051    0.0119690    0.0133199
    0.0295637     -1.00000     -1.00000     -1.00000     -1.00000     -1.00000
     -1.00000     -1.00000     -1.00000     -1.00000     -1.00000     -1.00000
     -1.00000     -1.00000     -1.00000     -1.00000     -1.00000     -1.00000
     -1.00000     -1.00000     -1.00000     -1.00000     -1.00000     -1.00000
     -1.00000     -1.00000     -1.00000     -1.00000     -1.00000     -1.00000
     -1.00000     -1.00000     -1.00000     -1.00000     -1.00000     -1.00000
     -1.00000     -1.00000     -1.00000     -1.00000     -1.00000     -1.00000
     -1.00000     -1.00000     -1.00000     -1.00000     -1.00000     -1.00000
     -1.00000     -1.00000     -1.00000     -1.00000     -1.00000     -1.00000
     -1.00000     -1.00000     -1.00000     -1.00000     -1.00000     -1.00000
     -1.00000     -1.00000     -1.00000     -1.00000     -1.00000     -1.00000
     -1.00000     -1.00000     -1.00000     -1.00000     -1.00000     -1.00000
     -1.00000     -1.00000     -1.00000     -1.00000     -1.00000     -1.00000
     -1.00000     -1.00000     -1.00000     -1.00000     -1.00000     -1.00000
     -1.00000     -1.00000     -1.00000     -1.00000     -1.00000     -1.00000
     -1.00000     -1.00000     -1.00000     -1.00000     -1.00000     -1.00000
     -1.00000     -1.00000     -1.00000     -1.00000     -1.00000     -1.00000
     -1.00000     -1.00000
   0.00472963   0.00478418   0.00600707   0.00713322   0.00674749   0.00702072
   0.00777041   0.00787508   0.00785150   0.00780639   0.00812385   0.00847588
   0.00923375   0.00875767   0.00873470   0.00934640   0.00959588   0.00955389
   0.00927371   0.00918043   0.00926153   0.00921643   0.00886831   0.00859623
   0.00924956   0.00972083   0.00950241   0.00942184   0.00972654    0.0103605
    0.0107345    0.0114918    0.0121762    0.0123198    0.0126071    0.0128166
    0.0158874    0.0443634     0.131018     0.277118     0.457139     0.629780
     0.740569     0.745963     0.643647     0.473793     0.293185     0.147846
    0.0573236    0.0229592    0.0173742    0.0164149    0.0165363    0.0168265
    0.0155294    0.0149135    0.0149001    0.0146933    0.0145532    0.0141295
    0.0144606    0.0144620    0.0136511    0.0137152    0.0133223    0.0133280
    0.0131209    0.0133877    0.0134578    0.0137514    0.0141812    0.0136838
    0.0138104    0.0141870    0.0164044    0.0194147    0.0228655    0.0290692
    0.0367394    0.0434433    0.0503881    0.0578000    0.0624676    0.0664676
    0.0698674    0.0714761    0.0709108    0.0682950    0.0665825    0.0655072
    0.0650787    0.0628255    0.0589666    0.0552729    0.0524058    0.0495936
    0.0444255    0.0361181    0.0308291    0.0274112    0.0228044    0.0220893
    0.0211828    0.0202908    0.0194904    0.0167995    0.0149558    0.0142181
    0.0136860    0.0132072    0.0119388    0.0109420    0.0105267    0.0104011
    0.0105545    0.0102408    0.0109996    0.0106647    0.0102128    0.0104150
    0.0120893    0.0126251    0.0107336    0.0106548    0.0101228    0.0108006
    0.0109573    0.0110100    0.0116506    0.0115952    0.0101636   0.00907990
    0.0107392    0.0121457    0.0126646    0.0118028    0.0111651    0.0112136
    0.0116092    0.0116387    0.0111072    0.0112484    0.0112459    0.0119638
    0.0123274    0.0113202    0.0104733    0.0117784    0.0115031   0.00992773
    0.0112403    0.0114770    0.0116597    0.0115175    0.0113229    0.0111795
    0.0109032    0.0109268    0.0112660    0.0130252    0.0118507    0.0118860
    0.0131224     -1.00000     -1.00000     -1.00000     -1.00000     -1.00000
     -1.00000     -1.00000     -1.00000     -1.00000     -1.00000     -1.00000
     -1.00000     -1.00000     -1.00000     -1.00000     -1.00000     -1.00000
     -1.00000     -1.00000     -1.00000     -1.00000     -1.00000     -1.00000
     -1.00000     -1.00000     -1.00000     -1.00000     -1.00000     -1.00000
     -1.00000     -1.00000     -1.00000     -1.00000     -1.00000     -1.00000
     -1.00000     -1.00000     -1.00000     -1.00000     -1.00000     -1.00000
     -1.00000     -1.00000     -1.00000     -1.00000     -1.00000     -1.00000
     -1.00000     -1.00000     -1.00000     -1.00000     -1.00000     -1.00000
     -1.00000     -1.00000     -1.00000     -1.00000     -1.00000     -1.00000
     -1.00000     -1.00000     -1.00000     -1.00000     -1.00000     -1.00000
     -1.00000     -1.00000     -1.00000     -1.00000     -1.00000     -1.00000
     -1.00000     -1.00000     -1.00000     -1.00000     -1.00000     -1.00000
     -1.00000     -1.00000
   0.00420040   0.00506758   0.00528858   0.00550002   0.00542591   0.00549348
   0.00552413   0.00548164   0.00558056   0.00584217   0.00679990   0.00709293
   0.00735613   0.00654912   0.00668766   0.00731307   0.00713316   0.00705475
   0.00764834   0.00785954   0.00771156   0.00810464   0.00804829   0.00777417
   0.00722947   0.00702334   0.00766773   0.00833021   0.00871407   0.00822424
   0.00800174   0.00799391   0.00894832   0.00932875   0.00956661    0.0107203
    0.0149431    0.0429929     0.126621     0.264066     0.433825     0.599169
     0.708502     0.716017     0.620184     0.459709     0.286983     0.143227
    0.0545225    0.0209700    0.0157153    0.0154001    0.0144258    0.0145045
    0.0150406    0.0138017    0.0132382    0.0128087    0.0129396    0.0131246
    0.0135582    0.0125284    0.0128227    0.0123681    0.0112453    0.0118898
    0.0116089    0.0116181    0.0117916    0.0118413    0.0108641    0.0100048
    0.0104196    0.0108214    0.0115295    0.0118339    0.0115661    0.0107821
    0.0106250    0.0104580    0.0113832    0.0114943    0.0123558    0.0148390
    0.0178250    0.0208487    0.0254264    0.0317262    0.0391283    0.0445831
    0.0474769    0.0495891    0.0520358    0.0534305    0.0528502    0.0527382
    0.0533439    0.0522660    0.0497076    0.0500871    0.0497407    0.0472841
    0.0425820    0.0388580    0.0358879    0.0324951    0.0278844    0.0244740
    0.0222812    0.0192675    0.0193917    0.0177291    0.0171283    0.0161570
    0.0157052    0.0145391    0.0125292    0.0119389    0.0117058    0.0112963
    0.0101515    0.0103179   0.00995240    0.0106643    0.0109506    0.0109610
    0.0103201   0.00955581   0.00971055    0.0112335    0.0114938    0.0105111
    0.0103591    0.0103665    0.0105279    0.0108788    0.0107183    0.0104308
    0.0107070    0.0110135    0.0106587    0.0107621    0.0103262    0.0115428
    0.0121488    0.0112672    0.0105703    0.0110265    0.0119788    0.0112024
    0.0101276    0.0108075    0.0116193    0.0111522    0.0109229    0.0112960
    0.0109056    0.0122872    0.0122498    0.0116111    0.0122528    0.0117603
    0.0109908    0.0105593    0.0113321    0.0120006    0.0120599    0.0115352
    0.0109995    0.0105826    0.0109810    0.0121106    0.0114957    0.0109439
    0.0113794    0.0107378    0.0115574    0.0133233    0.0126727    0.0121312
    0.0136894    0.0133585    0.0127133    0.0128057    0.0127443    0.0104821
    0.0114020    0.0127894    0.0161425     -1.00000     -1.00000     -1.00000
     -1.00000     -1.00000     -1.00000     -1.00000     -1.00000     -1.00000
     -1.00000     -1.00000     -1.00000     -1.00000     -1.00000     -1.00000
     -1.00000     -1.00000     -1.00000     -1.00000     -1.00000     -1.00000
     -1.00000     -1.00000     -1.00000     -1.00000     -1.00000     -1.00000
     -1.00000     -1.00000     -1.00000     -1.00000     -1.00000     -1.00000
     -1.00000     -1.00000     -1.00000     -1.00000     -1.00000     -1.00000
     -1.00000     -1.00000     -1.00000     -1.00000     -1.00000     -1.00000
     -1.00000     -1.00000     -1.00000     -1.00000     -1.00000     -1.00000
     -1.00000     -1.00000
   0.00465887   0.00432476   0.00389648   0.00410027   0.00417574   0.00429211
   0.00452461   0.00477555   0.00487998   0.00502765   0.00548304   0.00557860
   0.00548468   0.00544332   0.00568901   0.00564223   0.00542158   0.00577252
   0.00549421   0.00562988   0.00649655   0.00659878   0.00662060   0.00653185
   0.00662784   0.00660581   0.00712015   0.00702965   0.00732503   0.00718089
   0.00724620   0.00790407   0.00792437   0.00792307   0.00759991   0.00778110
    0.0114533    0.0383726     0.117431     0.248005     0.409058     0.566485
     0.671253     0.676204     0.581165     0.430245     0.266854     0.131603
    0.0501866    0.0193494    0.0142298    0.0130352    0.0131865    0.0125989
    0.0115931    0.0126580    0.0126479    0.0116612    0.0111479    0.0107099
    0.0104544   0.00978695   0.00956062    0.0100019   0.00941042   0.00929345
   0.00943385   0.00971310   0.00977632   0.00986651   0.00946530   0.00875689
   0.00910047   0.00917468   0.00904275   0.00885700   0.00904723   0.00887308
   0.00929493    0.0102424   0.00973180   0.00911711   0.00892949   0.00859052
   0.00913545   0.00823601   0.00855482    0.0100243   0.00944638   0.00893522
   0.00922189   0.00972535    0.0115646    0.0147786    0.0185094    0.0239759
    0.0281009    0.0308610    0.0336907    0.0371922    0.0388888    0.0381743
    0.0370567    0.0362066    0.0362254    0.0373036    0.0374727    0.0374427
    0.0365199    0.0359144    0.0343868    0.0321829    0.0286961    0.0250033
    0.0232280    0.0209359    0.0191423    0.0170219    0.0149588    0.0145809
    0.0141992    0.0141912    0.0140121    0.0139231    0.0133081    0.0120691
    0.0110184    0.0101986    0.0105453    0.0115819    0.0116579    0.0102000
    0.0108509    0.0106412    0.0106946    0.0111472    0.0117127    0.0108724
   0.00964526   0.00958517   0.00964221    0.0105411    0.0103839    0.0107332
    0.0103253   0.00916277    0.0104926    0.0109378    0.0113704    0.0121741
    0.0118993    0.0107266   0.00953560   0.00962815   0.00967595    0.0102225
    0.0106424    0.0113556    0.0111493    0.0109839    0.0117693    0.0120481
    0.0102787    0.0113902    0.0108619    0.0102412    0.0114275    0.0122413
    0.0120570    0.0116907    0.0116890    0.0113386    0.0117645    0.0123377
    0.0133562    0.0119780    0.0124258    0.0125779    0.0108663    0.0126715
    0.0126354    0.0113866    0.0111848    0.0120334    0.0128538    0.0121504
    0.0109281    0.0110064    0.0108324    0.0119087    0.0117921    0.0123143
    0.0131939    0.0127014    0.0135250    0.0132403    0.0130665    0.0135400
    0.0130267    0.0140033    0.0138973    0.0136507    0.0129359    0.0146905
    0.0146290    0.0139423    0.0129340    0.0144185    0.0145853    0.0145660
    0.0137782    0.0139225    0.0138695    0.0145707    0.0154940    0.0154518
    0.0166839    0.0164792    0.0225833     -1.00000     -1.00000     -1.00000
     -1.00000     -1.00000     -1.00000     -1.00000     -1.00000     -1.00000
     -1.00000     -1.00000     -1.00000     -1.00000     -1.00000     -1.00000
     -1.00000     -1.00000     -1.00000     -1.00000     -1.00000     -1.00000
     -1.00000     -1.00000
   0.00403087   0.00396453   0.00383788   0.00428741   0.00416694   0.00406314
   0.00428022   0.00388067   0.00408052   0.00463459   0.00459851   0.00432685
   0.00458390   0.00472571   0.00483829   0.00436274   0.00451430   0.00466615
   0.00492229   0.00504139   0.00509216   0.00535767   0.00482118   0.00511091
   0.00464095   0.00486735   0.00558599   0.00567471   0.00556554   0.00504664
   0.00585903   0.00650334   0.00710353   0.00715804   0.00660785   0.00768311
    0.0106957    0.0357054     0.110133     0.235388     0.391019     0.536165
     0.629201     0.627932     0.536788     0.394718     0.243944     0.119433
    0.0420203    0.0159082    0.0122804    0.0115955    0.0111742    0.0102263
    0.0103102    0.0106535    0.0107371   0.00986624   0.00950782    0.0100214
   0.00839603   0.00805927   0.00921490    0.0101096   0.00923307   0.00913060
   0.00776180   0.00710252   0.00787442   0.00803248   0.00746824   0.00706820
   0.00792732   0.00779746   0.00812243   0.00754223   0.00692939   0.00713471
   0.00814297   0.00821365   0.00790486   0.00848130   0.00719576   0.00753819
   0.00780569   0.00739329   0.00728298   0.00755034   0.00733634   0.00833840
   0.00793268   0.00722440   0.00728167   0.00805851   0.00726956   0.00693060
   0.00802867   0.00930200   0.00921282   0.00841591   0.00779067   0.00909656
    0.0103925    0.0107007    0.0121679    0.0137187    0.0150136    0.0152121
    0.0173278    0.0182540    0.0197468    0.0185818    0.0172577    0.0173829
    0.0173820    0.0188405    0.0204064    0.0188741    0.0192692    0.0178469
    0.0161650    0.0144459    0.0139763    0.0145444    0.0114988    0.0109962
    0.0112064    0.0111927    0.0115371    0.0129017    0.0128141    0.0113062
    0.0104411    0.0103063    0.0106028    0.0106063    0.0117680    0.0119783
    0.0118379    0.0110240    0.0111461    0.0119029    0.0128878    0.0108972
   0.00991856    0.0108242    0.0106713    0.0115113    0.0114934    0.0110920
    0.0111143    0.0103043   0.00977661    0.0101772    0.0106398    0.0102567
   0.00991362    0.0114311    0.0109765   0.00958676    0.0110403    0.0108997
    0.0109627    0.0115630    0.0116287    0.0103729    0.0101484    0.0111408
    0.0113703    0.0116665    0.0110234    0.0107979    0.0109258    0.0117172
    0.0111218    0.0101447    0.0109522    0.0138227    0.0131956    0.0116117
    0.0123298    0.0120797    0.0113469    0.0117975    0.0117224    0.0109612
   0.00956860    0.0107051    0.0116960    0.0107933    0.0118553    0.0125055
    0.0118318    0.0112817    0.0119227    0.0128656    0.0133697    0.0121599
    0.0111813    0.0117654    0.0130448    0.0121560    0.0122653    0.0135756
    0.0140719    0.0143500    0.0151088    0.0132166    0.0128841    0.0123994
    0.0125272    0.0132588    0.0132277    0.0120773    0.0123355    0.0145062
    0.0156062    0.0144362    0.0128854    0.0133978    0.0143725    0.0137182
    0.0144416    0.0150100    0.0165803    0.0157157    0.0142019    0.0131638
    0.0145522    0.0151875    0.0139855    0.0127252    0.0108298    0.0101696
    0.0112105    0.0121154   0.00935711   0.00816504   0.00766739   0.00696039
   0.00700241    0.0105290
   0.00377959   0.00380379   0.00378752   0.00349765   0.00356196   0.00374367
   0.00405937   0.00401773   0.00432676   0.00416856   0.00336340   0.00369842
   0.00417515   0.00439846   0.00434870   0.00387609   0.00423488   0.00386004
   0.00410046   0.00413191   0.00375287   0.00403275   0.00403133   0.00464466
   0.00528598   0.00541082   0.00454413   0.00435439   0.00459460   0.00505880
   0.00593474   0.00634352   0.00608812   0.00646886   0.00558906   0.00741491
    0.0107284    0.0351034     0.110133     0.234945     0.385565     0.523855
     0.608472     0.609111     0.524391     0.387479     0.240829     0.118316
    0.0431611    0.0168418    0.0112205    0.0103624   0.00954336   0.00949841
    0.0103391    0.0108399   0.00965260   0.00963616   0.00872732   0.00843938
   0.00954473   0.00958949   0.00927144   0.00882114   0.00855750   0.00850325
   0.00780206   0.00832746   0.00766334   0.00735267   0.00634845   0.00718087
   0.00804556   0.00672673   0.00672744   0.00664993   0.00722570   0.00774449
   0.00810140   0.00880369   0.00772689   0.00755490   0.00714836   0.00858055
   0.00872139   0.00836443   0.00802086   0.00709190   0.00833045   0.00803759
   0.00879953   0.00904570   0.00655918   0.00636995   0.00743600   0.00764376
   0.00729716   0.00681910   0.00800231   0.00753126   0.00895561   0.00829503
   0.00718958   0.00875062   0.00843144   0.00763916   0.00897170    0.0101078
   0.00950695   0.00878180   0.00875447    0.0103380    0.0105150    0.0104006
    0.0103465    0.0103716   0.00984829    0.0103092   0.00961529   0.00940528
   0.00960587    0.0106604    0.0111996    0.0112654   0.00977150   0.00943790
   0.00943280   0.00975842    0.0107522    0.0108563    0.0111729    0.0104351
    0.0108581    0.0107933    0.0104106    0.0104032    0.0107005    0.0118032
    0.0115783    0.0109079    0.0105464    0.0109976   0.00985505    0.0108791
    0.0115398    0.0124834    0.0115173    0.0100457    0.0102037    0.0131073
    0.0126745    0.0106478    0.0117097    0.0110259    0.0131107    0.0118396
    0.0120143   0.00987753   0.00981271   0.00974166    0.0108261    0.0123214
    0.0113701    0.0120726    0.0115844    0.0121427    0.0119512    0.0118014
    0.0110328    0.0113696    0.0123470    0.0126526    0.0122345    0.0118672
    0.0114688    0.0124317    0.0121075    0.0131750    0.0149903    0.0134235
    0.0133720    0.0138019    0.0123962    0.0128546    0.0126879    0.0118405
    0.0138212    0.0143338    0.0136601    0.0124598    0.0124521    0.0130772
    0.0134560    0.0127416    0.0122034    0.0124023    0.0136762    0.0133862
    0.0122235    0.0126212    0.0130121    0.0147520    0.0147154    0.0128950
    0.0126784    0.0145005    0.0154978    0.0152007    0.0138103    0.0121854
    0.0124366    0.0133454    0.0124266    0.0122039    0.0121042    0.0130424
    0.0131311    0.0131996    0.0121900    0.0115675    0.0125398    0.0122026
    0.0124287    0.0121301    0.0118113    0.0121096    0.0103998   0.00972691
    0.0105268    0.0111868   0.00963650   0.00985556   0.00945168    0.0100696
   0.00885807   0.00828437   0.00718953   0.00670886   0.00810309   0.00801014
   0.00704954   0.00434948
   0.00329366   0.00392064   0.00352472   0.00352760   0.00362930   0.00408575
   0.00333636   0.00378805   0.00412386   0.00376999   0.00374342   0.00379820
   0.00415997   0.00425077   0.00378436   0.00424171   0.00450769   0.00498362
   0.00502619   0.00513636   0.00463560   0.00508694   0.00373741   0.00436237
   0.00495279   0.00519473   0.00518225   0.00475260   0.00497940   0.00567958
   0.00615051   0.00613173   0.00605383   0.00629042   0.00649982   0.00659156
    0.0103398    0.0355612     0.111146     0.230216     0.375269     0.514947
     0.603912     0.608342     0.528411     0.391219     0.241418     0.117698
    0.0435127    0.0181470    0.0126666    0.0108260    0.0109716   0.00893343
   0.00967564   0.00963679    0.0103429    0.0105071   0.00855354   0.00828227
   0.00840643   0.00911051   0.00882599   0.00934313   0.00939919   0.00918545
   0.00793690   0.00749645   0.00700878   0.00751012   0.00764209   0.00729524
   0.00771961   0.00676790   0.00725997   0.00819651   0.00720022   0.00718571
   0.00720705   0.00698211   0.00597223   0.00560207   0.00600131   0.00582860
   0.00798286   0.00773528   0.00695561   0.00674985   0.00734626   0.00734654
   0.00685892   0.00792019   0.00808113   0.00747536   0.00912223   0.00829170
   0.00868880   0.00803464   0.00838760   0.00969096   0.00868216   0.00884888
   0.00897819   0.00836306   0.00938450   0.00862624   0.00823840   0.00932334
   0.00908698   0.00841866   0.00926349    0.0104518   0.00868067   0.00696635
   0.00863800   0.00886244   0.00822769    0.0104620    0.0118584    0.0126042
    0.0118375    0.0112855    0.0110120   0.00964246    0.0114832    0.0116453
    0.0112588    0.0107656   0.00863433    0.0104105    0.0109502    0.0103975
    0.0126320    0.0107716    0.0124207    0.0114421    0.0110774    0.0115990
    0.0139018    0.0121651    0.0127517    0.0130024    0.0126208    0.0142822
    0.0121875    0.0143087    0.0133155    0.0116345    0.0103992    0.0119037
    0.0113474    0.0114342    0.0135724    0.0146618    0.0119676    0.0130559
    0.0139063    0.0135738    0.0114091    0.0110812    0.0120195    0.0135519
    0.0131622    0.0123376    0.0142878    0.0123183    0.0141868    0.0134105
    0.0126598    0.0134643    0.0125538    0.0118422    0.0119550    0.0136816
    0.0140794    0.0115183    0.0142775    0.0129633    0.0137276    0.0137147
    0.0165243    0.0143773    0.0130096    0.0115976    0.0121358    0.0124755
    0.0132499    0.0146010    0.0142607    0.0142933    0.0161074    0.0175524
    0.0175814    0.0142803    0.0159761    0.0143766    0.0152187    0.0139850
    0.0155401    0.0161929    0.0155132    0.0135507    0.0139869    0.0159902
    0.0166801    0.0151652    0.0143506    0.0149173    0.0175969    0.0159629
    0.0180448    0.0170404    0.0156722    0.0180920    0.0135707    0.0131150
    0.0144901    0.0150621    0.0135740    0.0124328    0.0140199    0.0132872
    0.0155787    0.0165362    0.0159725    0.0156882    0.0147003    0.0143472
    0.0136888    0.0121390    0.0137147    0.0123313   0.00729477   0.00881159
    0.0100742    0.0111879   0.00713774   0.00788577   0.00728953   0.00940432
   0.00702129   0.00918728
   0.00335700   0.00365654   0.00406707   0.00365033   0.00446764   0.00427166
   0.00446629   0.00432749   0.00458844   0.00456514   0.00460016   0.00401170
   0.00414283   0.00394447   0.00396100   0.00463591   0.00502463   0.00399784
   0.00402450   0.00413182   0.00463695   0.00492125   0.00459726   0.00417950
   0.00486214   0.00526075   0.00508816   0.00461480   0.00493413   0.00568384
   0.00559435   0.00502437   0.00615962   0.00691512   0.00707229   0.00806762
    0.0110429    0.0356603     0.109669     0.229448     0.377790     0.525255
     0.613089     0.615610     0.529621     0.388547     0.240302     0.117981
    0.0430311    0.0175532    0.0124824    0.0110067    0.0114552    0.0106986
    0.0101585    0.0100775   0.00937532   0.00925223    0.0103734   0.00981052
   0.00890963   0.00878758    0.0106137   0.00953375   0.00868734   0.00867803
   0.00763614   0.00727351   0.00851055   0.00747197   0.00757704   0.00811411
   0.00799953   0.00834262   0.00712701   0.00785883   0.00847822   0.00711908
   0.00821732   0.00776729   0.00770375   0.00819252   0.00837774   0.00879586
   0.00918081   0.00835282   0.00859376   0.00754380   0.00803013   0.00828176
   0.00728465   0.00752285   0.00886168   0.00911175   0.00769244   0.00781989
   0.00723603   0.00690512   0.00929297   0.00852132   0.00894477   0.00989194
   0.00790932   0.00947639   0.00839962   0.00983259   0.00932900   0.00904156
    0.0100703   0.00873851   0.00880496   0.00902031    0.0101878    0.0108483
    0.0107091    0.0108275    0.0100763   0.00791673   0.00939645    0.0108305
    0.0105653   0.00888546    0.0108569   0.00975258    0.0105339    0.0113302
    0.0123094    0.0117702    0.0116581    0.0105859    0.0119599   0.00997855
    0.0105976   0.00973045   0.00959063    0.0104445    0.0118314   0.00925160
   0.00980956    0.0102983    0.0118639    0.0122835    0.0130633    0.0125275
    0.0133668    0.0120830    0.0121383    0.0127993    0.0113769    0.0100175
   0.00919537    0.0117412    0.0135396    0.0128506    0.0132217    0.0121848
    0.0131530    0.0145946    0.0126712    0.0101392    0.0113794    0.0128089
    0.0127931    0.0137907    0.0127861    0.0140706    0.0142579    0.0109455
    0.0110125    0.0136069    0.0116543    0.0120463    0.0164098    0.0160578
    0.0144440    0.0152760    0.0143478    0.0116525    0.0114814    0.0116469
    0.0146804    0.0161225    0.0150565    0.0136442    0.0140581    0.0143477
    0.0158370    0.0154023    0.0148501    0.0142805    0.0164094    0.0181111
    0.0136683    0.0140179    0.0141896    0.0162713    0.0168743    0.0180890
    0.0174365    0.0148932    0.0160598    0.0150778    0.0158437    0.0181500
    0.0149537    0.0140046    0.0152812    0.0167130    0.0186262    0.0172195
    0.0193435    0.0189602    0.0171778    0.0163013    0.0174486    0.0180115
    0.0168909    0.0158707    0.0139475    0.0173755    0.0181627    0.0161536
    0.0138792    0.0119924    0.0149350    0.0130017    0.0135838    0.0125591
    0.0173410    0.0137468    0.0127747    0.0148634    0.0144052    0.0127082
    0.0114067    0.0112114    0.0130257    0.0123312   0.00703535   0.00912435
   0.00730285   0.00658475
   0.00360472   0.00347626   0.00392619   0.00343088   0.00385328   0.00414319
   0.00453703   0.00507956   0.00433299   0.00321746   0.00371977   0.00420755
   0.00461869   0.00465187   0.00470312   0.00400036   0.00355054   0.00459601
   0.00424302   0.00443382   0.00564455   0.00545039   0.00541743   0.00469006
   0.00468896   0.00513630   0.00516198   0.00567327   0.00510089   0.00497969
   0.00611565   0.00670058   0.00684085   0.00645655   0.00706897   0.00694861
    0.0100230    0.0329931     0.108340     0.231174     0.379606     0.521177
     0.608302     0.605373     0.520457     0.383868     0.239137     0.115555
    0.0413294    0.0177421    0.0133017    0.0120841    0.0108154    0.0101289
    0.0101493    0.0104734    0.0104889   0.00999893    0.0100016   0.00977747
   0.00886582   0.00889724   0.00939470    0.0101501   0.00880972    0.0100302
    0.0101790   0.00874691   0.00832363   0.00865732   0.00832823   0.00811581
   0.00774484   0.00803339   0.00886977   0.00850516   0.00799312   0.00831371
   0.00826500   0.00891992   0.00929264   0.00871165   0.00769545   0.00767987
   0.00868507   0.00755394   0.00884057   0.00900822   0.00847955   0.00830408
   0.00863139   0.00901345   0.00787995   0.00784035   0.00869592   0.00845329
    0.0105866   0.00971845   0.00865698   0.00969855   0.00964715   0.00864157
   0.00971393   0.00851564   0.00804558   0.00930329   0.00855160   0.00746082
   0.00935674    0.0102620   0.00973697   0.00979508   0.00984366    0.0109233
    0.0111439    0.0112966    0.0106706    0.0105305    0.0104729    0.0104917
    0.0105759    0.0114032   0.00976089    0.0109522    0.0130675    0.0123532
    0.0106590    0.0113338    0.0124551    0.0100281    0.0105210    0.0123071
    0.0140516    0.0115936    0.0116127    0.0119584    0.0110822    0.0111334
    0.0110194    0.0113660    0.0105820    0.0108151    0.0120708    0.0132353
    0.0121345    0.0113036    0.0128989    0.0139581    0.0125376    0.0136125
    0.0125523    0.0122744    0.0130957    0.0135343    0.0117510    0.0126986
    0.0114649    0.0112515    0.0128701    0.0141371    0.0150063    0.0121209
    0.0128441    0.0144609    0.0149775    0.0161237    0.0137623    0.0119822
    0.0115146    0.0125899    0.0130585    0.0125588    0.0131712    0.0141241
    0.0159704    0.0154474    0.0148903    0.0161832    0.0160463    0.0149111
    0.0134354    0.0129034    0.0123335    0.0138098    0.0156411    0.0159336
    0.0159798    0.0154952    0.0146060    0.0150207    0.0180947    0.0164056
    0.0165766    0.0167595    0.0175913    0.0163543    0.0177376    0.0193889
    0.0171495    0.0146067    0.0146785    0.0165413    0.0167041    0.0196808
    0.0186064    0.0201072    0.0183113    0.0202823    0.0182223    0.0183896
    0.0188679    0.0167003    0.0171836    0.0133832    0.0152212    0.0139548
    0.0144021    0.0127806    0.0172485    0.0166485    0.0118754    0.0151712
    0.0147063    0.0164224    0.0170387    0.0174154    0.0163708    0.0162859
    0.0155241    0.0167587    0.0167896    0.0167327    0.0143980    0.0131577
    0.0140622    0.0130032    0.0140200    0.0108030    0.0100327    0.0102955
   0.00928750   0.00826607
   0.00324963   0.00380158   0.00356797   0.00396235   0.00372795   0.00363611
   0.00340234   0.00366688   0.00415970   0.00430583   0.00437957   0.00406294
   0.00401010   0.00465771   0.00420387   0.00442287   0.00397162   0.00408127
   0.00492403   0.00504477   0.00466372   0.00490994   0.00487569   0.00495036
   0.00571470   0.00511815   0.00538688   0.00591816   0.00555945   0.00666624
   0.00641364   0.00579469   0.00539065   0.00589247   0.00661546   0.00807194
    0.0112026    0.0352491     0.109791     0.231418     0.374832     0.513076
     0.603149     0.607640     0.521541     0.384998     0.238125     0.115728
    0.0422956    0.0174553    0.0123012    0.0119306    0.0109369    0.0104494
   0.00990112   0.00905782   0.00964344   0.00992981    0.0102640   0.00926966
   0.00987623   0.00856287   0.00958999   0.00913903   0.00967090   0.00960624
   0.00890920   0.00902477   0.00943278   0.00946930   0.00746142   0.00850899
   0.00871557   0.00769874   0.00801104   0.00822724   0.00799328   0.00841703
   0.00825767   0.00937356   0.00973667   0.00731610   0.00781910   0.00853917
   0.00895704   0.00997754   0.00845937   0.00850702   0.00783353   0.00680700
   0.00872126   0.00925463   0.00865688   0.00942988   0.00825307   0.00824524
   0.00960841   0.00960560   0.00909397   0.00869630   0.00791481   0.00708137
   0.00814457   0.00827972   0.00895643   0.00909936   0.00994785   0.00938241
   0.00837231   0.00843809   0.00926218   0.00893349   0.00867792   0.00973996
   0.00882937   0.00927980   0.00854058   0.00913383    0.0108355    0.0109646
    0.0102184   0.00995001   0.00916053   0.00952373   0.00985754    0.0114483
    0.0112683    0.0102585    0.0103486    0.0131710    0.0122931    0.0114794
    0.0100753    0.0106894    0.0110428    0.0129185    0.0137624    0.0118027
    0.0109184    0.0119553    0.0123829    0.0126720    0.0129752    0.0119801
    0.0111218    0.0115511    0.0128797    0.0140885    0.0137917    0.0123915
    0.0110317    0.0125332    0.0127529    0.0121370    0.0134822    0.0142454
    0.0160386    0.0125386    0.0137724    0.0130369    0.0127109    0.0168276
    0.0120338    0.0112842    0.0119401    0.0126713    0.0140795    0.0142104
    0.0126049    0.0120327    0.0143888    0.0133214    0.0148319    0.0135752
    0.0134830    0.0130750    0.0132445    0.0147451    0.0134987    0.0127976
    0.0129828    0.0148341    0.0133793    0.0166718    0.0147331    0.0134410
    0.0173079    0.0162827    0.0166482    0.0141547    0.0155162    0.0153357
    0.0144562    0.0150037    0.0200664    0.0192130    0.0159600    0.0166738
    0.0206806    0.0193355    0.0176198    0.0187005    0.0177988    0.0156813
    0.0167690    0.0170678    0.0175404    0.0183039    0.0167690    0.0184890
    0.0182697    0.0178118    0.0175142    0.0147629    0.0149016    0.0197315
    0.0165324    0.0177047    0.0167255    0.0177861    0.0210603    0.0193408
    0.0144307    0.0169775    0.0194148    0.0146975    0.0126070    0.0128245
    0.0133556    0.0145023    0.0139722    0.0151570    0.0139530    0.0159872
    0.0133352    0.0157732    0.0157054    0.0139962    0.0119703   0.00938321
   0.00801903   0.00922163
   0.00351077   0.00330192   0.00352614   0.00406242   0.00333040   0.00401731
   0.00426333   0.00497527   0.00448909   0.00408238   0.00363470   0.00434845
   0.00485544   0.00458770   0.00343842   0.00432849   0.00382148   0.00444102
   0.00449695   0.00443915   0.00505067   0.00502447   0.00439597   0.00513189
   0.00501449   0.00494140   0.00473482   0.00552656   0.00577102   0.00564192
   0.00657838   0.00756216   0.00726429   0.00629821   0.00761047   0.00732640
    0.0115559    0.0365415     0.109758     0.229291     0.375899     0.510876
     0.596296     0.601783     0.514286     0.378200     0.235718     0.116473
    0.0433628    0.0186660    0.0143268    0.0113900   0.00904819    0.0103595
    0.0104034   0.00922276   0.00841582   0.00833741   0.00983111   0.00955881
   0.00973140   0.00979671   0.00950942   0.00850811   0.00888055   0.00898227
   0.00772934   0.00834657   0.00825695   0.00785994   0.00837646   0.00965488
   0.00812619   0.00610848   0.00643789   0.00666760   0.00692269   0.00753932
   0.00729530   0.00832057   0.00721347   0.00734695   0.00700968   0.00752019
   0.00858294   0.00855628   0.00757530   0.00739375   0.00849317   0.00756003
   0.00773581   0.00686836   0.00768708   0.00821463   0.00753440   0.00863907
   0.00848681   0.00833336   0.00845157   0.00963601   0.00870396   0.00721140
   0.00660753   0.00808767   0.00817685   0.00860633    0.0104521   0.00991828
   0.00820943    0.0102343   0.00931904   0.00985076    0.0116103    0.0112289
    0.0100164   0.00836516   0.00825488   0.00795421   0.00708787    0.0103258
   0.00954532    0.0113547   0.00876985   0.00980043    0.0115162    0.0113510
    0.0105678    0.0112398    0.0137590    0.0112532    0.0102340    0.0110134
    0.0112506    0.0120483    0.0110585    0.0115300    0.0122025    0.0118064
    0.0110292    0.0141477    0.0154970    0.0117013    0.0108756    0.0126219
    0.0120710    0.0117656    0.0123566    0.0138185    0.0133910    0.0108542
    0.0132847    0.0137122    0.0132745    0.0122936    0.0115026    0.0124650
    0.0133378    0.0140562    0.0138996    0.0154798    0.0135020    0.0114533
    0.0126146    0.0156900    0.0148328    0.0140755    0.0122917    0.0138345
    0.0145866    0.0140663    0.0135252    0.0136030    0.0141033    0.0127077
    0.0135374    0.0148104    0.0166654    0.0162482    0.0143967    0.0133613
    0.0144002    0.0149276    0.0152356    0.0152836    0.0124391    0.0139926
    0.0163670    0.0180132    0.0165259    0.0170403    0.0170243    0.0159199
    0.0164349    0.0154866    0.0154239    0.0196143    0.0178766    0.0153154
    0.0158105    0.0178228    0.0209584    0.0171211    0.0171725    0.0180385
    0.0191535    0.0167004    0.0181309    0.0151017    0.0158643    0.0189487
    0.0162193    0.0145481    0.0142314    0.0182597    0.0163248    0.0177439
    0.0216016    0.0212221    0.0172077    0.0194753    0.0152151    0.0129918
    0.0158343    0.0169291    0.0189466    0.0148924    0.0166758    0.0197966
    0.0178018    0.0193174    0.0201513    0.0182578    0.0125068    0.0108327
    0.0130398   0.00947053    0.0110637    0.0107043    0.0132962    0.0128662
   0.00876978   0.00651027
   0.00376538   0.00342293   0.00384070   0.00418830   0.00437556   0.00447003
   0.00422956   0.00412745   0.00381226   0.00468908   0.00444113   0.00434262
   0.00446380   0.00488230   0.00482147   0.00478043   0.00444644   0.00415329
   0.00511764   0.00459930   0.00393252   0.00492792   0.00593978   0.00451949
   0.00511056   0.00562461   0.00531751   0.00504346   0.00616545   0.00633652
   0.00584808   0.00626425   0.00647566   0.00668973   0.00731269   0.00778526
    0.0115427    0.0374352     0.110873     0.229025     0.372630     0.504729
     0.591826     0.597075     0.511069     0.374821     0.234345     0.116971
    0.0439138    0.0179803    0.0129855    0.0114835    0.0102984   0.00925871
   0.00886751    0.0108736    0.0100566   0.00901176   0.00915346   0.00879135
   0.00840646   0.00889838   0.00831019   0.00785882   0.00915267   0.00856755
   0.00855218   0.00936027   0.00959033   0.00862388   0.00894492   0.00921165
   0.00891583    0.0106199    0.0103003   0.00750307   0.00646071   0.00795273
   0.00902969   0.00873001   0.00796240   0.00776414   0.00758098   0.00778413
   0.00805121   0.00770823   0.00662974   0.00796505   0.00936906   0.00780113
   0.00744247   0.00874485   0.00847823   0.00861352   0.00928873   0.00752801
   0.00865113   0.00959015   0.00854053   0.00972214   0.00950341   0.00908479
   0.00855711   0.00724832   0.00812477   0.00804415   0.00887122   0.00799162
   0.00785807   0.00870720   0.00766217   0.00822560   0.00918128    0.0111683
   0.00997066    0.0112861    0.0121107   0.00989988   0.00940108   0.00979521
    0.0109908    0.0106961    0.0101789   0.00933382    0.0103266    0.0114446
    0.0113817    0.0109172    0.0108661   0.00862226    0.0100479    0.0116549
    0.0124569    0.0130921    0.0116952    0.0112939    0.0116539    0.0108263
    0.0116156    0.0114457    0.0125035    0.0123744    0.0114770    0.0121364
    0.0117588    0.0129756    0.0126287    0.0147454    0.0131018    0.0130924
    0.0104431    0.0108175    0.0133594    0.0137681    0.0126850    0.0114861
    0.0132318    0.0130126    0.0130459    0.0113000    0.0126045    0.0146857
    0.0136369    0.0114287    0.0130170    0.0130015    0.0137617    0.0146732
    0.0159911    0.0133807    0.0139006    0.0141058    0.0144378    0.0150005
    0.0156761    0.0145973    0.0149735    0.0167085    0.0175547    0.0136711
    0.0143021    0.0128744    0.0159287    0.0155268    0.0143362    0.0146815
    0.0152602    0.0158818    0.0167548    0.0137841    0.0140602    0.0166977
    0.0171759    0.0169119    0.0187129    0.0159102    0.0166394    0.0162882
    0.0177744    0.0212300    0.0198963    0.0184088    0.0193333    0.0177876
    0.0184513    0.0186159    0.0159746    0.0173986    0.0184443    0.0159760
    0.0176375    0.0182746    0.0184859    0.0199480    0.0173054    0.0147097
    0.0172966    0.0171042    0.0184638    0.0195985    0.0178040    0.0135977
    0.0142077    0.0191736    0.0225728    0.0184160    0.0142304    0.0180153
    0.0180614    0.0174080    0.0194670    0.0169813    0.0125866    0.0115953
    0.0148336    0.0176069    0.0139185    0.0116534   0.00823147    0.0113768
   0.00763383   0.00887936
   0.00331141   0.00342528   0.00377814   0.00388156   0.00405008   0.00467899
   0.00410911   0.00397617   0.00476432   0.00394650   0.00432147   0.00521565
   0.00488168   0.00467006   0.00422534   0.00439407   0.00516229   0.00525135
   0.00543492   0.00554233   0.00479479   0.00542754   0.00548495   0.00466026
   0.00520603   0.00623145   0.00572303   0.00577028   0.00583660   0.00618104
   0.00554116   0.00515390   0.00586438   0.00568272   0.00684399   0.00775235
    0.0118286    0.0383446     0.111909     0.230891     0.373958     0.505163
     0.589685     0.596256     0.512495     0.379805     0.236495     0.117374
    0.0451040    0.0175625    0.0129068    0.0127233    0.0114507    0.0103368
    0.0105378    0.0114270    0.0114669    0.0101845   0.00990683   0.00984080
    0.0100924   0.00970561   0.00863005   0.00884588   0.00924356   0.00852107
   0.00806878   0.00795425   0.00821748   0.00842767   0.00932392   0.00958742
   0.00837179   0.00838011   0.00918743   0.00868384   0.00779615   0.00809707
   0.00815562   0.00782630   0.00636716   0.00744815   0.00859555   0.00864958
   0.00719769   0.00783286   0.00871626   0.00730576   0.00579618   0.00682828
   0.00749277   0.00875813   0.00869353   0.00923310   0.00894394   0.00745148
   0.00843679   0.00841767   0.00817300   0.00884753    0.0101388   0.00992150
   0.00869556   0.00988583    0.0104389   0.00989555   0.00870217   0.00917767
   0.00892279   0.00872028   0.00914920    0.0104720    0.0111679   0.00915176
   0.00886086   0.00945734    0.0100243    0.0106903   0.00966400   0.00937248
   0.00995669    0.0113313   0.00923239   0.00907763    0.0110821    0.0105010
    0.0128240    0.0114137   0.00989826    0.0103845    0.0105732    0.0114485
    0.0116679    0.0124172    0.0128045    0.0106445    0.0108451    0.0126292
    0.0139549    0.0130305    0.0110996    0.0131561    0.0119240    0.0125578
    0.0133573    0.0136574    0.0130898    0.0134495    0.0147016    0.0139054
    0.0107885   0.00954261    0.0117231    0.0138554    0.0128652    0.0136180
    0.0143958    0.0141050    0.0146611    0.0119843    0.0131714    0.0127288
    0.0126336    0.0136114    0.0148751    0.0144516    0.0144617    0.0141553
    0.0134139    0.0127685    0.0133932    0.0127352    0.0123575    0.0134147
    0.0124272    0.0139610    0.0130683    0.0140740    0.0148533    0.0148256
    0.0144299    0.0167689    0.0149801    0.0167505    0.0162839    0.0155020
    0.0189814    0.0167925    0.0134940    0.0146904    0.0175453    0.0204554
    0.0179084    0.0163045    0.0178528    0.0178884    0.0149704    0.0155147
    0.0163342    0.0171117    0.0177494    0.0181724    0.0197512    0.0187672
    0.0189182    0.0168301    0.0173534    0.0164805    0.0155632    0.0159311
    0.0174902    0.0190155    0.0193605    0.0177204    0.0170886    0.0166636
    0.0154459    0.0145536    0.0136326    0.0179954    0.0185167    0.0162183
    0.0169968    0.0165536    0.0155553    0.0146566    0.0144976    0.0182275
    0.0159895    0.0126290    0.0133740    0.0178477    0.0187835    0.0146256
    0.0144388    0.0114472    0.0117855    0.0116603    0.0127418    0.0142090
    0.0128182    0.0161700
   0.00389710   0.00354308   0.00346844   0.00381104   0.00400528   0.00466628
   0.00465003   0.00414074   0.00431080   0.00438345   0.00446099   0.00410009
   0.00435591   0.00418662   0.00440194   0.00520588   0.00507617   0.00490129
   0.00481482   0.00479074   0.00496791   0.00547009   0.00517093   0.00533605
   0.00508233   0.00589638   0.00553186   0.00624672   0.00645324   0.00615001
   0.00612232   0.00726891   0.00727461   0.00719329   0.00835944   0.00890154
    0.0130489    0.0387014     0.110446     0.227796     0.370702     0.501226
     0.586269     0.582811     0.501325     0.375193     0.236218     0.118736
    0.0452618    0.0180276    0.0130234    0.0117004   0.00992703   0.00997488
    0.0110697    0.0104296   0.00924704   0.00925829    0.0102118   0.00917170
   0.00889299   0.00840777   0.00778520   0.00873355   0.00911143   0.00792290
   0.00857020   0.00923195   0.00881614   0.00898247   0.00761412   0.00866127
   0.00880780   0.00783297   0.00782970   0.00809194   0.00791497   0.00781371
   0.00835627   0.00811621   0.00748650   0.00765154   0.00734871   0.00834560
   0.00855570   0.00850458   0.00936212   0.00833221   0.00808100   0.00819438
   0.00905641   0.00895793   0.00858814   0.00805632   0.00905591   0.00888346
    0.0101090    0.0112620    0.0103060   0.00678546   0.00804394   0.00803685
   0.00757891   0.00731221   0.00851957   0.00909792   0.00988624    0.0101313
   0.00876728   0.00989353    0.0109869   0.00997210   0.00960728    0.0111479
    0.0108054    0.0100019    0.0103210   0.00971653    0.0104046    0.0101374
    0.0100761    0.0113119    0.0109696    0.0105965    0.0116496    0.0132111
    0.0115560    0.0121083    0.0130616    0.0137619    0.0122850    0.0113911
    0.0128806    0.0128896    0.0119990    0.0130739    0.0137921    0.0142341
    0.0120988    0.0120014    0.0131251    0.0132150    0.0140116    0.0125774
    0.0136437    0.0142027    0.0137200    0.0134468    0.0116293    0.0141776
    0.0150251    0.0144514    0.0146904    0.0137854    0.0138164    0.0115760
    0.0117900    0.0134341    0.0132423    0.0133238    0.0140193    0.0134014
    0.0139142    0.0141340    0.0126910    0.0131970    0.0125754    0.0109916
    0.0136022    0.0158526    0.0156934    0.0176082    0.0151019    0.0135726
    0.0135124    0.0134466    0.0158120    0.0149992    0.0147847    0.0129427
    0.0135995    0.0161694    0.0178006    0.0180462    0.0156975    0.0131104
    0.0148919    0.0144523    0.0168346    0.0150270    0.0150088    0.0169063
    0.0157965    0.0158291    0.0181303    0.0185155    0.0167120    0.0167965
    0.0182247    0.0160550    0.0167937    0.0198831    0.0190704    0.0213184
    0.0222717    0.0220595    0.0187448    0.0194709    0.0217773    0.0200828
    0.0179309    0.0195458    0.0199798    0.0183091    0.0209698    0.0187159
    0.0191284    0.0216427    0.0200159    0.0197060    0.0218997    0.0201079
    0.0170410    0.0146041    0.0128042    0.0164529    0.0178244    0.0167267
    0.0168010    0.0142254    0.0168427    0.0158459    0.0161232    0.0185257
    0.0174596    0.0146527    0.0133050    0.0108714    0.0106533    0.0156918
    0.0158818   0.00789201
   0.00370087   0.00348336   0.00386226   0.00370020   0.00415056   0.00372522
   0.00434802   0.00430210   0.00388547   0.00469563   0.00463252   0.00479805
   0.00458938   0.00471043   0.00476308   0.00438317   0.00417130   0.00461606
   0.00510492   0.00450908   0.00554705   0.00564060   0.00498837   0.00551111
   0.00530863   0.00577429   0.00551251   0.00550265   0.00611756   0.00559712
   0.00611135   0.00631548   0.00665077   0.00707819   0.00678550   0.00748072
    0.0121058    0.0398219     0.113557     0.229197     0.366339     0.499578
     0.589526     0.590081     0.509018     0.374223     0.236666     0.123102
    0.0490041    0.0196081    0.0139927    0.0123487    0.0121026    0.0108445
    0.0103351   0.00968848   0.00968020    0.0102042   0.00988957   0.00955400
   0.00951153   0.00954906   0.00913378   0.00838476   0.00815586   0.00809574
   0.00887572   0.00763537   0.00690405   0.00711626   0.00903396   0.00877121
   0.00986087    0.0108138   0.00916136   0.00899462   0.00863415   0.00985490
   0.00970112   0.00814969   0.00822119   0.00881461   0.00804012   0.00768955
   0.00942009   0.00920935   0.00955817   0.00802336   0.00839162   0.00962006
   0.00928880   0.00937769   0.00863104   0.00857898   0.00982176   0.00962826
   0.00758267   0.00896518   0.00844928    0.0101508    0.0100195    0.0101607
    0.0110360    0.0102918    0.0112680    0.0122199    0.0111415    0.0100710
    0.0112779   0.00991994   0.00993919    0.0105856   0.00960955   0.00967962
    0.0103036   0.00958884   0.00987388   0.00934568   0.00935213   0.00886213
    0.0104238    0.0107256    0.0118419    0.0111967    0.0116972    0.0122074
    0.0108529    0.0102340   0.00977196   0.00896864   0.00949660    0.0102676
    0.0112987    0.0122046    0.0126904    0.0127256    0.0151424    0.0135038
    0.0115892    0.0126684    0.0111970    0.0122025    0.0139709    0.0126443
    0.0101823    0.0114099    0.0112925    0.0110963    0.0130764    0.0133580
    0.0151790    0.0147515    0.0134933    0.0117919    0.0139392    0.0129459
    0.0125147    0.0125032    0.0127725    0.0131054    0.0109473    0.0136378
    0.0156243    0.0165689    0.0147035    0.0159761    0.0144025    0.0133956
    0.0120900    0.0138133    0.0168152    0.0138671    0.0137158    0.0126758
    0.0123917    0.0123898    0.0129417    0.0138142    0.0151047    0.0172631
    0.0162025    0.0166959    0.0157503    0.0167151    0.0193835    0.0175231
    0.0154161    0.0175120    0.0179502    0.0183281    0.0198680    0.0186895
    0.0202936    0.0217060    0.0183819    0.0161003    0.0168309    0.0192827
    0.0207299    0.0196601    0.0208037    0.0185365    0.0149957    0.0155337
    0.0134657    0.0168146    0.0197801    0.0205298    0.0193850    0.0171690
    0.0160728    0.0183655    0.0195372    0.0220284    0.0196546    0.0191675
    0.0180547    0.0156182    0.0167149    0.0174446    0.0177389    0.0174134
    0.0179350    0.0193887    0.0166455    0.0151184    0.0136805    0.0189237
    0.0185786    0.0147409    0.0121163    0.0134397    0.0153963    0.0182021
    0.0183827    0.0157992    0.0153513    0.0126592    0.0124752    0.0145110
    0.0130644    0.0115197
   0.00401089   0.00409496   0.00391293   0.00404382   0.00450654   0.00405447
   0.00407066   0.00449971   0.00429963   0.00364121   0.00362975   0.00426671
   0.00512062   0.00520664   0.00420550   0.00467916   0.00493956   0.00503903
   0.00467627   0.00555879   0.00516093   0.00542473   0.00538998   0.00546148
   0.00594305   0.00664246   0.00656699   0.00596443   0.00579655   0.00662908
   0.00633429   0.00696504   0.00833220   0.00855547   0.00853930   0.00883413
    0.0142495    0.0408695     0.113671     0.231452     0.372460     0.498962
     0.576809     0.582574     0.509832     0.379514     0.235610     0.121281
    0.0506727    0.0214054    0.0141271    0.0123727    0.0117296    0.0117882
    0.0125414    0.0110992    0.0110552    0.0110929    0.0102476   0.00965427
   0.00960318   0.00961153   0.00942380   0.00831316   0.00844744   0.00863628
   0.00810322   0.00889767   0.00860281   0.00975197   0.00867890   0.00988583
    0.0101383   0.00928748   0.00980862   0.00925656   0.00855462   0.00903535
   0.00949140   0.00849717   0.00914690   0.00920230   0.00840352   0.00891326
   0.00920990   0.00940636   0.00847634   0.00861945   0.00842337   0.00791109
   0.00765659   0.00774859   0.00926692   0.00799016   0.00903231    0.0106237
    0.0111158   0.00988034   0.00822774   0.00948771   0.00981284   0.00993979
   0.00997790   0.00827308   0.00801042    0.0100938    0.0100600   0.00917300
    0.0106056    0.0106716    0.0108133    0.0115517    0.0111707    0.0104362
    0.0108631   0.00975380   0.00995228    0.0107510   0.00968266    0.0115252
    0.0121052    0.0100607   0.00956246    0.0102836    0.0108591    0.0126900
    0.0127804    0.0130521    0.0131276    0.0111996    0.0118826    0.0118824
    0.0131431    0.0142653    0.0150517    0.0138609    0.0129178    0.0113043
    0.0117447    0.0127190    0.0114313    0.0112452    0.0124497    0.0148117
    0.0141629    0.0127499    0.0132115    0.0154720    0.0170808    0.0148208
    0.0134110    0.0142824    0.0142722    0.0122001    0.0154814    0.0167272
    0.0165171    0.0141805    0.0128820    0.0131988    0.0127622    0.0135070
    0.0117868    0.0149582    0.0159297    0.0163011    0.0177138    0.0163474
    0.0136512    0.0120587    0.0128110    0.0156073    0.0171207    0.0159167
    0.0158231    0.0155058    0.0163076    0.0151811    0.0151288    0.0187101
    0.0201554    0.0155235    0.0160618    0.0168107    0.0163358    0.0176048
    0.0167430    0.0192378    0.0191942    0.0198620    0.0185167    0.0157181
    0.0165743    0.0168025    0.0202171    0.0187737    0.0191064    0.0189606
    0.0205452    0.0215323    0.0240194    0.0212668    0.0180403    0.0207072
    0.0189373    0.0202373    0.0208809    0.0202987    0.0199572    0.0194998
    0.0193488    0.0210397    0.0211369    0.0184003    0.0179707    0.0199539
    0.0186420    0.0179980    0.0198973    0.0191171    0.0182413    0.0172345
    0.0148334    0.0185816    0.0175752    0.0150434    0.0158665    0.0145728
    0.0151385    0.0153178    0.0179147    0.0191996    0.0198448    0.0151254
    0.0160374    0.0157659    0.0121574    0.0115427    0.0118848    0.0115395
    0.0111466   0.00855102
   0.00358629   0.00422450   0.00437222   0.00445287   0.00451274   0.00455483
   0.00400894   0.00397822   0.00422392   0.00445410   0.00520714   0.00477075
   0.00480149   0.00498735   0.00503544   0.00467169   0.00493628   0.00570812
   0.00537266   0.00483977   0.00536102   0.00558505   0.00610416   0.00631697
   0.00574153   0.00582184   0.00666677   0.00654895   0.00646582   0.00638655
   0.00744266   0.00763961   0.00886499   0.00883965   0.00902388   0.00989374
    0.0142378    0.0418113     0.112448     0.226532     0.370256     0.501709
     0.574593     0.572302     0.499725     0.378009     0.236856     0.120987
    0.0494138    0.0198505    0.0132785    0.0118678    0.0121684    0.0124258
    0.0105856    0.0108299    0.0108292    0.0103782   0.00897862   0.00902329
   0.00901549   0.00909240   0.00911271   0.00863404   0.00892540   0.00856618
   0.00806353   0.00769231   0.00908909   0.00808865   0.00745717   0.00867317
   0.00820110   0.00848004   0.00876737   0.00871301   0.00807811   0.00867860
    0.0103688    0.0102573   0.00943694   0.00761924   0.00856847   0.00879361
   0.00903956   0.00933986   0.00826506   0.00802938   0.00794407   0.00850849
   0.00904293   0.00924267   0.00985056   0.00846705   0.00845196   0.00837617
    0.0100213    0.0103874    0.0102515   0.00992817    0.0103316   0.00972320
   0.00902359   0.00832403   0.00909670   0.00957198   0.00936419    0.0108339
    0.0111815    0.0109746    0.0114095    0.0107197    0.0104377    0.0119728
   0.00969256   0.00973069    0.0103618    0.0102023    0.0103739    0.0102487
    0.0114968    0.0104162    0.0103544    0.0116768    0.0122983    0.0121641
    0.0116871    0.0113986    0.0123929    0.0122997    0.0135124    0.0139944
    0.0125186    0.0133733    0.0124589    0.0137514    0.0143959    0.0137246
    0.0129837    0.0117098    0.0126212    0.0122995    0.0132772    0.0134561
    0.0136243    0.0146898    0.0160331    0.0142178    0.0123052    0.0131826
    0.0134901    0.0148325    0.0152990    0.0136054    0.0139143    0.0152580
    0.0151448    0.0157664    0.0145990    0.0135275    0.0139367    0.0143473
    0.0163313    0.0159988    0.0155110    0.0161901    0.0153080    0.0151642
    0.0128516    0.0116403    0.0131113    0.0139642    0.0150290    0.0150232
    0.0163761    0.0156981    0.0168430    0.0164638    0.0180570    0.0175122
    0.0152340    0.0152372    0.0163395    0.0152221    0.0153202    0.0159210
    0.0173914    0.0186521    0.0177118    0.0161083    0.0184986    0.0163304
    0.0165461    0.0185951    0.0191281    0.0168682    0.0168672    0.0152512
    0.0170832    0.0150313    0.0167131    0.0183189    0.0165323    0.0147919
    0.0186079    0.0194087    0.0206377    0.0222890    0.0213208    0.0191544
    0.0149150    0.0177223    0.0176263    0.0186288    0.0192530    0.0190198
    0.0199324    0.0191147    0.0183438    0.0175322    0.0187695    0.0171644
    0.0166137    0.0173493    0.0162713    0.0153065    0.0154140    0.0129021
    0.0159429    0.0197538    0.0183996    0.0151939    0.0141682    0.0191435
    0.0173445    0.0187142    0.0157708    0.0118269    0.0108354    0.0113952
   0.00933107   0.00356378
   0.00425455   0.00379358   0.00403427   0.00474279   0.00443879   0.00448204
   0.00425867   0.00437489   0.00471765   0.00504097   0.00476714   0.00502286
   0.00488413   0.00484906   0.00443115   0.00477255   0.00581171   0.00545840
   0.00509409   0.00533768   0.00607123   0.00595029   0.00562867   0.00585278
   0.00606342   0.00610337   0.00586618   0.00614318   0.00647306   0.00686779
   0.00709867   0.00673002   0.00691473   0.00837308   0.00847706   0.00961434
    0.0140279    0.0407858     0.113887     0.227591     0.366134     0.503942
     0.585969     0.577012     0.498430     0.377932     0.243096     0.123647
    0.0497284    0.0208701    0.0150440    0.0137002    0.0122083    0.0109613
    0.0103212    0.0103727    0.0104459    0.0107674    0.0102978    0.0102410
    0.0108392   0.00995532   0.00983273    0.0107764   0.00983784   0.00986744
   0.00917198   0.00945877   0.00861861   0.00844827   0.00851567   0.00848444
   0.00809550   0.00776955   0.00902776   0.00894421   0.00817946    0.0101380
    0.0108723    0.0102683   0.00882257   0.00955126   0.00837531   0.00839850
   0.00886417   0.00874505   0.00814743   0.00796249   0.00813837   0.00838282
   0.00838183   0.00893845   0.00975560   0.00980662    0.0100174   0.00780018
    0.0101568    0.0101040   0.00900096   0.00953717   0.00944148   0.00782805
   0.00783387   0.00843012   0.00858868   0.00894352   0.00923934   0.00919649
   0.00868251   0.00911843    0.0106263    0.0111029   0.00942707    0.0105642
    0.0104544   0.00955251   0.00914369   0.00916138    0.0105575    0.0106147
    0.0103776    0.0111919    0.0104828    0.0105368    0.0106841    0.0116869
    0.0110628   0.00916305    0.0101539    0.0105972    0.0106775    0.0113094
    0.0118775    0.0116394    0.0128147    0.0125968    0.0142133    0.0132061
    0.0121644    0.0132934    0.0156835    0.0142744    0.0130236   0.00998819
    0.0130545    0.0139133    0.0114491    0.0127359    0.0110014    0.0118433
    0.0113868    0.0139055    0.0138285    0.0120016    0.0113616    0.0125099
    0.0129858    0.0146478    0.0168291    0.0133522    0.0131275    0.0144525
    0.0154448    0.0154853    0.0125846    0.0115901    0.0156205    0.0142319
    0.0134436    0.0136260    0.0163350    0.0181968    0.0163005    0.0160358
    0.0156220    0.0155539    0.0152858    0.0161415    0.0161446    0.0160969
    0.0177855    0.0202730    0.0174740    0.0148361    0.0133104    0.0125326
    0.0154110    0.0170293    0.0146242    0.0135349    0.0181530    0.0176691
    0.0156901    0.0148853    0.0185160    0.0209945    0.0207786    0.0188929
    0.0180626    0.0186903    0.0225009    0.0194221    0.0186864    0.0193001
    0.0197615    0.0189296    0.0204079    0.0201269    0.0191149    0.0208847
    0.0187051    0.0188216    0.0194476    0.0161706    0.0198223    0.0206708
    0.0202837    0.0191463    0.0209446    0.0228908    0.0194560    0.0184454
    0.0197437    0.0190003    0.0151066    0.0174914    0.0149690    0.0155754
    0.0192879    0.0202306    0.0180292    0.0122047    0.0133401    0.0147481
    0.0157062    0.0156041    0.0164656    0.0156435    0.0118062    0.0124760
    0.0121807    0.0117841
   0.00371879   0.00368529   0.00348441   0.00431352   0.00437649   0.00436475
   0.00540339   0.00507918   0.00475762   0.00521631   0.00502989   0.00487394
   0.00465901   0.00427318   0.00431113   0.00481791   0.00480872   0.00417148
   0.00426228   0.00519146   0.00553988   0.00534031   0.00538594   0.00564637
   0.00623856   0.00629597   0.00693789   0.00676886   0.00623734   0.00679244
   0.00752914   0.00778987   0.00757570   0.00815844   0.00930842    0.0102488
    0.0141682    0.0427217     0.117798     0.229303     0.363552     0.497033
     0.583576     0.573251     0.493743     0.371933     0.239451     0.122178
    0.0488785    0.0202651    0.0143594    0.0131131    0.0125248    0.0110834
    0.0109677    0.0108794    0.0100306   0.00896358   0.00934517   0.00937931
   0.00904897   0.00980369   0.00844284   0.00790446   0.00858071   0.00845945
   0.00812875   0.00791407   0.00778643   0.00744226   0.00894113   0.00786259
   0.00819122   0.00895910   0.00801441   0.00820630   0.00913200   0.00985240
   0.00919399   0.00802389   0.00802759   0.00818187   0.00736852   0.00685132
   0.00700373   0.00785345   0.00858889   0.00904910   0.00858632   0.00884011
   0.00929555   0.00936502   0.00919789   0.00927218   0.00961418   0.00941578
   0.00820192   0.00918325   0.00956034   0.00953272   0.00914463   0.00873124
   0.00857722   0.00783405   0.00884249    0.0107599   0.00970905   0.00874382
   0.00913743   0.00983049   0.00999944    0.0123266    0.0106918    0.0105847
   0.00853159   0.00824787   0.00973874    0.0111439    0.0124164    0.0123548
    0.0120440    0.0112684    0.0116159    0.0108279    0.0105680    0.0126724
    0.0128163    0.0125247    0.0114833    0.0122659    0.0126753    0.0127293
    0.0127822    0.0130000    0.0135049    0.0125603    0.0130675    0.0145827
    0.0134571    0.0134684    0.0143603    0.0127224    0.0122748    0.0137207
    0.0139390    0.0147841    0.0138630    0.0114340    0.0130579    0.0130320
    0.0138193    0.0140182    0.0140923    0.0136273    0.0146709    0.0147191
    0.0151678    0.0166357    0.0152504    0.0133564    0.0131116    0.0137488
    0.0160235    0.0138662    0.0148034    0.0149003    0.0137596    0.0143901
    0.0147741    0.0143275    0.0149550    0.0168783    0.0151960    0.0167216
    0.0177957    0.0179664    0.0156783    0.0160942    0.0147894    0.0159032
    0.0156770    0.0166139    0.0177342    0.0172006    0.0180889    0.0188687
    0.0166535    0.0169566    0.0167790    0.0177118    0.0179165    0.0176140
    0.0174260    0.0176603    0.0177434    0.0158759    0.0198638    0.0169359
    0.0143176    0.0156473    0.0176380    0.0181505    0.0193232    0.0175311
    0.0164642    0.0155460    0.0165026    0.0181330    0.0169196    0.0182583
    0.0179618    0.0177423    0.0157760    0.0154469    0.0159970    0.0178563
    0.0210315    0.0182177    0.0159870    0.0172324    0.0203649    0.0184845
    0.0194540    0.0171227    0.0190102    0.0205750    0.0202590    0.0151806
    0.0134401    0.0150528    0.0171854    0.0182221    0.0149108    0.0132650
    0.0142029    0.0143065    0.0140482   0.00993139    0.0114857    0.0110284
    0.0131540   0.00836153
   0.00379779   0.00366004   0.00375253   0.00383449   0.00454686   0.00482911
   0.00432166   0.00457580   0.00485547   0.00476153   0.00454314   0.00463458
   0.00436599   0.00487499   0.00484999   0.00555974   0.00619669   0.00585223
   0.00572634   0.00552254   0.00597151   0.00625263   0.00601108   0.00576726
   0.00558756   0.00621759   0.00669848   0.00698836   0.00672504   0.00626155
   0.00651036   0.00695305   0.00702157   0.00772585   0.00801586   0.00868463
    0.0140723    0.0413601     0.113475     0.222505     0.351675     0.481903
     0.567649     0.555649     0.479901     0.365013     0.235662     0.120853
    0.0499574    0.0216436    0.0146536    0.0125734    0.0113661    0.0119171
    0.0112741    0.0100240   0.00918300   0.00960669    0.0101542    0.0104346
   0.00876282   0.00866977   0.00895307   0.00921636   0.00972743   0.00967349
   0.00864345   0.00874052   0.00847815   0.00944695   0.00929438   0.00883449
   0.00798167   0.00806305   0.00870558   0.00943042   0.00872998   0.00936168
   0.00795448   0.00880379   0.00960501   0.00872935   0.00919537   0.00867420
   0.00842251   0.00844661   0.00812507   0.00827022   0.00949520   0.00971532
   0.00954242    0.0100262   0.00907279   0.00960883   0.00944241   0.00816463
   0.00860267   0.00918191   0.00980845   0.00984648   0.00988965   0.00799645
   0.00836548   0.00939527    0.0102973   0.00886504   0.00975571   0.00942356
   0.00884939    0.0100458   0.00833225   0.00943163    0.0101500    0.0110666
    0.0101595    0.0105285    0.0102980    0.0118979   0.00994879    0.0100271
   0.00962135    0.0110051    0.0127207    0.0107607    0.0102071    0.0106167
    0.0119263    0.0127777    0.0128266    0.0107876    0.0119265    0.0116498
    0.0123133    0.0123357    0.0130947    0.0118351    0.0145128    0.0143020
    0.0126282    0.0136990    0.0127500    0.0119919    0.0129102    0.0134372
    0.0124438    0.0116161    0.0135162    0.0134176    0.0120699    0.0131609
    0.0126165    0.0115621    0.0128782    0.0133283    0.0142319    0.0142992
    0.0128422    0.0144251    0.0163414    0.0143853    0.0151482    0.0120025
    0.0111248    0.0127694    0.0158695    0.0158870    0.0144288    0.0148469
    0.0157304    0.0154643    0.0142070    0.0139893    0.0133195    0.0152749
    0.0133390    0.0139126    0.0142549    0.0178057    0.0167645    0.0147826
    0.0150087    0.0144503    0.0134927    0.0165936    0.0161456    0.0165433
    0.0156813    0.0173868    0.0165286    0.0167582    0.0175212    0.0184800
    0.0182699    0.0163537    0.0177196    0.0158907    0.0153418    0.0168449
    0.0153165    0.0173964    0.0191735    0.0177102    0.0206895    0.0171622
    0.0158937    0.0159049    0.0173978    0.0151693    0.0157565    0.0180824
    0.0160610    0.0188513    0.0199595    0.0159165    0.0184596    0.0180904
    0.0195743    0.0167311    0.0184541    0.0177809    0.0182555    0.0159800
    0.0159625    0.0135720    0.0148690    0.0152300    0.0140067    0.0193971
    0.0173145    0.0171420    0.0201186    0.0175728    0.0163237    0.0155406
    0.0151109    0.0132283    0.0130208    0.0126134    0.0117593   0.00821940
    0.0112887   0.00731259
   0.00480101   0.00435309   0.00414857   0.00454100   0.00369919   0.00363906
   0.00424486   0.00435077   0.00448337   0.00444060   0.00410532   0.00415259
   0.00475950   0.00448696   0.00495466   0.00513250   0.00506194   0.00468501
   0.00500971   0.00563257   0.00561411   0.00503354   0.00598988   0.00590711
   0.00615032   0.00637857   0.00639281   0.00773458   0.00702859   0.00571833
   0.00652697   0.00829882   0.00773606   0.00789382   0.00905910    0.0100803
    0.0140950    0.0415299     0.116559     0.226183     0.356992     0.488266
     0.564404     0.556810     0.486114     0.371397     0.235295     0.123453
    0.0532529    0.0236982    0.0154294    0.0127436    0.0125869    0.0121694
    0.0123356    0.0115380    0.0110969    0.0113802   0.00946830   0.00882787
   0.00878130   0.00882965   0.00912551   0.00874926   0.00926156   0.00859356
   0.00857857   0.00890118   0.00747213   0.00810757   0.00945563   0.00890179
   0.00858938   0.00852753   0.00790900   0.00813920   0.00917662   0.00880211
   0.00934139   0.00931952   0.00867822   0.00910266   0.00922967   0.00900903
   0.00902350   0.00859156   0.00836479   0.00844551   0.00919623   0.00923955
   0.00909206   0.00934241   0.00866475   0.00808426   0.00814433   0.00903732
   0.00918918   0.00992864   0.00855852   0.00889041   0.00992853    0.0101859
    0.0108008    0.0106212    0.0100326   0.00932185    0.0100589    0.0103024
    0.0101456   0.00948485    0.0108146    0.0102028   0.00960766   0.00924785
   0.00841889    0.0110549    0.0118436    0.0131691    0.0118681   0.00988845
    0.0102743   0.00988278    0.0111053    0.0100046   0.00950406    0.0100421
    0.0108415    0.0117640    0.0103829    0.0106300    0.0111833    0.0120529
    0.0111567    0.0102037    0.0121128    0.0122431    0.0118081    0.0137114
    0.0133337    0.0114156    0.0108308    0.0120207    0.0138663    0.0129132
    0.0131900    0.0131278    0.0125343    0.0128996    0.0128609    0.0136058
    0.0142683    0.0136066    0.0149838    0.0135058    0.0156105    0.0147002
    0.0143094    0.0114330    0.0126867    0.0130006    0.0140792    0.0133591
    0.0145295    0.0137925    0.0161123    0.0167783    0.0133738    0.0127174
    0.0134822    0.0174056    0.0176271    0.0141399    0.0143244    0.0154320
    0.0175797    0.0164161    0.0157210    0.0174001    0.0177394    0.0197364
    0.0168718    0.0188521    0.0184494    0.0198999    0.0168311    0.0164880
    0.0189321    0.0167007    0.0161288    0.0171880    0.0136756    0.0178289
    0.0159367    0.0165939    0.0188883    0.0208683    0.0194693    0.0177866
    0.0172975    0.0163663    0.0213059    0.0201207    0.0213826    0.0215770
    0.0164339    0.0189496    0.0224018    0.0236357    0.0174883    0.0201666
    0.0204474    0.0157205    0.0175132    0.0162875    0.0150980    0.0189609
    0.0168581    0.0171369    0.0181942    0.0185820    0.0193988    0.0162215
    0.0241200    0.0199553    0.0172243    0.0192481    0.0163657    0.0166655
    0.0190549    0.0155263    0.0143907    0.0130214    0.0194710    0.0175414
    0.0134471    0.0148467    0.0129261    0.0173558    0.0155821    0.0143177
    0.0113657   0.00387953
   0.00421576   0.00474551   0.00521137   0.00496049   0.00514699   0.00512610
   0.00486871   0.00434824   0.00439115   0.00481398   0.00438681   0.00518573
   0.00520598   0.00503825   0.00561056   0.00527790   0.00479308   0.00534524
   0.00595868   0.00514767   0.00564299   0.00588870   0.00619941   0.00647722
   0.00677412   0.00696243   0.00711830   0.00771227   0.00694474   0.00637734
   0.00750724   0.00760576   0.00721739   0.00827441   0.00922552   0.00957619
    0.0138818    0.0424353     0.114793     0.224633     0.359033     0.486222
     0.555728     0.555859     0.488874     0.366151     0.232240     0.124613
    0.0530354    0.0212854    0.0141046    0.0124163    0.0123229    0.0119843
    0.0115368    0.0114802    0.0121919    0.0107184   0.00918415   0.00913226
   0.00957252   0.00979879   0.00902821   0.00810855   0.00874538   0.00912501
   0.00959976   0.00841347   0.00826077   0.00815758   0.00970353   0.00905828
   0.00858453   0.00840412   0.00878797   0.00713466   0.00779847   0.00871456
   0.00871434    0.0102649   0.00895155   0.00848395   0.00840468   0.00858266
   0.00784524   0.00788140   0.00866161   0.00762853   0.00890121   0.00832786
   0.00721917   0.00722950   0.00801395   0.00815240   0.00731274   0.00920291
   0.00887730   0.00826475   0.00863774   0.00731229   0.00898665   0.00808496
   0.00768853    0.0109750    0.0103742    0.0102789    0.0113838    0.0110260
   0.00933159   0.00883683    0.0101855   0.00982236    0.0106239    0.0107478
    0.0108158   0.00956255    0.0110977    0.0124645    0.0116684    0.0110066
    0.0115457    0.0123848    0.0117630   0.00992237    0.0106864    0.0112890
    0.0124139    0.0117284    0.0118862    0.0110812    0.0126908    0.0134455
    0.0121929    0.0119337    0.0126092    0.0147732    0.0129395    0.0131526
    0.0111339    0.0125345    0.0120144    0.0126605    0.0142953    0.0132462
    0.0134343    0.0118532    0.0128554    0.0144347    0.0156172    0.0124203
    0.0118819    0.0127937    0.0116380    0.0140474    0.0149679    0.0162995
    0.0184561    0.0167277    0.0112102    0.0126286    0.0151414    0.0159045
    0.0139239    0.0157692    0.0148629    0.0158806    0.0139813    0.0153518
    0.0171523    0.0154230    0.0164973    0.0154914    0.0152512    0.0163435
    0.0172484    0.0183839    0.0169921    0.0179481    0.0176486    0.0167337
    0.0198005    0.0198873    0.0197409    0.0180932    0.0154501    0.0172017
    0.0195960    0.0166257    0.0147249    0.0165639    0.0183090    0.0173605
    0.0188836    0.0177576    0.0203212    0.0186129    0.0196217    0.0175040
    0.0187952    0.0174434    0.0165948    0.0167077    0.0168208    0.0161463
    0.0192691    0.0195038    0.0183252    0.0186197    0.0219029    0.0245055
    0.0206289    0.0194301    0.0197498    0.0202454    0.0175364    0.0191433
    0.0176845    0.0199528    0.0199576    0.0168519    0.0168440    0.0124884
    0.0114475    0.0149263    0.0156433    0.0141091    0.0150999    0.0146194
    0.0148374    0.0158446    0.0163705    0.0171296    0.0139973    0.0147073
    0.0158747    0.0140229    0.0155319    0.0138762    0.0139320   0.00922170
   0.00872052    0.0130868
   0.00435540   0.00446598   0.00480933   0.00460236   0.00453749   0.00492407
   0.00555741   0.00485143   0.00516453   0.00462262   0.00455536   0.00482400
   0.00489982   0.00544217   0.00501641   0.00536039   0.00531260   0.00544957
   0.00498604   0.00474711   0.00511245   0.00511487   0.00542633   0.00580287
   0.00666333   0.00621975   0.00646919   0.00720901   0.00669060   0.00721760
   0.00706268   0.00730912   0.00825998   0.00887935   0.00914906    0.0101131
    0.0143881    0.0427067     0.114178     0.226264     0.357729     0.477551
     0.553965     0.558736     0.484242     0.360471     0.232746     0.124092
    0.0529237    0.0220905    0.0143391    0.0126479    0.0119675    0.0115322
    0.0119403    0.0108564    0.0103875   0.00931027   0.00973509    0.0100378
   0.00953727   0.00804337   0.00863249   0.00897105   0.00843247   0.00872439
   0.00891760   0.00828625   0.00802257   0.00737724   0.00870733   0.00828584
   0.00831435   0.00948637   0.00924676   0.00836483   0.00913575   0.00958981
   0.00899666   0.00872211   0.00942688   0.00894015   0.00866146   0.00877328
   0.00653991   0.00828585    0.0102267   0.00956897   0.00929784    0.0103296
   0.00798324   0.00754680   0.00821842   0.00859684   0.00900254   0.00818604
   0.00849375   0.00889186    0.0102934    0.0120685   0.00953007   0.00984686
    0.0109525    0.0105196    0.0101873   0.00855800   0.00747905    0.0100271
    0.0114159    0.0112722    0.0109337    0.0112765    0.0115480    0.0109282
    0.0107471    0.0111669    0.0107856    0.0111944    0.0103671   0.00980776
    0.0103230    0.0122617    0.0107533    0.0106244    0.0126601    0.0131233
    0.0132713    0.0123581    0.0116842    0.0127534    0.0124460    0.0122007
    0.0135799    0.0117370    0.0107917    0.0130140    0.0141944    0.0144145
    0.0150933    0.0144304    0.0148403    0.0127173    0.0124897    0.0129592
    0.0124902    0.0119930    0.0120216    0.0122011    0.0140690    0.0143298
    0.0128096    0.0125292    0.0130857    0.0121716    0.0157702    0.0175643
    0.0162721    0.0135496    0.0142990    0.0163681    0.0154650    0.0165259
    0.0145395    0.0121534    0.0126112    0.0147038    0.0152784    0.0164893
    0.0160184    0.0160754    0.0165566    0.0148777    0.0148221    0.0148909
    0.0139445    0.0136412    0.0160028    0.0164368    0.0177504    0.0189861
    0.0188351    0.0189180    0.0185879    0.0178235    0.0183735    0.0165259
    0.0143143    0.0152946    0.0136343    0.0165463    0.0171034    0.0187630
    0.0194348    0.0196166    0.0190300    0.0204056    0.0191499    0.0190174
    0.0182873    0.0169916    0.0199338    0.0188737    0.0189210    0.0173063
    0.0183803    0.0182155    0.0182978    0.0165122    0.0197910    0.0217068
    0.0245790    0.0216345    0.0176438    0.0184410    0.0183297    0.0134891
    0.0148593    0.0156376    0.0149773    0.0157242    0.0161742    0.0151532
    0.0154326    0.0164805    0.0166953    0.0166002    0.0149810    0.0157732
    0.0164487    0.0158464    0.0207826    0.0125079    0.0139656    0.0132095
    0.0167881    0.0123931    0.0127707    0.0138507   0.00967289    0.0101526
   0.00864181   0.00737792
   0.00411404   0.00407400   0.00404604   0.00426568   0.00420418   0.00462245
   0.00459022   0.00423752   0.00451567   0.00496850   0.00524347   0.00477177
   0.00463681   0.00490875   0.00476653   0.00495652   0.00505165   0.00526710
   0.00517867   0.00559207   0.00569554   0.00602753   0.00600326   0.00603633
   0.00654469   0.00597510   0.00601582   0.00617002   0.00580790   0.00645829
   0.00731910   0.00767333   0.00787817   0.00794922   0.00804446   0.00874490
    0.0141016    0.0414207     0.113729     0.222471     0.350808     0.473431
     0.546950     0.548595     0.478673     0.358537     0.233279     0.124812
    0.0531105    0.0219761    0.0140910    0.0135871    0.0124355    0.0118153
    0.0114150    0.0114059    0.0105706    0.0104213    0.0102096    0.0106748
   0.00960684   0.00947651   0.00951630    0.0105580   0.00917680   0.00926378
   0.00913563   0.00964358   0.00908445   0.00905008   0.00823777   0.00743979
   0.00921507   0.00851928   0.00882857   0.00873866   0.00742862   0.00873119
    0.0109633    0.0100401   0.00751475   0.00773775   0.00695341   0.00683835
   0.00778337    0.0111809   0.00932578   0.00940132   0.00840773   0.00751284
   0.00803510   0.00848336   0.00881113   0.00747377   0.00850962   0.00848883
   0.00850522   0.00786482   0.00909159   0.00993004   0.00975119   0.00907948
   0.00975360   0.00915129   0.00969450   0.00994967   0.00922128   0.00968897
   0.00939477   0.00780070   0.00926851    0.0113268    0.0116164    0.0113234
    0.0111517    0.0114522    0.0116713    0.0113833    0.0122069    0.0108787
    0.0108280    0.0117486    0.0113596    0.0120244    0.0110502    0.0118610
    0.0107046    0.0121703    0.0123559    0.0110909    0.0108672    0.0122148
    0.0108999    0.0119276    0.0127689    0.0106762    0.0108119    0.0111593
    0.0132438    0.0117521    0.0127087    0.0134769    0.0127355    0.0133322
    0.0143925    0.0135627    0.0124766    0.0109903    0.0118757    0.0124830
    0.0121719    0.0117046    0.0117528    0.0128371    0.0142378    0.0133934
    0.0150127    0.0139321    0.0129509    0.0132810    0.0147220    0.0128376
    0.0124217    0.0138372    0.0141937    0.0167231    0.0145118    0.0161365
    0.0115182    0.0109669    0.0139802    0.0164986    0.0105936    0.0146669
    0.0147942    0.0138026    0.0150431    0.0182126    0.0173086    0.0154002
    0.0150926    0.0148977    0.0186823    0.0146002    0.0164934    0.0161628
    0.0168269    0.0167300    0.0139370    0.0152734    0.0171647    0.0199812
    0.0196786    0.0208701    0.0193452    0.0201174    0.0203876    0.0195143
    0.0210989    0.0201369    0.0199574    0.0187486    0.0185903    0.0190848
    0.0185359    0.0201945    0.0203944    0.0188487    0.0195607    0.0161591
    0.0170752    0.0212005    0.0194157    0.0188651    0.0148590    0.0165688
    0.0174136    0.0186232    0.0166215    0.0162174    0.0185860    0.0177182
    0.0161398    0.0159508    0.0145046    0.0132422    0.0168914    0.0155450
    0.0170203    0.0173873    0.0160607    0.0162517    0.0151639    0.0171076
    0.0153141    0.0156506    0.0154674    0.0136920    0.0120269    0.0105972
    0.0109240   0.00661710
   0.00393483   0.00428441   0.00459026   0.00516865   0.00561202   0.00490102
   0.00432127   0.00429130   0.00469616   0.00460478   0.00519427   0.00472126
   0.00488784   0.00497081   0.00577303   0.00533745   0.00422869   0.00542563
   0.00552524   0.00549643   0.00550363   0.00436988   0.00568927   0.00593979
   0.00566396   0.00559990   0.00607886   0.00703545   0.00762785   0.00706672
   0.00777238   0.00703743   0.00729072   0.00869153   0.00900038    0.0100980
    0.0155526    0.0443191     0.115462     0.225086     0.351457     0.474556
     0.549382     0.544540     0.477161     0.360682     0.232576     0.127010
    0.0560260    0.0227156    0.0150102    0.0133205    0.0126423    0.0129022
    0.0120814    0.0115277    0.0117554    0.0112842   0.00934349    0.0102375
    0.0107938    0.0101494    0.0100723   0.00910936   0.00991021   0.00929192
   0.00938392   0.00998219   0.00986343   0.00937067   0.00916420   0.00944347
   0.00989112   0.00887139   0.00746514   0.00817869   0.00882016   0.00958141
   0.00903640   0.00919258   0.00870907   0.00869482   0.00953663   0.00954442
    0.0100452   0.00910589   0.00986103   0.00962991   0.00918105   0.00934220
   0.00808930   0.00845488   0.00961955    0.0100340   0.00890364   0.00980063
   0.00946815   0.00877391   0.00895008   0.00918506   0.00882508   0.00974824
   0.00966003   0.00842469   0.00863776   0.00983070    0.0113368    0.0102865
   0.00971109    0.0111937    0.0121366    0.0112184    0.0105535   0.00993295
    0.0105510    0.0111413    0.0102441    0.0115919    0.0117639    0.0122209
   0.00936100    0.0106247    0.0103165    0.0110080    0.0116550    0.0103421
    0.0105735    0.0112359    0.0122499    0.0115066    0.0109839    0.0103911
    0.0104289   0.00947322    0.0118801    0.0130314    0.0112272    0.0126891
    0.0135363    0.0126658    0.0137151    0.0164541    0.0141633    0.0139192
    0.0121228    0.0124101    0.0132078    0.0135772    0.0134616    0.0110463
    0.0101745    0.0124168    0.0154523    0.0130647    0.0127281    0.0137573
    0.0151252    0.0120932    0.0115381    0.0127351    0.0108924    0.0137567
    0.0137684    0.0150273    0.0152781    0.0177916    0.0171170    0.0174816
    0.0110287    0.0131653    0.0121609    0.0128712    0.0133957    0.0162060
    0.0124562    0.0139139    0.0147920    0.0143490    0.0166114    0.0156253
    0.0162710    0.0148685    0.0148664    0.0165461    0.0142543    0.0166266
    0.0159871    0.0162081    0.0172271    0.0191308    0.0188722    0.0141214
    0.0157902    0.0202771    0.0166928    0.0167124    0.0177769    0.0203825
    0.0209048    0.0216953    0.0182695    0.0158600    0.0171502    0.0194613
    0.0197289    0.0198059    0.0203983    0.0213290    0.0175851    0.0185426
    0.0181151    0.0191855    0.0179704    0.0224433    0.0233763    0.0190930
    0.0184552    0.0188476    0.0221624    0.0226646    0.0150435    0.0181972
    0.0171236    0.0154725    0.0140562    0.0144733    0.0162349    0.0167548
    0.0158757    0.0191039    0.0222535    0.0170266    0.0158549    0.0170120
    0.0122830    0.0127105    0.0136027    0.0170849    0.0174830    0.0121947
   0.00672084   0.00903354
   0.00425814   0.00415817   0.00397062   0.00504446   0.00447242   0.00394101
   0.00484544   0.00469544   0.00528971   0.00569096   0.00529846   0.00575415
   0.00566767   0.00576661   0.00560456   0.00569310   0.00558216   0.00530364
   0.00622462   0.00660025   0.00595126   0.00618581   0.00576478   0.00667452
   0.00677046   0.00686101   0.00737331   0.00685457   0.00710155   0.00701287
   0.00714946   0.00811083   0.00866410   0.00882990   0.00876111   0.00959978
    0.0159056    0.0455636     0.115521     0.223133     0.349665     0.459870
     0.537558     0.538500     0.463628     0.356610     0.231617     0.125669
    0.0577617    0.0243527    0.0156623    0.0136135    0.0128102    0.0121816
    0.0118476    0.0110120    0.0109813    0.0107777   0.00948421   0.00949315
    0.0104728    0.0105434   0.00952702   0.00937939   0.00929611   0.00821298
   0.00921632   0.00969499   0.00884727   0.00948426   0.00861678   0.00815541
   0.00893273   0.00896462   0.00858422   0.00900744   0.00922196   0.00882192
   0.00894884   0.00914113   0.00901977   0.00918170   0.00861211   0.00738344
   0.00832014   0.00853379   0.00892919   0.00804568   0.00835887   0.00896452
   0.00839368   0.00647604   0.00874652   0.00939038   0.00999095    0.0117391
   0.00892148   0.00801978   0.00907250   0.00970821    0.0106272   0.00917334
   0.00848108   0.00883297   0.00989390   0.00853161   0.00979999    0.0103397
   0.00852279   0.00880078   0.00923142    0.0105946   0.00962783    0.0121983
    0.0117843    0.0110099    0.0106275    0.0110993    0.0111942    0.0106369
    0.0108333   0.00958373   0.00980060    0.0107439    0.0104430    0.0117554
    0.0104372    0.0117892    0.0125633    0.0123787    0.0128583    0.0124291
    0.0116644    0.0114953    0.0118294    0.0117956    0.0103522    0.0135865
    0.0123635    0.0114056    0.0150999    0.0138380    0.0131699    0.0136844
    0.0135311    0.0122255    0.0136166    0.0113571    0.0117863    0.0148715
    0.0153365    0.0136529    0.0143304    0.0139363    0.0155668    0.0133654
    0.0118420    0.0133153    0.0135290    0.0155493    0.0145492    0.0147996
    0.0123496    0.0150535    0.0142155    0.0149963    0.0178816    0.0145554
    0.0143284    0.0154326    0.0160163    0.0155541    0.0157870    0.0174986
    0.0162637    0.0152346    0.0139326    0.0136114    0.0180902    0.0182231
    0.0171728    0.0185667    0.0176611    0.0185189    0.0154261    0.0175949
    0.0191282    0.0163995    0.0148866    0.0185381    0.0186036    0.0172443
    0.0197241    0.0192656    0.0190706    0.0204124    0.0192750    0.0187804
    0.0197048    0.0200703    0.0182564    0.0190766    0.0174743    0.0173811
    0.0197822    0.0187506    0.0179319    0.0199316    0.0186359    0.0212173
    0.0185041    0.0181012    0.0193513    0.0157563    0.0150054    0.0162441
    0.0175351    0.0169430    0.0172036    0.0191841    0.0172033    0.0179343
    0.0179765    0.0153838    0.0167856    0.0196340    0.0216764    0.0179392
    0.0184469    0.0163796    0.0166180    0.0170492    0.0169372    0.0158051
    0.0153551    0.0162070    0.0143643    0.0177474    0.0149185    0.0114287
   0.00518944   0.00557913
   0.00392108   0.00395259   0.00420100   0.00436076   0.00466620   0.00486440
   0.00501763   0.00476272   0.00501561   0.00532466   0.00538731   0.00490392
   0.00588181   0.00584641   0.00548552   0.00490305   0.00488834   0.00536859
   0.00580272   0.00544658   0.00598369   0.00622965   0.00641206   0.00578363
   0.00660043   0.00661862   0.00659507   0.00703063   0.00746385   0.00787268
   0.00744296   0.00754828   0.00774317   0.00788708   0.00882560   0.00981797
    0.0153482    0.0454267     0.116161     0.218892     0.347695     0.456486
     0.526552     0.536432     0.458082     0.349462     0.231658     0.127455
    0.0579870    0.0242219    0.0145727    0.0131438    0.0125722    0.0120664
    0.0118976    0.0113163    0.0113771    0.0111154   0.00989171    0.0106170
   0.00972681   0.00960728    0.0100381   0.00873417   0.00905086   0.00989134
   0.00833428   0.00867424   0.00885144   0.00989854   0.00886740   0.00929501
   0.00928240   0.00912629   0.00803776   0.00778588   0.00903602   0.00835846
   0.00914300   0.00837812   0.00947008   0.00825549   0.00896932    0.0105673
    0.0104081    0.0100032   0.00938188   0.00888842   0.00942849   0.00866843
   0.00962812   0.00885643    0.0104315   0.00907487   0.00840315   0.00917115
   0.00892046   0.00955992   0.00959436   0.00953477   0.00937219   0.00823290
   0.00846029   0.00892597    0.0108491    0.0114490    0.0103185   0.00939866
   0.00959658    0.0102261   0.00982792    0.0111607   0.00988190    0.0122544
    0.0110293    0.0121876    0.0112983    0.0100117   0.00986740    0.0109639
    0.0117617    0.0112459    0.0130150    0.0136543    0.0110269    0.0111995
    0.0109094    0.0120874    0.0140755    0.0139475    0.0142038    0.0142084
    0.0141699    0.0118264    0.0131392    0.0143064    0.0152343    0.0141194
    0.0128573    0.0139376    0.0130163    0.0143571    0.0152893    0.0143776
    0.0141056    0.0139066    0.0136587    0.0135861    0.0147702    0.0126022
    0.0113264    0.0137403    0.0136987    0.0145439    0.0114513    0.0118394
    0.0123793    0.0157687    0.0136286    0.0125423    0.0120681    0.0158031
    0.0140315    0.0174710    0.0153393    0.0141802    0.0144126    0.0135711
    0.0150562    0.0136600    0.0146266    0.0151637    0.0155746    0.0154176
    0.0155977    0.0156661    0.0150074    0.0152264    0.0167993    0.0145457
    0.0156805    0.0142402    0.0143175    0.0146501    0.0152068    0.0163061
    0.0173304    0.0170957    0.0173712    0.0154679    0.0155775    0.0168405
    0.0151735    0.0141308    0.0144686    0.0160389    0.0133182    0.0146913
    0.0175315    0.0163247    0.0151367    0.0174532    0.0166262    0.0184063
    0.0196924    0.0199630    0.0193198    0.0189767    0.0196720    0.0211764
    0.0189518    0.0165869    0.0197750    0.0213063    0.0161446    0.0161042
    0.0144042    0.0149628    0.0180156    0.0141383    0.0126943    0.0147584
    0.0153038    0.0157681    0.0143774    0.0136649    0.0139760    0.0146207
    0.0144776    0.0158085    0.0153258    0.0120782    0.0125885    0.0127511
    0.0132783    0.0122939    0.0121697    0.0113276    0.0126065    0.0150426
    0.0114406   0.00753269
   0.00481765   0.00476035   0.00445024   0.00476666   0.00487221   0.00482369
   0.00452792   0.00487803   0.00492191   0.00522907   0.00544550   0.00527628
   0.00530975   0.00528069   0.00526410   0.00539059   0.00538618   0.00472768
   0.00521574   0.00553405   0.00599018   0.00556507   0.00606420   0.00572879
   0.00642099   0.00671024   0.00687441   0.00708910   0.00717113   0.00776024
   0.00774445   0.00676241   0.00797889   0.00907359   0.00867287    0.0100243
    0.0158052    0.0462853     0.117209     0.216348     0.343487     0.449249
     0.517919     0.524206     0.450068     0.348272     0.229070     0.126921
    0.0590951    0.0239188    0.0133730    0.0123664    0.0113584    0.0119349
    0.0108245    0.0108532    0.0111555    0.0104097    0.0101432   0.00938223
    0.0101814   0.00973543   0.00954845   0.00929991   0.00874949   0.00890663
   0.00989122   0.00906537   0.00883201   0.00921376   0.00971007   0.00957353
   0.00868631   0.00858266   0.00946181   0.00998459   0.00796355   0.00876850
   0.00924820   0.00926613    0.0105399   0.00929869   0.00934825   0.00951644
    0.0100475   0.00968587   0.00841929   0.00899189   0.00963634   0.00999648
   0.00959704    0.0100477    0.0114212    0.0104630   0.00977597   0.00902395
    0.0105592    0.0113458    0.0111875    0.0106861    0.0109744   0.00993883
   0.00968129   0.00781442   0.00956632    0.0116521    0.0107520   0.00901427
   0.00948796    0.0101393    0.0102435    0.0123357    0.0125179    0.0113263
    0.0118003    0.0116505    0.0103202    0.0102198    0.0116210    0.0125618
    0.0113048    0.0110469    0.0100436    0.0119938    0.0131682    0.0129916
    0.0126417    0.0121820    0.0111380    0.0132920    0.0113038    0.0125892
    0.0120255    0.0103645    0.0123675    0.0128159    0.0118555    0.0110809
    0.0117373    0.0141491    0.0122212    0.0122025    0.0126663    0.0132351
    0.0112518    0.0110539    0.0131868    0.0120965    0.0121640    0.0139749
    0.0143877    0.0113613   0.00984994    0.0118736    0.0117832    0.0130504
    0.0129737    0.0111965    0.0104547    0.0137991    0.0140071    0.0124982
    0.0122565    0.0134878    0.0129282    0.0143976    0.0148774    0.0124805
    0.0112250    0.0132576    0.0156017    0.0165879    0.0146452    0.0142752
    0.0125460    0.0123790    0.0129517    0.0145754    0.0155847    0.0138603
    0.0154896    0.0141736    0.0146629    0.0155702    0.0162332    0.0174436
    0.0164391    0.0161142    0.0171253    0.0174008    0.0175596    0.0178254
    0.0169306    0.0162489    0.0164779    0.0147108    0.0160835    0.0179091
    0.0166398    0.0157624    0.0188475    0.0196573    0.0153512    0.0147717
    0.0188734    0.0194880    0.0187529    0.0197723    0.0167266    0.0165511
    0.0172672    0.0156042    0.0171650    0.0160249    0.0159112    0.0169186
    0.0187206    0.0170188    0.0144089    0.0142921    0.0145173    0.0164012
    0.0175710    0.0175595    0.0168446    0.0153556    0.0172949    0.0152270
    0.0169215    0.0154933    0.0127977    0.0137775    0.0135251    0.0147511
    0.0140171    0.0153552    0.0141203    0.0141491    0.0135662   0.00901902
   0.00627183   0.00594472
   0.00504511   0.00485961   0.00434475   0.00448833   0.00469002   0.00478526
   0.00463608   0.00476862   0.00481334   0.00464560   0.00534604   0.00461578
   0.00501641   0.00520068   0.00553345   0.00568748   0.00566855   0.00530036
   0.00565255   0.00583052   0.00573160   0.00596633   0.00596923   0.00693109
   0.00692430   0.00664999   0.00638984   0.00607204   0.00687187   0.00717040
   0.00777543   0.00793733   0.00791707   0.00849366   0.00892201   0.00995500
    0.0144361    0.0457891     0.115012     0.217541     0.340884     0.445424
     0.517648     0.515440     0.451679     0.344779     0.225523     0.127035
    0.0584947    0.0240094    0.0148284    0.0123025    0.0124260    0.0123225
    0.0124775    0.0116197    0.0111318    0.0104870    0.0113194   0.00955130
   0.00987959    0.0101152   0.00918010   0.00984787    0.0103331   0.00907564
   0.00948035   0.00906136   0.00976030   0.00854165   0.00989673    0.0100239
    0.0102595   0.00966132   0.00967059   0.00919565   0.00830179   0.00926298
   0.00893853   0.00935986    0.0104627   0.00917664   0.00920267    0.0102223
   0.00921830   0.00864942    0.0101416    0.0104994   0.00943696   0.00911754
   0.00977799   0.00943008   0.00977559   0.00914341   0.00853885   0.00874230
   0.00877878   0.00978550   0.00882840   0.00700070   0.00842315   0.00830705
   0.00967041   0.00974559   0.00949709   0.00748122   0.00979227    0.0107183
   0.00956274   0.00982298   0.00943300   0.00997243   0.00996667    0.0107878
   0.00928399    0.0108493    0.0112318    0.0107288    0.0119538    0.0117479
    0.0104835    0.0110312    0.0103010    0.0108700    0.0115151    0.0106734
    0.0116256   0.00988167    0.0102443    0.0110427    0.0117802    0.0106099
    0.0107746    0.0110496   0.00964620    0.0111985    0.0119275    0.0148839
    0.0149984    0.0118158    0.0125442    0.0117355    0.0132870    0.0132904
    0.0131979    0.0124388    0.0127598    0.0122885    0.0126896    0.0118448
    0.0120743    0.0112530    0.0125047    0.0127007    0.0137984    0.0144903
    0.0139955    0.0130359    0.0126946    0.0135877    0.0128492    0.0115903
    0.0122797    0.0130623    0.0140152    0.0134796    0.0122256    0.0128623
    0.0142156    0.0131881    0.0142285    0.0140853    0.0140712    0.0129310
    0.0133972    0.0135670    0.0127377    0.0132342    0.0127561    0.0131559
    0.0143013    0.0154485    0.0148270    0.0162272    0.0153833    0.0150381
    0.0162210    0.0180644    0.0165055    0.0179325    0.0155087    0.0146149
    0.0154899    0.0161339    0.0165553    0.0163181    0.0160303    0.0151643
    0.0157648    0.0158670    0.0164845    0.0148005    0.0144893    0.0164870
    0.0163294    0.0159911    0.0137651    0.0140346    0.0145377    0.0149836
    0.0166648    0.0144628    0.0159934    0.0167062    0.0170049    0.0171410
    0.0163078    0.0139886    0.0147969    0.0176317    0.0184523    0.0180622
    0.0187602    0.0142964    0.0152281    0.0158618    0.0132701    0.0182707
    0.0206045    0.0180043    0.0199907    0.0211815    0.0142633   0.00944488
    0.0139980    0.0161091    0.0183213   0.00842855   0.00738722   0.00873517
   0.00962276   0.00659627
   0.00464089   0.00446387   0.00462230   0.00442969   0.00472396   0.00489693
   0.00450059   0.00444212   0.00487088   0.00560676   0.00517522   0.00563681
   0.00556169   0.00603771   0.00572663   0.00565226   0.00583509   0.00564727
   0.00616662   0.00618844   0.00555722   0.00614263   0.00633604   0.00665224
   0.00635540   0.00647192   0.00661826   0.00758016   0.00704244   0.00753313
   0.00773666   0.00743971   0.00713047   0.00840916   0.00911269   0.00937130
    0.0157888    0.0476468     0.115382     0.216730     0.333439     0.442593
     0.510299     0.510893     0.446872     0.342344     0.226323     0.130150
    0.0615546    0.0264813    0.0153680    0.0151032    0.0134629    0.0125829
    0.0123057    0.0112682    0.0122465    0.0118526    0.0110426    0.0118857
    0.0103879   0.00978268   0.00949723   0.00982437   0.00901920   0.00924879
   0.00896784   0.00887250   0.00837352   0.00914002   0.00875914    0.0101495
   0.00969220   0.00827730   0.00918714   0.00908396   0.00943450   0.00807725
   0.00879113   0.00997034   0.00868218   0.00821085   0.00957427   0.00981297
   0.00929184   0.00825905   0.00748279   0.00918368   0.00854539   0.00926120
   0.00832050   0.00784806   0.00912990   0.00940099   0.00841592   0.00835636
   0.00962468   0.00890095   0.00828013    0.0104728   0.00994483   0.00926621
   0.00818571   0.00933734   0.00832818   0.00808100   0.00981122    0.0109912
    0.0112554   0.00972570   0.00955280   0.00972262    0.0101959   0.00873809
   0.00981746   0.00975338    0.0102896    0.0104466    0.0105615    0.0111259
   0.00954400    0.0108293    0.0112417   0.00994555    0.0108952   0.00957877
    0.0107886    0.0102142    0.0116870    0.0107978    0.0111458    0.0112010
    0.0116937    0.0111761    0.0119847    0.0119899    0.0119903    0.0114882
    0.0121208    0.0126206    0.0127753    0.0132319    0.0118891    0.0113164
    0.0104433    0.0101327    0.0111779    0.0128582    0.0135428    0.0124894
    0.0112418    0.0125278    0.0123844    0.0117650    0.0117243    0.0118705
    0.0123884    0.0119046    0.0116857    0.0111785    0.0105951    0.0116070
    0.0118434    0.0119566    0.0108930    0.0114715    0.0127320    0.0123238
    0.0120981    0.0107924    0.0118931    0.0132660    0.0124609    0.0117492
    0.0123780    0.0148070    0.0143647    0.0129563    0.0145086    0.0142628
    0.0140531    0.0161412    0.0153353    0.0163103    0.0158022    0.0169414
    0.0171108    0.0151834    0.0168516    0.0192803    0.0182778    0.0189433
    0.0194091    0.0169897    0.0180979    0.0190836    0.0192567    0.0174612
    0.0159345    0.0180489    0.0162742    0.0177889    0.0209281    0.0220773
    0.0212497    0.0209403    0.0211106    0.0179293    0.0211584    0.0255503
    0.0242411    0.0183191    0.0173414    0.0157761    0.0151505    0.0139067
    0.0152292    0.0146069    0.0147405    0.0173569    0.0248677    0.0203104
    0.0147642    0.0127539    0.0128025    0.0135826    0.0141528    0.0130097
    0.0127393    0.0131220    0.0121906    0.0123175    0.0109663    0.0102687
    0.0104956   0.00922493   0.00973693   0.00914842   0.00860455   0.00954646
   0.00832985   0.00607485
   0.00421189   0.00489332   0.00432399   0.00513596   0.00484525   0.00505304
   0.00480119   0.00427165   0.00510367   0.00487634   0.00559010   0.00439827
   0.00579493   0.00577398   0.00545215   0.00562650   0.00592429   0.00499423
   0.00523595   0.00635719   0.00651413   0.00562951   0.00558619   0.00629291
   0.00650027   0.00651602   0.00695357   0.00768631   0.00796040   0.00848137
   0.00799621   0.00854900   0.00916488   0.00898798   0.00956770    0.0107673
    0.0166722    0.0490771     0.118156     0.218238     0.331773     0.441000
     0.499238     0.504914     0.436730     0.337443     0.226075     0.130833
    0.0630631    0.0256662    0.0155887    0.0128306    0.0124242    0.0111246
    0.0105265   0.00993547   0.00958279    0.0103244   0.00871140   0.00959889
   0.00932330   0.00994559   0.00887613   0.00917969   0.00992938   0.00998645
   0.00919919   0.00892530   0.00906119   0.00925726   0.00881344   0.00817308
   0.00901978   0.00904923   0.00887015   0.00931193   0.00866895   0.00823751
   0.00907697   0.00850775   0.00805708   0.00815029   0.00801790   0.00779910
   0.00783638   0.00802548   0.00842990   0.00771986   0.00860945   0.00917742
   0.00814707   0.00903271    0.0103772    0.0108303   0.00976012   0.00967048
    0.0102495   0.00922411   0.00952176   0.00929955   0.00864029   0.00816748
   0.00868970   0.00858984   0.00955101   0.00899196   0.00892359   0.00887289
   0.00985218    0.0105602   0.00944307   0.00883748   0.00913483   0.00963954
    0.0109835    0.0107225    0.0100504   0.00945012    0.0104310    0.0106397
    0.0101577    0.0101532    0.0115054    0.0104631    0.0101119    0.0115545
    0.0109470    0.0104015   0.00983389    0.0108088   0.00997945    0.0106871
    0.0107372   0.00884933   0.00979838    0.0102590    0.0105588    0.0114541
    0.0110328   0.00981614   0.00960174    0.0103188    0.0110546    0.0128363
    0.0124687    0.0109456    0.0120588    0.0114429    0.0109810    0.0108673
    0.0132915    0.0140589    0.0155500    0.0158872    0.0146856    0.0141009
    0.0183337    0.0212051    0.0178457    0.0129387    0.0139561    0.0163713
    0.0154662    0.0127751    0.0137163    0.0155175    0.0181625    0.0165258
    0.0139281    0.0161198    0.0168785    0.0177496    0.0141816    0.0135561
    0.0174418    0.0168639    0.0173619    0.0166240    0.0138870    0.0147632
    0.0171065    0.0150036    0.0129424    0.0132815    0.0124878    0.0126375
    0.0123667    0.0124302    0.0134027    0.0129626    0.0138396    0.0148564
    0.0159447    0.0164410    0.0157195    0.0158836    0.0144865    0.0119334
    0.0126323    0.0147525    0.0131720    0.0131532    0.0149331    0.0143337
    0.0132252    0.0126206    0.0144057    0.0148057    0.0160026    0.0175894
    0.0176931    0.0162435    0.0145872    0.0142832    0.0129450    0.0117808
    0.0143887    0.0156390    0.0149778    0.0149169    0.0147018    0.0140037
    0.0131249    0.0126229    0.0149101    0.0136424    0.0122332    0.0120171
    0.0103197   0.00988251    0.0103957    0.0129461    0.0124032    0.0109476
    0.0113781   0.00918282   0.00934994    0.0106131    0.0125460    0.0128953
   0.00957651   0.00527916
   0.00464902   0.00503900   0.00487080   0.00375906   0.00469026   0.00498039
   0.00504322   0.00478706   0.00455313   0.00497491   0.00532664   0.00503846
   0.00587415   0.00607948   0.00669996   0.00727340   0.00698614   0.00619216
   0.00667643   0.00656167   0.00647754   0.00710382   0.00697501   0.00631938
   0.00637436   0.00693408   0.00747402   0.00713841   0.00728017   0.00734848
   0.00759149   0.00796745   0.00801640   0.00874531   0.00918366   0.00985321
    0.0161825    0.0486328     0.117430     0.217014     0.323835     0.429461
     0.486917     0.489575     0.426215     0.331312     0.224148     0.131652
    0.0640640    0.0270528    0.0150391    0.0118810    0.0115869    0.0119389
    0.0116684    0.0103227    0.0101577   0.00988157   0.00937380   0.00886857
   0.00843655   0.00853697   0.00869205   0.00905096   0.00903627   0.00819671
   0.00858269   0.00912992   0.00912206   0.00803254   0.00885306   0.00795253
   0.00842991   0.00837543   0.00857743   0.00803156   0.00711241   0.00827539
   0.00856497   0.00825563   0.00870245   0.00921227   0.00886920   0.00895532
   0.00723936   0.00616803   0.00714180   0.00903753   0.00831179   0.00828354
   0.00874333   0.00798819   0.00810856   0.00958655   0.00940652   0.00804336
   0.00858901   0.00875773   0.00842528   0.00897608   0.00833719   0.00879192
   0.00960861   0.00979573   0.00816805   0.00777672   0.00832925   0.00880587
   0.00781145   0.00848772   0.00903673   0.00877370    0.0102051   0.00993237
   0.00893370   0.00844042   0.00880099   0.00885810    0.0104139   0.00958929
   0.00967280    0.0109551    0.0109856    0.0107422    0.0119294    0.0136109
    0.0159324    0.0154805    0.0163565    0.0155968    0.0107009   0.00976292
    0.0139184    0.0118053    0.0119006    0.0132711    0.0151447    0.0140210
    0.0135576    0.0142447    0.0151459    0.0144709    0.0158453    0.0136406
    0.0144921    0.0132048    0.0139432    0.0151047    0.0130728    0.0129611
    0.0119972    0.0113704    0.0112172    0.0103887   0.00964617    0.0102517
    0.0107624    0.0107180    0.0119739    0.0125935    0.0117560    0.0110237
    0.0113638    0.0119443    0.0108307    0.0111082    0.0106025    0.0108495
    0.0117856    0.0118399    0.0116862    0.0118777    0.0123912    0.0118924
    0.0111245    0.0128488    0.0137487    0.0132211    0.0126268    0.0135375
    0.0132681    0.0134152    0.0139062    0.0137351    0.0137652    0.0127966
    0.0124010    0.0124789    0.0128967    0.0132250    0.0131339    0.0130123
    0.0142758    0.0157077    0.0155627    0.0142463    0.0141835    0.0147171
    0.0140099    0.0155449    0.0154488    0.0144883    0.0155647    0.0151657
    0.0146789    0.0151832    0.0155756    0.0146185    0.0137136    0.0139876
    0.0153269    0.0154986    0.0137317    0.0133138    0.0126548    0.0118703
    0.0139023    0.0146332    0.0135665    0.0135559    0.0150421    0.0149116
    0.0131451    0.0140768    0.0124068    0.0123262    0.0129564    0.0128025
    0.0128252    0.0122591    0.0104654    0.0103752   0.00941232   0.00997413
    0.0101673    0.0103961    0.0116869   0.00998651   0.00811783   0.00734655
   0.00678627   0.00626277
   0.00492670   0.00546384   0.00502418   0.00513686   0.00583504   0.00641130
   0.00526456   0.00502236   0.00471575   0.00538827   0.00472102   0.00544328
   0.00523810   0.00564045   0.00522787   0.00500042   0.00513299   0.00632461
   0.00644090   0.00599389   0.00626413   0.00594511   0.00650670   0.00647958
   0.00620968   0.00621362   0.00623255   0.00665296   0.00698803   0.00709938
   0.00715794   0.00702296   0.00739795   0.00840989   0.00801645   0.00926396
    0.0166368    0.0501095     0.116071     0.213518     0.319949     0.421743
     0.477665     0.481517     0.419904     0.326674     0.223908     0.133604
    0.0662715    0.0280264    0.0149025    0.0126859    0.0116503    0.0109785
    0.0113471    0.0104531   0.00943630   0.00975938   0.00962593   0.00962027
   0.00920899   0.00876237   0.00898533   0.00887572   0.00896076   0.00926208
   0.00874330   0.00833736   0.00824181   0.00706419   0.00731213   0.00815085
   0.00799061   0.00820641   0.00817915   0.00772989   0.00827494   0.00734874
   0.00762808   0.00776384   0.00800043   0.00838783   0.00793057   0.00855066
   0.00847559   0.00868371   0.00896442   0.00753620   0.00737872   0.00833339
   0.00896957   0.00830065   0.00862027   0.00831750   0.00881841   0.00856912
   0.00922942    0.0116650    0.0109132   0.00971833   0.00981996    0.0107383
   0.00954626   0.00861351   0.00963571   0.00942126   0.00942964    0.0111074
    0.0103532    0.0118692    0.0120187    0.0107215    0.0111832   0.00931709
   0.00962506   0.00990856    0.0113794    0.0107987   0.00936355   0.00848239
    0.0109535   0.00896744   0.00965431    0.0100179   0.00918552   0.00910086
   0.00930096   0.00942904   0.00964979   0.00956379   0.00915183   0.00875007
   0.00977458    0.0110499    0.0105771    0.0100180    0.0109883    0.0114673
    0.0116619    0.0102329   0.00988701   0.00974238    0.0110155    0.0110730
   0.00987772   0.00972464    0.0101749   0.00987912   0.00971874    0.0106319
   0.00978585   0.00946131    0.0103932    0.0100872    0.0106640    0.0111767
    0.0107718   0.00977368    0.0101199    0.0103520    0.0107511    0.0108981
    0.0124607    0.0121468    0.0127092    0.0131672    0.0115692    0.0115774
    0.0113215    0.0111159    0.0101334    0.0111394    0.0118840    0.0112824
    0.0122112    0.0112525    0.0123506    0.0139331    0.0137492    0.0125827
    0.0127518    0.0134392    0.0142934    0.0138633    0.0129963    0.0124648
    0.0119365    0.0128794    0.0135257    0.0142788    0.0132928    0.0137497
    0.0156210    0.0140812    0.0139577    0.0117196    0.0117441    0.0128405
    0.0130027    0.0131072    0.0123239    0.0121739    0.0134218    0.0119052
    0.0109646    0.0122256    0.0111034    0.0122976    0.0122364    0.0132749
    0.0121390    0.0116556    0.0119760    0.0113403    0.0125704    0.0113301
    0.0105835   0.00962505    0.0106507    0.0125731    0.0126851    0.0115454
    0.0109447    0.0122564    0.0103379    0.0124394    0.0138907    0.0126711
    0.0213957    0.0144559    0.0103022    0.0118524    0.0128301    0.0122259
    0.0176402    0.0229708    0.0250642    0.0150864    0.0121107    0.0145374
    0.0269115    0.0193565
   0.00442941   0.00429494   0.00424941   0.00459109   0.00470230   0.00471681
   0.00442717   0.00437844   0.00433571   0.00435895   0.00456987   0.00483555
   0.00534528   0.00569203   0.00547076   0.00533376   0.00530487   0.00561022
   0.00566968   0.00584260   0.00603746   0.00602274   0.00623222   0.00662567
   0.00600451   0.00598169   0.00585293   0.00666208   0.00742241   0.00766732
   0.00751194   0.00766505   0.00793821   0.00862108   0.00858945   0.00903050
    0.0172613    0.0515831     0.118800     0.213300     0.318284     0.416887
     0.469917     0.471570     0.413280     0.323676     0.221403     0.133022
    0.0664807    0.0280661    0.0150096    0.0114105    0.0113032    0.0113759
    0.0110548    0.0105254    0.0106843   0.00980045   0.00835842   0.00889965
   0.00943812   0.00895882   0.00824711   0.00745864   0.00826300   0.00824607
   0.00848470   0.00830177   0.00823012   0.00717506   0.00701564   0.00707976
   0.00705047   0.00711931   0.00789993   0.00911305    0.0103465   0.00905491
   0.00897793    0.0103887    0.0103140    0.0101447   0.00939928    0.0100846
    0.0105455    0.0100980   0.00900139   0.00862123   0.00924473    0.0110300
   0.00998010   0.00798762   0.00921890   0.00932953   0.00810876   0.00785654
   0.00810135   0.00883348   0.00889990   0.00822826   0.00868398   0.00852636
   0.00814899   0.00777431   0.00799385   0.00767414   0.00770928   0.00795109
   0.00775978   0.00789456   0.00863692   0.00823562   0.00790885   0.00860295
   0.00855929   0.00833764   0.00822994   0.00830603   0.00850168   0.00816852
   0.00851730   0.00856003   0.00912591   0.00864757   0.00765980   0.00852649
   0.00869506   0.00842916   0.00850311   0.00974817   0.00997387   0.00904336
   0.00931718   0.00913463   0.00877952   0.00989753    0.0113162    0.0111962
    0.0105635    0.0101821    0.0102771    0.0110724    0.0120032    0.0113576
    0.0102795    0.0110619    0.0111007    0.0100395    0.0102039    0.0103009
   0.00990890    0.0102182    0.0110544    0.0114711    0.0107157    0.0107244
    0.0100366   0.00933556   0.00989677   0.00989033   0.00971736    0.0101530
   0.00987061   0.00921195   0.00876171   0.00909954   0.00925792   0.00865159
    0.0104044    0.0100477   0.00996283    0.0112277   0.00950866   0.00900129
    0.0100222    0.0101589   0.00980953   0.00969850    0.0113701    0.0105693
    0.0101513    0.0105566    0.0116084    0.0116195    0.0111218    0.0101457
    0.0100538    0.0105860    0.0112915    0.0112806    0.0115069    0.0100912
    0.0135638    0.0153360    0.0137715    0.0113223    0.0117643    0.0131430
    0.0124731    0.0107603    0.0125690    0.0144656    0.0181409    0.0231212
    0.0242597    0.0299497    0.0238292    0.0300397     -1.00000     -1.00000
     -1.00000     -1.00000     -1.00000     -1.00000     -1.00000     -1.00000
     -1.00000     -1.00000     -1.00000     -1.00000     -1.00000     -1.00000
     -1.00000     -1.00000     -1.00000     -1.00000     -1.00000     -1.00000
     -1.00000     -1.00000     -1.00000     -1.00000     -1.00000     -1.00000
     -1.00000     -1.00000     -1.00000     -1.00000     -1.00000     -1.00000
     -1.00000     -1.00000
   0.00388043   0.00392488   0.00430065   0.00410916   0.00440366   0.00481475
   0.00479904   0.00504394   0.00493025   0.00506634   0.00510701   0.00502764
   0.00502824   0.00513563   0.00500621   0.00518433   0.00528716   0.00545950
   0.00563100   0.00540434   0.00558115   0.00576290   0.00625670   0.00639064
   0.00609664   0.00599296   0.00618099   0.00622910   0.00648329   0.00723984
   0.00714420   0.00679221   0.00697902   0.00807882   0.00834860   0.00977984
    0.0177949    0.0507811     0.117443     0.207906     0.311145     0.402557
     0.452201     0.455624     0.398843     0.314643     0.217850     0.132154
    0.0666832    0.0281273    0.0151070    0.0121146    0.0111395    0.0109135
    0.0109239    0.0103025    0.0112240    0.0115659    0.0111393    0.0105492
    0.0106246    0.0103104   0.00999558    0.0104252   0.00958691   0.00860464
   0.00967347    0.0101717   0.00870354   0.00938579   0.00920356   0.00854651
   0.00848524   0.00719731   0.00760567   0.00789367   0.00792723   0.00739426
   0.00690846   0.00694334   0.00743870   0.00750439   0.00713676   0.00700872
   0.00783809   0.00818481   0.00724326   0.00662957   0.00735317   0.00771376
   0.00760392   0.00789448   0.00737007   0.00712498   0.00754717   0.00705229
   0.00695063   0.00668219   0.00675573   0.00742507   0.00808331   0.00757601
   0.00748743   0.00785322   0.00761366   0.00788792   0.00738435   0.00764325
   0.00852530   0.00857390   0.00738756   0.00855882   0.00948816   0.00887461
   0.00813737   0.00805101   0.00879553   0.00831305   0.00776868   0.00835347
   0.00865271   0.00828202   0.00836224   0.00775289   0.00889349   0.00905987
   0.00998962   0.00986961   0.00915076   0.00910712   0.00885846   0.00946655
    0.0103162   0.00968101   0.00857315   0.00871762   0.00887478   0.00858694
   0.00916053   0.00962530   0.00961029    0.0101787   0.00961348   0.00902094
   0.00909367   0.00794654   0.00857455   0.00907565   0.00852777   0.00792861
   0.00833636   0.00847400   0.00808996   0.00828731   0.00962888   0.00825809
   0.00749532   0.00762634   0.00832582    0.0102805    0.0100488   0.00939546
    0.0129751    0.0123212   0.00979312   0.00956146   0.00889266    0.0103464
    0.0124885    0.0117002    0.0143502    0.0180818    0.0142731    0.0129761
    0.0128828    0.0154082     -1.00000     -1.00000     -1.00000     -1.00000
     -1.00000     -1.00000     -1.00000     -1.00000     -1.00000     -1.00000
     -1.00000     -1.00000     -1.00000     -1.00000     -1.00000     -1.00000
     -1.00000     -1.00000     -1.00000     -1.00000     -1.00000     -1.00000
     -1.00000     -1.00000     -1.00000     -1.00000     -1.00000     -1.00000
     -1.00000     -1.00000     -1.00000     -1.00000     -1.00000     -1.00000
     -1.00000     -1.00000     -1.00000     -1.00000     -1.00000     -1.00000
     -1.00000     -1.00000     -1.00000     -1.00000     -1.00000     -1.00000
     -1.00000     -1.00000     -1.00000     -1.00000     -1.00000     -1.00000
     -1.00000     -1.00000     -1.00000     -1.00000     -1.00000     -1.00000
     -1.00000     -1.00000     -1.00000     -1.00000     -1.00000     -1.00000
     -1.00000     -1.00000
   0.00470703   0.00454636   0.00429799   0.00408328   0.00456155   0.00484428
   0.00465573   0.00472509   0.00455450   0.00486001   0.00524451   0.00527771
   0.00497618   0.00541570   0.00504609   0.00481100   0.00493541   0.00439158
   0.00469392   0.00535821   0.00541381   0.00540496   0.00550728   0.00542582
   0.00608224   0.00610446   0.00661225   0.00634244   0.00621808   0.00652565
   0.00700408   0.00708232   0.00746352   0.00785775   0.00834862   0.00928650
    0.0186254    0.0540575     0.123366     0.221613     0.331563     0.430402
     0.486256     0.486132     0.428640     0.338824     0.237235     0.145910
    0.0755247    0.0315603    0.0152149    0.0122213    0.0114708    0.0112558
    0.0110817   0.00969863   0.00977068   0.00886385   0.00862161   0.00857980
   0.00865858   0.00879509   0.00782568   0.00797438   0.00756761   0.00750970
   0.00793459   0.00792115   0.00763869   0.00782488   0.00763287   0.00730354
   0.00761877   0.00750430   0.00670474   0.00685186   0.00737423   0.00755891
   0.00710815   0.00707140   0.00695857   0.00666072   0.00631009   0.00638813
   0.00641254   0.00681315   0.00698094   0.00762497   0.00867050   0.00875884
   0.00845180   0.00753908   0.00720395   0.00772407   0.00704673   0.00751673
   0.00755561   0.00759974   0.00880106   0.00914325   0.00856677   0.00859736
   0.00851035   0.00825320   0.00742514   0.00762969   0.00769229   0.00803518
   0.00885691   0.00777831   0.00719855   0.00736644   0.00732508   0.00721202
   0.00745317   0.00745572   0.00694841   0.00700326   0.00720256   0.00636629
   0.00672243   0.00707614   0.00744627   0.00724988   0.00774126   0.00822473
   0.00798245   0.00777496   0.00749107   0.00752452   0.00690275   0.00738467
   0.00817200   0.00788720   0.00756982   0.00754604   0.00925848    0.0109678
    0.0106702    0.0105409    0.0115463    0.0147293    0.0174717    0.0129531
    0.0111163    0.0109983    0.0128488    0.0160894     -1.00000     -1.00000
     -1.00000     -1.00000     -1.00000     -1.00000     -1.00000     -1.00000
     -1.00000     -1.00000     -1.00000     -1.00000     -1.00000     -1.00000
     -1.00000     -1.00000     -1.00000     -1.00000     -1.00000     -1.00000
     -1.00000     -1.00000     -1.00000     -1.00000     -1.00000     -1.00000
     -1.00000     -1.00000     -1.00000     -1.00000     -1.00000     -1.00000
     -1.00000     -1.00000     -1.00000     -1.00000     -1.00000     -1.00000
     -1.00000     -1.00000     -1.00000     -1.00000     -1.00000     -1.00000
     -1.00000     -1.00000     -1.00000     -1.00000     -1.00000     -1.00000
     -1.00000     -1.00000     -1.00000     -1.00000     -1.00000     -1.00000
     -1.00000     -1.00000     -1.00000     -1.00000     -1.00000     -1.00000
     -1.00000     -1.00000     -1.00000     -1.00000     -1.00000     -1.00000
     -1.00000     -1.00000     -1.00000     -1.00000     -1.00000     -1.00000
     -1.00000     -1.00000     -1.00000     -1.00000     -1.00000     -1.00000
     -1.00000     -1.00000     -1.00000     -1.00000     -1.00000     -1.00000
     -1.00000     -1.00000     -1.00000     -1.00000     -1.00000     -1.00000
     -1.00000     -1.00000
   0.00456992   0.00441916   0.00430099   0.00434035   0.00477886   0.00462688
   0.00417411   0.00412799   0.00449389   0.00444546   0.00452210   0.00452772
   0.00457243   0.00453232   0.00474022   0.00522006   0.00514858   0.00524480
   0.00561701   0.00568112   0.00531752   0.00580075   0.00598299   0.00594968
   0.00613769   0.00735423   0.00775000   0.00720542   0.00770789   0.00729096
   0.00782027   0.00774131   0.00770249   0.00826063   0.00947208    0.0107007
    0.0216106    0.0576828     0.120767     0.206741     0.298961     0.379558
     0.430892     0.429398     0.379889     0.302876     0.214890     0.134309
    0.0706009    0.0306136    0.0144096    0.0106530    0.0103461   0.00946300
   0.00919253   0.00951690   0.00891137   0.00839144   0.00841221   0.00814746
   0.00760328   0.00764477   0.00781490   0.00748659   0.00677629   0.00729642
   0.00787698   0.00726325   0.00677243   0.00675169   0.00713956   0.00761019
   0.00756595   0.00743397   0.00782644   0.00754366   0.00777457   0.00778618
   0.00675833   0.00651599   0.00710251   0.00720800   0.00681708   0.00741788
   0.00753442   0.00726357   0.00717001   0.00777732   0.00750016   0.00682026
   0.00677909   0.00702521   0.00639540   0.00580315   0.00564229   0.00630916
   0.00615292   0.00647165   0.00651452   0.00671614   0.00612619   0.00626534
   0.00574297   0.00562425   0.00630468   0.00686698   0.00713054   0.00648635
   0.00619781   0.00739823   0.00728478   0.00728634   0.00734215   0.00743594
    0.0129112    0.0102978   0.00884030    0.0100593    0.0103832    0.0128908
    0.0163339    0.0146512    0.0133912    0.0119242     -1.00000     -1.00000
     -1.00000     -1.00000     -1.00000     -1.00000     -1.00000     -1.00000
     -1.00000     -1.00000     -1.00000     -1.00000     -1.00000     -1.00000
     -1.00000     -1.00000     -1.00000     -1.00000     -1.00000     -1.00000
     -1.00000     -1.00000     -1.00000     -1.00000     -1.00000     -1.00000
     -1.00000     -1.00000     -1.00000     -1.00000     -1.00000     -1.00000
     -1.00000     -1.00000     -1.00000     -1.00000     -1.00000     -1.00000
     -1.00000     -1.00000     -1.00000     -1.00000     -1.00000     -1.00000
     -1.00000     -1.00000     -1.00000     -1.00000     -1.00000     -1.00000
     -1.00000     -1.00000     -1.00000     -1.00000     -1.00000     -1.00000
     -1.00000     -1.00000     -1.00000     -1.00000     -1.00000     -1.00000
     -1.00000     -1.00000     -1.00000     -1.00000     -1.00000     -1.00000
     -1.00000     -1.00000     -1.00000     -1.00000     -1.00000     -1.00000
     -1.00000     -1.00000     -1.00000     -1.00000     -1.00000     -1.00000
     -1.00000     -1.00000     -1.00000     -1.00000     -1.00000     -1.00000
     -1.00000     -1.00000     -1.00000     -1.00000     -1.00000     -1.00000
     -1.00000     -1.00000     -1.00000     -1.00000     -1.00000     -1.00000
     -1.00000     -1.00000     -1.00000     -1.00000     -1.00000     -1.00000
     -1.00000     -1.00000     -1.00000     -1.00000     -1.00000     -1.00000
     -1.00000     -1.00000     -1.00000     -1.00000     -1.00000     -1.00000
     -1.00000     -1.00000
   0.00440577   0.00417830   0.00412079   0.00468621   0.00480348   0.00472180
   0.00429512   0.00441263   0.00479042   0.00557619   0.00573793   0.00542141
   0.00571433   0.00499863   0.00586581   0.00652549   0.00525856   0.00518389
   0.00580059   0.00636101   0.00675286   0.00715944   0.00665553   0.00598907
   0.00597336   0.00607974   0.00630328   0.00583966   0.00624890   0.00674409
   0.00656196   0.00658867   0.00706455   0.00753145   0.00771427   0.00927098
    0.0200238    0.0544918     0.117579     0.200823     0.290329     0.369034
     0.416848     0.414786     0.366508     0.292924     0.210772     0.132836
    0.0709004    0.0317356    0.0147298    0.0110713    0.0103737   0.00981283
   0.00945776   0.00908414   0.00920847   0.00886140   0.00814119   0.00864950
   0.00796143   0.00704139   0.00677264   0.00671148   0.00728860   0.00770407
   0.00751775   0.00705664   0.00663019   0.00650921   0.00668544   0.00662071
   0.00610267   0.00589052   0.00649741   0.00626964   0.00628224   0.00634282
   0.00633918   0.00631944   0.00633300   0.00612119   0.00543755   0.00580012
   0.00591643   0.00581777   0.00642801   0.00575919   0.00617963   0.00609567
   0.00657679   0.00778454   0.00843421   0.00833370   0.00883253   0.00915995
   0.00684103   0.00658224   0.00832419   0.00901810   0.00758241   0.00668269
     -1.00000     -1.00000     -1.00000     -1.00000     -1.00000     -1.00000
     -1.00000     -1.00000     -1.00000     -1.00000     -1.00000     -1.00000
     -1.00000     -1.00000     -1.00000     -1.00000     -1.00000     -1.00000
     -1.00000     -1.00000     -1.00000     -1.00000     -1.00000     -1.00000
     -1.00000     -1.00000     -1.00000     -1.00000     -1.00000     -1.00000
     -1.00000     -1.00000     -1.00000     -1.00000     -1.00000     -1.00000
     -1.00000     -1.00000     -1.00000     -1.00000     -1.00000     -1.00000
     -1.00000     -1.00000     -1.00000     -1.00000     -1.00000     -1.00000
     -1.00000     -1.00000     -1.00000     -1.00000     -1.00000     -1.00000
     -1.00000     -1.00000     -1.00000     -1.00000     -1.00000     -1.00000
     -1.00000     -1.00000     -1.00000     -1.00000     -1.00000     -1.00000
     -1.00000     -1.00000     -1.00000     -1.00000     -1.00000     -1.00000
     -1.00000     -1.00000     -1.00000     -1.00000     -1.00000     -1.00000
     -1.00000     -1.00000     -1.00000     -1.00000     -1.00000     -1.00000
     -1.00000     -1.00000     -1.00000     -1.00000     -1.00000     -1.00000
     -1.00000     -1.00000     -1.00000     -1.00000     -1.00000     -1.00000
     -1.00000     -1.00000     -1.00000     -1.00000     -1.00000     -1.00000
     -1.00000     -1.00000     -1.00000     -1.00000     -1.00000     -1.00000
     -1.00000     -1.00000     -1.00000     -1.00000     -1.00000     -1.00000
     -1.00000     -1.00000     -1.00000     -1.00000     -1.00000     -1.00000
     -1.00000     -1.00000     -1.00000     -1.00000     -1.00000     -1.00000
     -1.00000     -1.00000     -1.00000     -1.00000     -1.00000     -1.00000
     -1.00000     -1.00000     -1.00000     -1.00000     -1.00000     -1.00000
     -1.00000     -1.00000
   0.00497855   0.00573065   0.00494606   0.00463998   0.00486183   0.00493554
   0.00479862   0.00542605   0.00500344   0.00461411   0.00438411   0.00463259
   0.00408545   0.00453105   0.00495390   0.00479051   0.00471257   0.00490527
   0.00502390   0.00512514   0.00507837   0.00524388   0.00548669   0.00574989
   0.00584991   0.00553736   0.00560974   0.00600193   0.00574590   0.00594167
   0.00653717   0.00645669   0.00665697   0.00693658   0.00745567   0.00954844
    0.0216393    0.0576539     0.121855     0.204444     0.293939     0.372796
     0.417505     0.415391     0.369757     0.296948     0.212720     0.133640
    0.0716853    0.0324873    0.0147882    0.0102132   0.00929331   0.00895454
   0.00782846   0.00787407   0.00774409   0.00702321   0.00731814   0.00709892
   0.00647451   0.00685916   0.00662872   0.00584650   0.00603645   0.00634089
   0.00602521   0.00608674   0.00602330   0.00618402   0.00659138   0.00628848
   0.00692908   0.00754101   0.00770434   0.00888060   0.00863876   0.00985118
   0.00849197   0.00707242   0.00843676    0.0111834     -1.00000     -1.00000
     -1.00000     -1.00000     -1.00000     -1.00000     -1.00000     -1.00000
     -1.00000     -1.00000     -1.00000     -1.00000     -1.00000     -1.00000
     -1.00000     -1.00000     -1.00000     -1.00000     -1.00000     -1.00000
     -1.00000     -1.00000     -1.00000     -1.00000     -1.00000     -1.00000
     -1.00000     -1.00000     -1.00000     -1.00000     -1.00000     -1.00000
     -1.00000     -1.00000     -1.00000     -1.00000     -1.00000     -1.00000
     -1.00000     -1.00000     -1.00000     -1.00000     -1.00000     -1.00000
     -1.00000     -1.00000     -1.00000     -1.00000     -1.00000     -1.00000
     -1.00000     -1.00000     -1.00000     -1.00000     -1.00000     -1.00000
     -1.00000     -1.00000     -1.00000     -1.00000     -1.00000     -1.00000
     -1.00000     -1.00000     -1.00000     -1.00000     -1.00000     -1.00000
     -1.00000     -1.00000     -1.00000     -1.00000     -1.00000     -1.00000
     -1.00000     -1.00000     -1.00000     -1.00000     -1.00000     -1.00000
     -1.00000     -1.00000     -1.00000     -1.00000     -1.00000     -1.00000
     -1.00000     -1.00000     -1.00000     -1.00000     -1.00000     -1.00000
     -1.00000     -1.00000     -1.00000     -1.00000     -1.00000     -1.00000
     -1.00000     -1.00000     -1.00000     -1.00000     -1.00000     -1.00000
     -1.00000     -1.00000     -1.00000     -1.00000     -1.00000     -1.00000
     -1.00000     -1.00000     -1.00000     -1.00000     -1.00000     -1.00000
     -1.00000     -1.00000     -1.00000     -1.00000     -1.00000     -1.00000
     -1.00000     -1.00000     -1.00000     -1.00000     -1.00000     -1.00000
     -1.00000     -1.00000     -1.00000     -1.00000     -1.00000     -1.00000
     -1.00000     -1.00000     -1.00000     -1.00000     -1.00000     -1.00000
     -1.00000     -1.00000     -1.00000     -1.00000     -1.00000     -1.00000
     -1.00000     -1.00000     -1.00000     -1.00000     -1.00000     -1.00000
     -1.00000     -1.00000     -1.00000     -1.00000     -1.00000     -1.00000
     -1.00000     -1.00000
   0.00368078   0.00342468   0.00379055   0.00404288   0.00413718   0.00433037
   0.00421657   0.00477946   0.00479538   0.00417377   0.00421036   0.00461350
   0.00468689   0.00478724   0.00485834   0.00472291   0.00439719   0.00417370
   0.00478521   0.00499620   0.00504982   0.00479491   0.00494004   0.00549334
   0.00553024   0.00595642   0.00645236   0.00660164   0.00666035   0.00673471
   0.00659478   0.00656609   0.00687939   0.00667443   0.00725373    0.0103333
    0.0221750    0.0558718     0.113296     0.187119     0.265466     0.332694
     0.370438     0.368506     0.328695     0.264403     0.191274     0.123159
    0.0669968    0.0293730    0.0125381   0.00918773   0.00885552   0.00810903
   0.00808735   0.00826339   0.00835989    0.0103186   0.00910987   0.00900319
   0.00964979    0.0105842    0.0104184    0.0104117    0.0116408     -1.00000
     -1.00000     -1.00000     -1.00000     -1.00000     -1.00000     -1.00000
     -1.00000     -1.00000     -1.00000     -1.00000     -1.00000     -1.00000
     -1.00000     -1.00000     -1.00000     -1.00000     -1.00000     -1.00000
     -1.00000     -1.00000     -1.00000     -1.00000     -1.00000     -1.00000
     -1.00000     -1.00000     -1.00000     -1.00000     -1.00000     -1.00000
     -1.00000     -1.00000     -1.00000     -1.00000     -1.00000     -1.00000
     -1.00000     -1.00000     -1.00000     -1.00000     -1.00000     -1.00000
     -1.00000     -1.00000     -1.00000     -1.00000     -1.00000     -1.00000
     -1.00000     -1.00000     -1.00000     -1.00000     -1.00000     -1.00000
     -1.00000     -1.00000     -1.00000     -1.00000     -1.00000     -1.00000
     -1.00000     -1.00000     -1.00000     -1.00000     -1.00000     -1.00000
     -1.00000     -1.00000     -1.00000     -1.00000     -1.00000     -1.00000
     -1.00000     -1.00000     -1.00000     -1.00000     -1.00000     -1.00000
     -1.00000     -1.00000     -1.00000     -1.00000     -1.00000     -1.00000
     -1.00000     -1.00000     -1.00000     -1.00000     -1.00000     -1.00000
     -1.00000     -1.00000     -1.00000     -1.00000     -1.00000     -1.00000
     -1.00000     -1.00000     -1.00000     -1.00000     -1.00000     -1.00000
     -1.00000     -1.00000     -1.00000     -1.00000     -1.00000     -1.00000
     -1.00000     -1.00000     -1.00000     -1.00000     -1.00000     -1.00000
     -1.00000     -1.00000     -1.00000     -1.00000     -1.00000     -1.00000
     -1.00000     -1.00000     -1.00000     -1.00000     -1.00000     -1.00000
     -1.00000     -1.00000     -1.00000     -1.00000     -1.00000     -1.00000
     -1.00000     -1.00000     -1.00000     -1.00000     -1.00000     -1.00000
     -1.00000     -1.00000     -1.00000     -1.00000     -1.00000     -1.00000
     -1.00000     -1.00000     -1.00000     -1.00000     -1.00000     -1.00000
     -1.00000     -1.00000     -1.00000     -1.00000     -1.00000     -1.00000
     -1.00000     -1.00000     -1.00000     -1.00000     -1.00000     -1.00000
     -1.00000     -1.00000     -1.00000     -1.00000     -1.00000     -1.00000
     -1.00000     -1.00000     -1.00000     -1.00000     -1.00000     -1.00000
     -1.00000     -1.00000
   0.00408798   0.00403172   0.00391495   0.00397204   0.00397490   0.00405556
   0.00404302   0.00434600   0.00461279   0.00473224   0.00478798   0.00474888
   0.00501928   0.00499938   0.00453422   0.00434746   0.00453330   0.00457497
   0.00449377   0.00422620   0.00436550   0.00457124   0.00466665   0.00489727
   0.00536366   0.00549262   0.00533286   0.00543982   0.00555258   0.00549908
   0.00539782   0.00579786   0.00605069   0.00564596   0.00629020   0.00811880
    0.0195502    0.0531319     0.109886     0.184850     0.273799     0.378546
     0.445022     0.471162     0.448882     0.384320     0.294756     0.201000
     -1.00000     -1.00000     -1.00000     -1.00000     -1.00000     -1.00000
     -1.00000     -1.00000     -1.00000     -1.00000     -1.00000     -1.00000
     -1.00000     -1.00000     -1.00000     -1.00000     -1.00000     -1.00000
     -1.00000     -1.00000     -1.00000     -1.00000     -1.00000     -1.00000
     -1.00000     -1.00000     -1.00000     -1.00000     -1.00000     -1.00000
     -1.00000     -1.00000     -1.00000     -1.00000     -1.00000     -1.00000
     -1.00000     -1.00000     -1.00000     -1.00000     -1.00000     -1.00000
     -1.00000     -1.00000     -1.00000     -1.00000     -1.00000     -1.00000
     -1.00000     -1.00000     -1.00000     -1.00000     -1.00000     -1.00000
     -1.00000     -1.00000     -1.00000     -1.00000     -1.00000     -1.00000
     -1.00000     -1.00000     -1.00000     -1.00000     -1.00000     -1.00000
     -1.00000     -1.00000     -1.00000     -1.00000     -1.00000     -1.00000
     -1.00000     -1.00000     -1.00000     -1.00000     -1.00000     -1.00000
     -1.00000     -1.00000     -1.00000     -1.00000     -1.00000     -1.00000
     -1.00000     -1.00000     -1.00000     -1.00000     -1.00000     -1.00000
     -1.00000     -1.00000     -1.00000     -1.00000     -1.00000     -1.00000
     -1.00000     -1.00000     -1.00000     -1.00000     -1.00000     -1.00000
     -1.00000     -1.00000     -1.00000     -1.00000     -1.00000     -1.00000
     -1.00000     -1.00000     -1.00000     -1.00000     -1.00000     -1.00000
     -1.00000     -1.00000     -1.00000     -1.00000     -1.00000     -1.00000
     -1.00000     -1.00000     -1.00000     -1.00000     -1.00000     -1.00000
     -1.00000     -1.00000     -1.00000     -1.00000     -1.00000     -1.00000
     -1.00000     -1.00000     -1.00000     -1.00000     -1.00000     -1.00000
     -1.00000     -1.00000     -1.00000     -1.00000     -1.00000     -1.00000
     -1.00000     -1.00000     -1.00000     -1.00000     -1.00000     -1.00000
     -1.00000     -1.00000     -1.00000     -1.00000     -1.00000     -1.00000
     -1.00000     -1.00000     -1.00000     -1.00000     -1.00000     -1.00000
     -1.00000     -1.00000     -1.00000     -1.00000     -1.00000     -1.00000
     -1.00000     -1.00000     -1.00000     -1.00000     -1.00000     -1.00000
     -1.00000     -1.00000     -1.00000     -1.00000     -1.00000     -1.00000
     -1.00000     -1.00000     -1.00000     -1.00000     -1.00000     -1.00000
     -1.00000     -1.00000     -1.00000     -1.00000     -1.00000     -1.00000
     -1.00000     -1.00000
   0.00458032   0.00466888   0.00419145   0.00400546   0.00396173   0.00421085
   0.00408596   0.00409919   0.00415046   0.00411805   0.00398295   0.00369321
   0.00372633   0.00388248   0.00394501   0.00394193   0.00433416   0.00442908
   0.00417282   0.00435894   0.00440389   0.00452166   0.00420293   0.00431281
   0.00500400   0.00509959   0.00529748   0.00551043   0.00688212   0.00802538
   0.00725066   0.00693383   0.00813201   0.00964667     -1.00000     -1.00000
     -1.00000     -1.00000     -1.00000     -1.00000     -1.00000     -1.00000
     -1.00000     -1.00000     -1.00000     -1.00000     -1.00000     -1.00000
     -1.00000     -1.00000     -1.00000     -1.00000     -1.00000     -1.00000
     -1.00000     -1.00000     -1.00000     -1.00000     -1.00000     -1.00000
     -1.00000     -1.00000     -1.00000     -1.00000     -1.00000     -1.00000
     -1.00000     -1.00000     -1.00000     -1.00000     -1.00000     -1.00000
     -1.00000     -1.00000     -1.00000     -1.00000     -1.00000     -1.00000
     -1.00000     -1.00000     -1.00000     -1.00000     -1.00000     -1.00000
     -1.00000     -1.00000     -1.00000     -1.00000     -1.00000     -1.00000
     -1.00000     -1.00000     -1.00000     -1.00000     -1.00000     -1.00000
     -1.00000     -1.00000     -1.00000     -1.00000     -1.00000     -1.00000
     -1.00000     -1.00000     -1.00000     -1.00000     -1.00000     -1.00000
     -1.00000     -1.00000     -1.00000     -1.00000     -1.00000     -1.00000
     -1.00000     -1.00000     -1.00000     -1.00000     -1.00000     -1.00000
     -1.00000     -1.00000     -1.00000     -1.00000     -1.00000     -1.00000
     -1.00000     -1.00000     -1.00000     -1.00000     -1.00000     -1.00000
     -1.00000     -1.00000     -1.00000     -1.00000     -1.00000     -1.00000
     -1.00000     -1.00000     -1.00000     -1.00000     -1.00000     -1.00000
     -1.00000     -1.00000     -1.00000     -1.00000     -1.00000     -1.00000
     -1.00000     -1.00000     -1.00000     -1.00000     -1.00000     -1.00000
     -1.00000     -1.00000     -1.00000     -1.00000     -1.00000     -1.00000
     -1.00000     -1.00000     -1.00000     -1.00000     -1.00000     -1.00000
     -1.00000     -1.00000     -1.00000     -1.00000     -1.00000     -1.00000
     -1.00000     -1.00000     -1.00000     -1.00000     -1.00000     -1.00000
     -1.00000     -1.00000     -1.00000     -1.00000     -1.00000     -1.00000
     -1.00000     -1.00000     -1.00000     -1.00000     -1.00000     -1.00000
     -1.00000     -1.00000     -1.00000     -1.00000     -1.00000     -1.00000
     -1.00000     -1.00000     -1.00000     -1.00000     -1.00000     -1.00000
     -1.00000     -1.00000     -1.00000     -1.00000     -1.00000     -1.00000
     -1.00000     -1.00000     -1.00000     -1.00000     -1.00000     -1.00000
     -1.00000     -1.00000     -1.00000     -1.00000     -1.00000     -1.00000
     -1.00000     -1.00000     -1.00000     -1.00000     -1.00000     -1.00000
     -1.00000     -1.00000     -1.00000     -1.00000     -1.00000     -1.00000
     -1.00000     -1.00000     -1.00000     -1.00000     -1.00000     -1.00000
     -1.00000     -1.00000
   0.00337240   0.00343897   0.00356431   0.00387038   0.00331860   0.00321293
   0.00348991   0.00359976   0.00368613   0.00367241   0.00355131   0.00370428
   0.00381245   0.00423531   0.00540031   0.00667949   0.00678553   0.00673793
   0.00707400   0.00788749     -1.00000     -1.00000     -1.00000     -1.00000
     -1.00000     -1.00000     -1.00000     -1.00000     -1.00000     -1.00000
     -1.00000     -1.00000     -1.00000     -1.00000     -1.00000     -1.00000
     -1.00000     -1.00000     -1.00000     -1.00000     -1.00000     -1.00000
     -1.00000     -1.00000     -1.00000     -1.00000     -1.00000     -1.00000
     -1.00000     -1.00000     -1.00000     -1.00000     -1.00000     -1.00000
     -1.00000     -1.00000     -1.00000     -1.00000     -1.00000     -1.00000
     -1.00000     -1.00000     -1.00000     -1.00000     -1.00000     -1.00000
     -1.00000     -1.00000     -1.00000     -1.00000     -1.00000     -1.00000
     -1.00000     -1.00000     -1.00000     -1.00000     -1.00000     -1.00000
     -1.00000     -1.00000     -1.00000     -1.00000     -1.00000     -1.00000
     -1.00000     -1.00000     -1.00000     -1.00000     -1.00000     -1.00000
     -1.00000     -1.00000     -1.00000     -1.00000     -1.00000     -1.00000
     -1.00000     -1.00000     -1.00000     -1.00000     -1.00000     -1.00000
     -1.00000     -1.00000     -1.00000     -1.00000     -1.00000     -1.00000
     -1.00000     -1.00000     -1.00000     -1.00000     -1.00000     -1.00000
     -1.00000     -1.00000     -1.00000     -1.00000     -1.00000     -1.00000
     -1.00000     -1.00000     -1.00000     -1.00000     -1.00000     -1.00000
     -1.00000     -1.00000     -1.00000     -1.00000     -1.00000     -1.00000
     -1.00000     -1.00000     -1.00000     -1.00000     -1.00000     -1.00000
     -1.00000     -1.00000     -1.00000     -1.00000     -1.00000     -1.00000
     -1.00000     -1.00000     -1.00000     -1.00000     -1.00000     -1.00000
     -1.00000     -1.00000     -1.00000     -1.00000     -1.00000     -1.00000
     -1.00000     -1.00000     -1.00000     -1.00000     -1.00000     -1.00000
     -1.00000     -1.00000     -1.00000     -1.00000     -1.00000     -1.00000
     -1.00000     -1.00000     -1.00000     -1.00000     -1.00000     -1.00000
     -1.00000     -1.00000     -1.00000     -1.00000     -1.00000     -1.00000
     -1.00000     -1.00000     -1.00000     -1.00000     -1.00000     -1.00000
     -1.00000     -1.00000     -1.00000     -1.00000     -1.00000     -1.00000
     -1.00000     -1.00000     -1.00000     -1.00000     -1.00000     -1.00000
     -1.00000     -1.00000     -1.00000     -1.00000     -1.00000     -1.00000
     -1.00000     -1.00000     -1.00000     -1.00000     -1.00000     -1.00000
     -1.00000     -1.00000     -1.00000     -1.00000     -1.00000     -1.00000
     -1.00000     -1.00000     -1.00000     -1.00000     -1.00000     -1.00000
     -1.00000     -1.00000     -1.00000     -1.00000     -1.00000     -1.00000
     -1.00000     -1.00000     -1.00000     -1.00000     -1.00000     -1.00000
     -1.00000     -1.00000     -1.00000     -1.00000     -1.00000     -1.00000
     -1.00000     -1.00000
   0.00352720   0.00375618   0.00438693   0.00492180   0.00427625   0.00525601
   0.00718339   0.00636025     -1.00000     -1.00000     -1.00000     -1.00000
     -1.00000     -1.00000     -1.00000     -1.00000     -1.00000     -1.00000
     -1.00000     -1.00000     -1.00000     -1.00000     -1.00000     -1.00000
     -1.00000     -1.00000     -1.00000     -1.00000     -1.00000     -1.00000
     -1.00000     -1.00000     -1.00000     -1.00000     -1.00000     -1.00000
     -1.00000     -1.00000     -1.00000     -1.00000     -1.00000     -1.00000
     -1.00000     -1.00000     -1.00000     -1.00000     -1.00000     -1.00000
     -1.00000     -1.00000     -1.00000     -1.00000     -1.00000     -1.00000
     -1.00000     -1.00000     -1.00000     -1.00000     -1.00000     -1.00000
     -1.00000     -1.00000     -1.00000     -1.00000     -1.00000     -1.00000
     -1.00000     -1.00000     -1.00000     -1.00000     -1.00000     -1.00000
     -1.00000     -1.00000     -1.00000     -1.00000     -1.00000     -1.00000
     -1.00000     -1.00000     -1.00000     -1.00000     -1.00000     -1.00000
     -1.00000     -1.00000     -1.00000     -1.00000     -1.00000     -1.00000
     -1.00000     -1.00000     -1.00000     -1.00000     -1.00000     -1.00000
     -1.00000     -1.00000     -1.00000     -1.00000     -1.00000     -1.00000
     -1.00000     -1.00000     -1.00000     -1.00000     -1.00000     -1.00000
     -1.00000     -1.00000     -1.00000     -1.00000     -1.00000     -1.00000
     -1.00000     -1.00000     -1.00000     -1.00000     -1.00000     -1.00000
     -1.00000     -1.00000     -1.00000     -1.00000     -1.00000     -1.00000
     -1.00000     -1.00000     -1.00000     -1.00000     -1.00000     -1.00000
     -1.00000     -1.00000     -1.00000     -1.00000     -1.00000     -1.00000
     -1.00000     -1.00000     -1.00000     -1.00000     -1.00000     -1.00000
     -1.00000     -1.00000     -1.00000     -1.00000     -1.00000     -1.00000
     -1.00000     -1.00000     -1.00000     -1.00000     -1.00000     -1.00000
     -1.00000     -1.00000     -1.00000     -1.00000     -1.00000     -1.00000
     -1.00000     -1.00000     -1.00000     -1.00000     -1.00000     -1.00000
     -1.00000     -1.00000     -1.00000     -1.00000     -1.00000     -1.00000
     -1.00000     -1.00000     -1.00000     -1.00000     -1.00000     -1.00000
     -1.00000     -1.00000     -1.00000     -1.00000     -1.00000     -1.00000
     -1.00000     -1.00000     -1.00000     -1.00000     -1.00000     -1.00000
     -1.00000     -1.00000     -1.00000     -1.00000     -1.00000     -1.00000
     -1.00000     -1.00000     -1.00000     -1.00000     -1.00000     -1.00000
     -1.00000     -1.00000     -1.00000     -1.00000     -1.00000     -1.00000
     -1.00000     -1.00000     -1.00000     -1.00000     -1.00000     -1.00000
     -1.00000     -1.00000     -1.00000     -1.00000     -1.00000     -1.00000
     -1.00000     -1.00000     -1.00000     -1.00000     -1.00000     -1.00000
     -1.00000     -1.00000     -1.00000     -1.00000     -1.00000     -1.00000
     -1.00000     -1.00000     -1.00000     -1.00000     -1.00000     -1.00000
     -1.00000     -1.00000
