     0.000000     0.000000     0.000000     0.000000     0.000000     0.000000
     0.000000     0.000000     0.000000     0.000000     0.000000     0.000000
     0.000000     0.000000     0.000000     0.000000     0.000000     0.000000
     0.000000     0.000000     0.000000     0.000000     0.000000     0.000000
     0.000000     0.000000     0.000000     0.000000     0.000000     0.000000
     0.000000     0.000000     0.000000     0.000000     0.000000     0.000000
     0.000000     0.000000     0.000000     0.000000     0.000000     0.000000
     0.000000     0.000000     0.000000     0.000000     0.000000     0.000000
     0.000000     0.000000     0.000000     0.000000     0.000000     0.000000
     0.000000     0.000000     0.000000     0.000000     0.000000     0.000000
     0.000000     0.000000     0.000000     0.000000     0.000000     0.000000
     0.000000     0.000000     0.000000     0.000000     0.000000     0.000000
     0.000000     0.000000     0.000000     0.000000     0.000000     0.000000
     0.000000     0.000000     0.000000     0.000000     0.000000     0.000000
     0.000000     0.000000     0.000000     0.000000     0.000000     0.000000
     0.000000     0.000000     0.000000     0.000000     0.000000     0.000000
     0.000000     0.000000     0.000000     0.000000     0.000000     0.000000
     0.000000     0.000000     0.000000     0.000000     0.000000     0.000000
     0.000000     0.000000     0.000000     0.000000     0.000000     0.000000
     0.000000     0.000000     0.000000     0.000000     0.000000     0.000000
     0.000000     0.000000     0.000000     0.000000     0.000000     0.000000
     0.000000     0.000000     0.000000     0.000000     0.000000     0.000000
     0.000000     0.000000     0.000000     0.000000     0.000000     0.000000
     0.000000     0.000000     0.000000     0.000000     0.000000     0.259599
     0.223734     0.307879     0.365521     0.419023     0.470858     0.473413
     0.501339     0.600695     0.622258     0.621968     0.605931     0.609102
     0.765997     0.869384     0.899376     0.970311      1.05118      1.13599
      1.25807      1.33669      1.50165      1.75186      1.96091      2.39028
      5.00339      17.2407      52.1130      114.027      184.639      229.915
      223.353      168.666      97.3304      41.5737      13.3547      4.63710
      2.94207      2.59429      2.42959      2.24795      2.06733      1.90807
      1.75607      1.68108      1.64505      1.41005      1.27953      1.12053
     0.910731     0.955198     0.907526     0.806014     0.732359     0.743788
     0.640642     0.557024     0.552071     0.536271     0.532767     0.511896
     0.446004     0.429786     0.394051     0.413122     0.423687     0.411125
     0.446539     0.000000     0.000000     0.000000     0.000000     0.000000
     0.000000     0.000000     0.000000     0.000000     0.000000     0.000000
     0.000000     0.000000     0.000000     0.000000     0.000000     0.000000
     0.000000     0.000000     0.000000     0.000000     0.000000     0.000000
     0.000000     0.000000     0.000000     0.000000     0.000000     0.000000
     0.000000     0.000000     0.000000     0.000000     0.000000     0.000000
     0.000000     0.000000     0.000000     0.000000     0.000000     0.000000
     0.000000     0.000000     0.000000     0.000000     0.000000     0.000000
     0.000000     0.000000     0.000000     0.000000     0.000000     0.000000
     0.000000     0.000000     0.000000     0.000000     0.000000     0.000000
     0.000000     0.000000     0.000000     0.000000     0.000000     0.000000
     0.000000     0.000000     0.000000     0.000000     0.000000     0.000000
     0.000000     0.000000     0.000000     0.000000     0.000000     0.000000
     0.000000     0.000000     0.000000     0.000000     0.000000     0.000000
     0.000000     0.000000     0.000000     0.000000     0.000000     0.000000
     0.000000     0.000000     0.000000     0.000000     0.000000     0.000000
     0.000000     0.000000     0.000000     0.000000     0.000000     0.000000
     0.000000     0.000000     0.000000     0.000000     0.000000     0.000000
     0.000000     0.000000     0.000000     0.000000     0.000000     0.000000
     0.000000     0.000000     0.000000     0.000000     0.000000     0.000000
     0.000000     0.000000     0.000000     0.000000     0.000000     0.000000
     0.000000     0.000000     0.000000     0.000000     0.000000     0.000000
     0.000000     0.000000     0.000000     0.000000     0.000000     0.000000
     0.000000     0.000000     0.000000     0.000000     0.000000     0.000000
     0.000000     0.000000     0.000000     0.000000     0.000000     0.000000
     0.000000     0.000000     0.000000     0.000000     0.000000     0.000000
     0.000000     0.000000     0.000000     0.000000     0.000000     0.000000
     0.000000
     0.000000     0.000000     0.000000     0.000000     0.000000     0.000000
     0.000000     0.000000     0.000000     0.000000     0.000000     0.000000
     0.000000     0.000000     0.000000     0.000000     0.000000     0.000000
     0.000000     0.000000     0.000000     0.000000     0.000000     0.000000
     0.000000     0.000000     0.000000     0.000000     0.000000     0.000000
     0.000000     0.000000     0.000000     0.000000     0.000000     0.000000
     0.000000     0.000000     0.000000     0.000000     0.000000     0.000000
     0.000000     0.000000     0.000000     0.000000     0.000000     0.000000
     0.000000     0.000000     0.000000     0.000000     0.000000     0.000000
     0.000000     0.000000     0.000000     0.000000     0.000000     0.000000
     0.000000     0.000000     0.000000     0.000000     0.000000     0.000000
     0.000000     0.000000     0.000000     0.000000     0.000000     0.000000
     0.000000     0.000000     0.000000     0.000000     0.000000     0.000000
     0.000000     0.000000     0.000000     0.000000     0.000000     0.000000
     0.000000     0.000000     0.000000     0.000000     0.000000     0.000000
     0.000000     0.000000     0.000000     0.000000     0.000000     0.000000
     0.000000     0.000000     0.000000     0.000000     0.000000     0.000000
     0.000000     0.000000     0.000000     0.000000     0.000000     0.000000
     0.000000     0.000000     0.000000     0.000000     0.000000     0.000000
     0.000000     0.000000     0.000000     0.000000     0.000000     0.000000
     0.000000     0.000000     0.000000     0.000000     0.000000     0.000000
     0.000000     0.000000     0.000000     0.000000     0.000000     0.000000
     0.221505     0.250042     0.252171     0.225125     0.252019     0.281476
     0.288803     0.313892     0.340136     0.367752     0.390360     0.404206
     0.401360     0.389521     0.415182     0.458692     0.492693     0.523878
     0.553593     0.587835     0.621684     0.645750     0.682720     0.752052
     0.812663     0.876235     0.940381     0.997656      1.09892      1.24123
      1.37585      1.52553      1.68532      1.90809      2.33645      3.17746
      6.30100      19.1059      53.8139      114.124      182.600      226.496
      220.124      167.320      98.1545      43.4358      14.9673      5.46269
      3.22292      2.54310      2.19315      1.95533      1.83154      1.62818
      1.45015      1.32646      1.31609      1.39525      1.44678      1.44608
      1.33834      1.22168      1.13692      1.13437      1.12310      1.02135
     0.870289     0.800342     0.767523     0.692918     0.697595     0.692860
     0.606023     0.509234     0.500079     0.535791     0.486598     0.462740
     0.465809     0.451417     0.448243     0.417524     0.411710     0.424675
     0.386732     0.381739     0.375332     0.361927     0.357773     0.351773
     0.323274     0.328941     0.345160     0.324481     0.306096     0.253490
     0.229674     0.000000     0.000000     0.000000     0.000000     0.000000
     0.000000     0.000000     0.000000     0.000000     0.000000     0.000000
     0.000000     0.000000     0.000000     0.000000     0.000000     0.000000
     0.000000     0.000000     0.000000     0.000000     0.000000     0.000000
     0.000000     0.000000     0.000000     0.000000     0.000000     0.000000
     0.000000     0.000000     0.000000     0.000000     0.000000     0.000000
     0.000000     0.000000     0.000000     0.000000     0.000000     0.000000
     0.000000     0.000000     0.000000     0.000000     0.000000     0.000000
     0.000000     0.000000     0.000000     0.000000     0.000000     0.000000
     0.000000     0.000000     0.000000     0.000000     0.000000     0.000000
     0.000000     0.000000     0.000000     0.000000     0.000000     0.000000
     0.000000     0.000000     0.000000     0.000000     0.000000     0.000000
     0.000000     0.000000     0.000000     0.000000     0.000000     0.000000
     0.000000     0.000000     0.000000     0.000000     0.000000     0.000000
     0.000000     0.000000     0.000000     0.000000     0.000000     0.000000
     0.000000     0.000000     0.000000     0.000000     0.000000     0.000000
     0.000000     0.000000     0.000000     0.000000     0.000000     0.000000
     0.000000     0.000000     0.000000     0.000000     0.000000     0.000000
     0.000000     0.000000     0.000000     0.000000     0.000000     0.000000
     0.000000     0.000000     0.000000     0.000000     0.000000     0.000000
     0.000000     0.000000     0.000000     0.000000     0.000000     0.000000
     0.000000     0.000000     0.000000     0.000000     0.000000     0.000000
     0.000000     0.000000     0.000000     0.000000     0.000000     0.000000
     0.000000     0.000000     0.000000     0.000000     0.000000     0.000000
     0.000000
     0.000000     0.000000     0.000000     0.000000     0.000000     0.000000
     0.000000     0.000000     0.000000     0.000000     0.000000     0.000000
     0.000000     0.000000     0.000000     0.000000     0.000000     0.000000
     0.000000     0.000000     0.000000     0.000000     0.000000     0.000000
     0.000000     0.000000     0.000000     0.000000     0.000000     0.000000
     0.000000     0.000000     0.000000     0.000000     0.000000     0.000000
     0.000000     0.000000     0.000000     0.000000     0.000000     0.000000
     0.000000     0.000000     0.000000     0.000000     0.000000     0.000000
     0.000000     0.000000     0.000000     0.000000     0.000000     0.000000
     0.000000     0.000000     0.000000     0.000000     0.000000     0.000000
     0.000000     0.000000     0.000000     0.000000     0.000000     0.000000
     0.000000     0.000000     0.000000     0.000000     0.000000     0.000000
     0.000000     0.000000     0.000000     0.000000     0.000000     0.000000
     0.000000     0.000000     0.000000     0.000000     0.000000     0.000000
     0.000000     0.000000     0.000000     0.000000     0.000000     0.000000
     0.000000     0.000000     0.000000     0.000000     0.000000     0.000000
     0.000000     0.000000     0.000000     0.000000     0.000000     0.000000
     0.000000     0.000000     0.000000     0.000000     0.000000     0.000000
     0.000000     0.000000     0.000000     0.000000     0.000000     0.000000
     0.000000     0.000000     0.000000     0.000000     0.000000     0.000000
     0.000000     0.000000     0.188800     0.198483     0.211448     0.214871
     0.233148     0.237686     0.223934     0.233155     0.257296     0.264792
     0.267830     0.265746     0.274443     0.303276     0.330091     0.329789
     0.343616     0.361549     0.366836     0.380047     0.389027     0.428307
     0.447563     0.455691     0.476065     0.505629     0.562160     0.590633
     0.578253     0.608330     0.663614     0.685498     0.728444     0.798792
     0.856980     0.914697     0.995904      1.11164      1.26089      1.41477
      1.59846      1.78598      2.00635      2.34611      2.85265      3.92380
      7.52648      20.8310      55.1173      113.161      178.160      219.552
      213.821      164.101      97.8354      44.8599      16.7991      6.68949
      4.06771      3.14713      2.57470      2.22347      1.98704      1.82496
      1.66293      1.45204      1.29967      1.23690      1.18778      1.13595
      1.09658      1.01448     0.950446     0.993465      1.03994     0.999431
     0.866833     0.793045     0.884336     0.938415     0.925280     0.899754
     0.824550     0.732046     0.664308     0.612566     0.632267     0.583842
     0.481761     0.462008     0.470731     0.490494     0.488676     0.457036
     0.433952     0.437450     0.435378     0.379857     0.376381     0.376745
     0.346962     0.357940     0.373445     0.366422     0.365005     0.342799
     0.322887     0.312179     0.303869     0.305589     0.314796     0.293752
     0.295144     0.317977     0.299495     0.277939     0.287096     0.285344
     0.272037     0.265097     0.252969     0.252206     0.266245     0.280498
     0.249577     0.219540     0.218702     0.000000     0.000000     0.000000
     0.000000     0.000000     0.000000     0.000000     0.000000     0.000000
     0.000000     0.000000     0.000000     0.000000     0.000000     0.000000
     0.000000     0.000000     0.000000     0.000000     0.000000     0.000000
     0.000000     0.000000     0.000000     0.000000     0.000000     0.000000
     0.000000     0.000000     0.000000     0.000000     0.000000     0.000000
     0.000000     0.000000     0.000000     0.000000     0.000000     0.000000
     0.000000     0.000000     0.000000     0.000000     0.000000     0.000000
     0.000000     0.000000     0.000000     0.000000     0.000000     0.000000
     0.000000     0.000000     0.000000     0.000000     0.000000     0.000000
     0.000000     0.000000     0.000000     0.000000     0.000000     0.000000
     0.000000     0.000000     0.000000     0.000000     0.000000     0.000000
     0.000000     0.000000     0.000000     0.000000     0.000000     0.000000
     0.000000     0.000000     0.000000     0.000000     0.000000     0.000000
     0.000000     0.000000     0.000000     0.000000     0.000000     0.000000
     0.000000     0.000000     0.000000     0.000000     0.000000     0.000000
     0.000000     0.000000     0.000000     0.000000     0.000000     0.000000
     0.000000     0.000000     0.000000     0.000000     0.000000     0.000000
     0.000000     0.000000     0.000000     0.000000     0.000000     0.000000
     0.000000     0.000000     0.000000     0.000000     0.000000     0.000000
     0.000000     0.000000     0.000000     0.000000     0.000000     0.000000
     0.000000
     0.000000     0.000000     0.000000     0.000000     0.000000     0.000000
     0.000000     0.000000     0.000000     0.000000     0.000000     0.000000
     0.000000     0.000000     0.000000     0.000000     0.000000     0.000000
     0.000000     0.000000     0.000000     0.000000     0.000000     0.000000
     0.000000     0.000000     0.000000     0.000000     0.000000     0.000000
     0.000000     0.000000     0.000000     0.000000     0.000000     0.000000
     0.000000     0.000000     0.000000     0.000000     0.000000     0.000000
     0.000000     0.000000     0.000000     0.000000     0.000000     0.000000
     0.000000     0.000000     0.000000     0.000000     0.000000     0.000000
     0.000000     0.000000     0.000000     0.000000     0.000000     0.000000
     0.000000     0.000000     0.000000     0.000000     0.000000     0.000000
     0.000000     0.000000     0.000000     0.000000     0.000000     0.000000
     0.000000     0.000000     0.000000     0.000000     0.000000     0.000000
     0.000000     0.000000     0.000000     0.000000     0.000000     0.000000
     0.000000     0.000000     0.000000     0.000000     0.000000     0.000000
     0.000000     0.000000     0.000000     0.000000     0.000000     0.000000
     0.000000     0.000000     0.000000     0.000000     0.000000     0.000000
     0.000000     0.000000     0.000000     0.000000     0.000000     0.000000
     0.000000     0.000000     0.000000     0.000000     0.142484     0.162962
     0.177489     0.186777     0.182122     0.180418     0.185701     0.184761
     0.193309     0.210343     0.227279     0.228608     0.223150     0.229615
     0.226000     0.229233     0.245482     0.254082     0.259723     0.268158
     0.295496     0.310985     0.309436     0.314106     0.323596     0.338873
     0.345247     0.348506     0.365231     0.392104     0.408026     0.428638
     0.446392     0.450446     0.503633     0.545342     0.584100     0.609531
     0.639148     0.695948     0.722437     0.742457     0.808282     0.899376
     0.956293      1.01185      1.14195      1.28720      1.43695      1.60218
      1.79855      2.04850      2.35628      2.86540      3.63072      4.90925
      8.93882      22.7205      56.3724      112.192      174.679      214.157
      208.268      161.061      98.1094      47.0321      19.0321      8.24814
      4.99243      3.80572      3.16116      2.68307      2.32737      2.07166
      1.83104      1.69605      1.58012      1.39831      1.24901      1.16281
      1.09688      1.05400      1.00026     0.943535     0.897691     0.841182
     0.814876     0.783632     0.756820     0.737877     0.705443     0.694904
     0.707441     0.727969     0.705749     0.723638     0.735589     0.727969
     0.755877     0.707852     0.648725     0.625414     0.518215     0.487009
     0.517237     0.506561     0.539058     0.490530     0.413372     0.426016
     0.393637     0.365874     0.371585     0.379414     0.384469     0.399094
     0.378887     0.358852     0.373326     0.364827     0.326004     0.328941
     0.318170     0.285919     0.298089     0.305356     0.293066     0.294827
     0.284697     0.278978     0.285512     0.289024     0.283616     0.292763
     0.284897     0.260101     0.268453     0.274335     0.271281     0.274453
     0.271724     0.265875     0.266765     0.260407     0.232151     0.231366
     0.251838     0.232370     0.229187     0.244002     0.234526     0.226242
     0.225731     0.222280     0.234835     0.240292     0.228065     0.243371
     0.000000     0.000000     0.000000     0.000000     0.000000     0.000000
     0.000000     0.000000     0.000000     0.000000     0.000000     0.000000
     0.000000     0.000000     0.000000     0.000000     0.000000     0.000000
     0.000000     0.000000     0.000000     0.000000     0.000000     0.000000
     0.000000     0.000000     0.000000     0.000000     0.000000     0.000000
     0.000000     0.000000     0.000000     0.000000     0.000000     0.000000
     0.000000     0.000000     0.000000     0.000000     0.000000     0.000000
     0.000000     0.000000     0.000000     0.000000     0.000000     0.000000
     0.000000     0.000000     0.000000     0.000000     0.000000     0.000000
     0.000000     0.000000     0.000000     0.000000     0.000000     0.000000
     0.000000     0.000000     0.000000     0.000000     0.000000     0.000000
     0.000000     0.000000     0.000000     0.000000     0.000000     0.000000
     0.000000     0.000000     0.000000     0.000000     0.000000     0.000000
     0.000000     0.000000     0.000000     0.000000     0.000000     0.000000
     0.000000     0.000000     0.000000     0.000000     0.000000     0.000000
     0.000000     0.000000     0.000000     0.000000     0.000000     0.000000
     0.000000     0.000000     0.000000     0.000000     0.000000     0.000000
     0.000000
     0.000000     0.000000     0.000000     0.000000     0.000000     0.000000
     0.000000     0.000000     0.000000     0.000000     0.000000     0.000000
     0.000000     0.000000     0.000000     0.000000     0.000000     0.000000
     0.000000     0.000000     0.000000     0.000000     0.000000     0.000000
     0.000000     0.000000     0.000000     0.000000     0.000000     0.000000
     0.000000     0.000000     0.000000     0.000000     0.000000     0.000000
     0.000000     0.000000     0.000000     0.000000     0.000000     0.000000
     0.000000     0.000000     0.000000     0.000000     0.000000     0.000000
     0.000000     0.000000     0.000000     0.000000     0.000000     0.000000
     0.000000     0.000000     0.000000     0.000000     0.000000     0.000000
     0.000000     0.000000     0.000000     0.000000     0.000000     0.000000
     0.000000     0.000000     0.000000     0.000000     0.000000     0.000000
     0.000000     0.000000     0.000000     0.000000     0.000000     0.000000
     0.000000     0.000000     0.000000     0.000000     0.000000     0.000000
     0.000000     0.000000     0.000000     0.000000     0.000000     0.000000
     0.000000     0.000000     0.000000     0.000000     0.000000     0.000000
     0.000000     0.000000     0.000000     0.000000     0.000000     0.000000
     0.000000     0.144989     0.148396     0.155163     0.157066     0.164308
     0.162914     0.165979     0.169479     0.175810     0.188057     0.193644
     0.187344     0.180078     0.181253     0.193319     0.201110     0.208751
     0.209494     0.216791     0.230085     0.238724     0.237971     0.239278
     0.246450     0.256752     0.268544     0.287659     0.290331     0.291123
     0.309161     0.334194     0.341973     0.344410     0.368549     0.388935
     0.388189     0.395959     0.414466     0.442121     0.462959     0.478526
     0.512567     0.532759     0.552157     0.588734     0.627682     0.653019
     0.677987     0.733347     0.803516     0.863517     0.919640     0.984823
      1.08405      1.17174      1.29338      1.41369      1.54545      1.76958
      2.02054      2.34018      2.78415      3.34827      4.26545      6.09632
      10.7833      24.4961      56.7140      109.384      166.964      202.976
      197.803      154.580      96.4891      48.0872      20.7936      9.85359
      6.07975      4.50361      3.60764      3.05244      2.66391      2.34795
      2.05839      1.86567      1.71590      1.58525      1.47273      1.34966
      1.22357      1.13755      1.09970      1.08267      1.03903     0.978124
     0.914747     0.859410     0.802440     0.765682     0.746050     0.713381
     0.683091     0.675899     0.673768     0.626234     0.610994     0.608460
     0.601522     0.585222     0.551404     0.568524     0.567460     0.564837
     0.576437     0.521318     0.507895     0.560975     0.549656     0.476504
     0.417114     0.437433     0.445323     0.429637     0.435794     0.462001
     0.435906     0.403614     0.399898     0.382914     0.364809     0.356140
     0.356116     0.338731     0.341027     0.325511     0.301014     0.312195
     0.314027     0.297422     0.292598     0.297179     0.297073     0.314643
     0.326204     0.305163     0.301173     0.290084     0.279114     0.256809
     0.268250     0.277422     0.258229     0.268590     0.269196     0.261774
     0.266521     0.249535     0.235192     0.267164     0.279931     0.257633
     0.250223     0.248975     0.259077     0.256539     0.253142     0.250887
     0.229616     0.225667     0.217123     0.206429     0.233705     0.250113
     0.244880     0.221828     0.212800     0.215109     0.217748     0.215438
     0.227612     0.237417     0.232111     0.217775     0.203269     0.208875
     0.213935     0.217345     0.206053     0.209286     0.207101     0.203908
     0.000000     0.000000     0.000000     0.000000     0.000000     0.000000
     0.000000     0.000000     0.000000     0.000000     0.000000     0.000000
     0.000000     0.000000     0.000000     0.000000     0.000000     0.000000
     0.000000     0.000000     0.000000     0.000000     0.000000     0.000000
     0.000000     0.000000     0.000000     0.000000     0.000000     0.000000
     0.000000     0.000000     0.000000     0.000000     0.000000     0.000000
     0.000000     0.000000     0.000000     0.000000     0.000000     0.000000
     0.000000     0.000000     0.000000     0.000000     0.000000     0.000000
     0.000000     0.000000     0.000000     0.000000     0.000000     0.000000
     0.000000     0.000000     0.000000     0.000000     0.000000     0.000000
     0.000000     0.000000     0.000000     0.000000     0.000000     0.000000
     0.000000     0.000000     0.000000     0.000000     0.000000     0.000000
     0.000000     0.000000     0.000000     0.000000     0.000000     0.000000
     0.000000
     0.000000     0.000000     0.000000     0.000000     0.000000     0.000000
     0.000000     0.000000     0.000000     0.000000     0.000000     0.000000
     0.000000     0.000000     0.000000     0.000000     0.000000     0.000000
     0.000000     0.000000     0.000000     0.000000     0.000000     0.000000
     0.000000     0.000000     0.000000     0.000000     0.000000     0.000000
     0.000000     0.000000     0.000000     0.000000     0.000000     0.000000
     0.000000     0.000000     0.000000     0.000000     0.000000     0.000000
     0.000000     0.000000     0.000000     0.000000     0.000000     0.000000
     0.000000     0.000000     0.000000     0.000000     0.000000     0.000000
     0.000000     0.000000     0.000000     0.000000     0.000000     0.000000
     0.000000     0.000000     0.000000     0.000000     0.000000     0.000000
     0.000000     0.000000     0.000000     0.000000     0.000000     0.000000
     0.000000     0.000000     0.000000     0.000000     0.000000     0.000000
     0.000000     0.000000     0.000000     0.000000     0.000000     0.000000
     0.000000     0.000000     0.000000     0.000000     0.000000     0.000000
     0.000000     0.000000     0.000000     0.000000     0.000000     0.129719
     0.131704     0.140949     0.137803     0.142869     0.156911     0.159661
     0.157269     0.158805     0.159351     0.163257     0.167790     0.167711
     0.171354     0.170681     0.172113     0.174929     0.186838     0.188882
     0.186513     0.205279     0.224789     0.222858     0.220826     0.227265
     0.237162     0.235523     0.242817     0.253530     0.261033     0.266062
     0.275643     0.274564     0.285478     0.303443     0.304476     0.323297
     0.347561     0.352523     0.350988     0.362711     0.376053     0.389054
     0.408517     0.424665     0.445079     0.481888     0.512686     0.529579
     0.549260     0.580505     0.608320     0.636704     0.674716     0.710172
     0.751171     0.790784     0.872928     0.965580      1.03291      1.10359
      1.19774      1.30534      1.43734      1.57244      1.80545      2.07069
      2.32663      2.68967      3.16754      3.88832      5.07355      7.14451
      12.3273      26.5103      57.4963      106.602      160.370      193.998
      189.130      149.111      95.0161      49.5728      22.9820      11.6155
      7.31033      5.37248      4.30375      3.60136      3.09239      2.69049
      2.39023      2.13553      1.91526      1.76863      1.67467      1.55455
      1.43690      1.33369      1.21544      1.14055      1.09827      1.03603
     0.969999     0.927668     0.891651     0.852345     0.822840     0.800745
     0.768315     0.737632     0.708068     0.691245     0.694767     0.661985
     0.613973     0.604792     0.581888     0.589013     0.564986     0.521890
     0.519940     0.536122     0.552428     0.543145     0.529954     0.541942
     0.508866     0.457214     0.453471     0.454556     0.434228     0.458873
     0.466957     0.454535     0.452469     0.433661     0.441287     0.422454
     0.378955     0.382174     0.389320     0.354282     0.329930     0.333881
     0.345296     0.333810     0.322220     0.323085     0.334043     0.343323
     0.333144     0.328039     0.332818     0.317191     0.272992     0.258990
     0.292170     0.296818     0.290246     0.281357     0.272849     0.273216
     0.274849     0.281311     0.295733     0.275537     0.254277     0.266676
     0.259302     0.243046     0.249110     0.248345     0.244836     0.250329
     0.261528     0.273799     0.255633     0.238039     0.245073     0.252172
     0.249336     0.246355     0.255294     0.238214     0.224987     0.231057
     0.212359     0.218535     0.236833     0.228359     0.223367     0.224824
     0.233317     0.234984     0.216871     0.201988     0.220914     0.233096
     0.237403     0.238223     0.219087     0.209112     0.207417     0.197990
     0.202943     0.211961     0.205698     0.199095     0.186082     0.204583
     0.218702     0.207031     0.206306     0.195765     0.201164     0.202613
     0.200413     0.196698     0.199153     0.201332     0.206170     0.197816
     0.190365     0.199824     0.000000     0.000000     0.000000     0.000000
     0.000000     0.000000     0.000000     0.000000     0.000000     0.000000
     0.000000     0.000000     0.000000     0.000000     0.000000     0.000000
     0.000000     0.000000     0.000000     0.000000     0.000000     0.000000
     0.000000     0.000000     0.000000     0.000000     0.000000     0.000000
     0.000000     0.000000     0.000000     0.000000     0.000000     0.000000
     0.000000     0.000000     0.000000     0.000000     0.000000     0.000000
     0.000000     0.000000     0.000000     0.000000     0.000000     0.000000
     0.000000     0.000000     0.000000     0.000000     0.000000     0.000000
     0.000000
     0.000000     0.000000     0.000000     0.000000     0.000000     0.000000
     0.000000     0.000000     0.000000     0.000000     0.000000     0.000000
     0.000000     0.000000     0.000000     0.000000     0.000000     0.000000
     0.000000     0.000000     0.000000     0.000000     0.000000     0.000000
     0.000000     0.000000     0.000000     0.000000     0.000000     0.000000
     0.000000     0.000000     0.000000     0.000000     0.000000     0.000000
     0.000000     0.000000     0.000000     0.000000     0.000000     0.000000
     0.000000     0.000000     0.000000     0.000000     0.000000     0.000000
     0.000000     0.000000     0.000000     0.000000     0.000000     0.000000
     0.000000     0.000000     0.000000     0.000000     0.000000     0.000000
     0.000000     0.000000     0.000000     0.000000     0.000000     0.000000
     0.000000     0.000000     0.000000     0.000000     0.000000     0.000000
     0.000000     0.000000     0.000000     0.000000     0.000000     0.000000
     0.000000     0.000000     0.000000     0.000000     0.000000     0.000000
     0.000000     0.000000     0.000000     0.124680     0.128642     0.131394
     0.136026     0.144412     0.149827     0.151061     0.150204     0.152115
     0.158774     0.157669     0.164808     0.163807     0.160229     0.167056
     0.176295     0.175757     0.171840     0.174218     0.175769     0.184060
     0.190154     0.196809     0.196055     0.200586     0.214088     0.220080
     0.220878     0.219324     0.220550     0.234765     0.242828     0.240955
     0.244863     0.261708     0.272275     0.272206     0.277681     0.283921
     0.297137     0.312880     0.316200     0.316592     0.337339     0.349999
     0.356942     0.380587     0.392945     0.398128     0.409872     0.423595
     0.441036     0.449619     0.488077     0.525160     0.549333     0.581550
     0.614626     0.636914     0.645811     0.689353     0.741729     0.789586
     0.819241     0.876072     0.984313      1.05848      1.11189      1.23143
      1.37607      1.51324      1.65938      1.81714      2.04236      2.32064
      2.66309      3.08559      3.72108      4.61798      5.99049      8.43457
      14.0857      28.3397      58.0898      104.077      153.385      183.644
      179.460      143.482      93.6138      51.0548      25.1646      13.3453
      8.57535      6.26732      4.97782      4.18398      3.51713      3.01984
      2.71429      2.47213      2.21155      2.03013      1.86500      1.71249
      1.59281      1.48335      1.39290      1.31816      1.25547      1.17715
      1.08180      1.02273     0.988532     0.936350     0.883513     0.853019
     0.829101     0.825519     0.806635     0.755372     0.715698     0.696708
     0.656559     0.648835     0.620856     0.586531     0.589511     0.587102
     0.582772     0.572756     0.548425     0.530524     0.530056     0.514598
     0.511148     0.482930     0.455046     0.464534     0.483227     0.485255
     0.467818     0.457427     0.455768     0.444601     0.435663     0.417270
     0.408390     0.412976     0.407067     0.378868     0.369844     0.364467
     0.376910     0.394408     0.391643     0.380338     0.373604     0.361374
     0.339724     0.326023     0.343297     0.349392     0.323453     0.320153
     0.337360     0.332061     0.325688     0.325515     0.301373     0.286878
     0.292884     0.289716     0.263142     0.265622     0.274757     0.267854
     0.275579     0.287420     0.282246     0.271018     0.271902     0.268032
     0.255112     0.244020     0.258890     0.277496     0.269491     0.258110
     0.277966     0.271578     0.250230     0.255552     0.249368     0.248169
     0.251737     0.242488     0.230988     0.221428     0.222149     0.244297
     0.251445     0.235581     0.214293     0.227121     0.256746     0.241370
     0.231245     0.228553     0.232528     0.261074     0.270166     0.251159
     0.225297     0.212326     0.232237     0.240501     0.225451     0.225446
     0.227314     0.216897     0.189962     0.208154     0.233220     0.212496
     0.212432     0.222242     0.213986     0.211503     0.210116     0.208170
     0.213830     0.220184     0.212761     0.203470     0.207986     0.217369
     0.227010     0.218745     0.197842     0.189763     0.198719     0.192230
     0.180885     0.199082     0.213737     0.193892     0.191114     0.186167
     0.181929     0.197832     0.211626     0.216589     0.211536     0.191489
     0.170453     0.165217     0.182942     0.175673     0.163761     0.163265
     0.166167     0.214327     0.000000     0.000000     0.000000     0.000000
     0.000000     0.000000     0.000000     0.000000     0.000000     0.000000
     0.000000     0.000000     0.000000     0.000000     0.000000     0.000000
     0.000000     0.000000     0.000000     0.000000     0.000000     0.000000
     0.000000
     0.000000     0.000000     0.000000     0.000000     0.000000     0.000000
     0.000000     0.000000     0.000000     0.000000     0.000000     0.000000
     0.000000     0.000000     0.000000     0.000000     0.000000     0.000000
     0.000000     0.000000     0.000000     0.000000     0.000000     0.000000
     0.000000     0.000000     0.000000     0.000000     0.000000     0.000000
     0.000000     0.000000     0.000000     0.000000     0.000000     0.000000
     0.000000     0.000000     0.000000     0.000000     0.000000     0.000000
     0.000000     0.000000     0.000000     0.000000     0.000000     0.000000
     0.000000     0.000000     0.000000     0.000000     0.000000     0.000000
     0.000000     0.000000     0.000000     0.000000     0.000000     0.000000
     0.000000     0.000000     0.000000     0.000000     0.000000     0.000000
     0.000000     0.000000     0.000000     0.000000     0.000000     0.000000
     0.000000     0.000000     0.000000     0.000000     0.000000     0.000000
     0.000000     0.000000     0.123252     0.126901     0.123693     0.128628
     0.136100     0.140472     0.139143     0.142929     0.143679     0.144942
     0.147188     0.149549     0.154243     0.153615     0.156404     0.161382
     0.159163     0.165893     0.174250     0.170647     0.173965     0.178132
     0.175451     0.172081     0.182311     0.192559     0.197542     0.201619
     0.204233     0.213443     0.219350     0.222116     0.224457     0.223831
     0.231031     0.238559     0.245717     0.257049     0.259513     0.259140
     0.270073     0.280977     0.294277     0.297217     0.294343     0.308189
     0.317538     0.320510     0.343751     0.366296     0.367882     0.375422
     0.384196     0.402398     0.425231     0.437839     0.445331     0.472126
     0.498640     0.512999     0.536695     0.566984     0.592863     0.614667
     0.633784     0.671557     0.696609     0.740516     0.795254     0.867987
     0.940759      1.02429      1.09548      1.19132      1.28378      1.39578
      1.52104      1.65359      1.84354      2.06379      2.29006      2.61527
      3.06136      3.56098      4.27255      5.33543      6.90125      9.74513
      15.9402      30.3390      59.0006      101.965      147.426      175.662
      172.277      138.758      92.4373      52.5214      27.3678      15.2038
      9.90912      7.21237      5.69526      4.75778      4.04093      3.50021
      3.08139      2.81824      2.54603      2.25320      2.07160      1.92615
      1.81424      1.63518      1.50351      1.44295      1.34391      1.24945
      1.18367      1.15575      1.11579      1.03582      1.02447     0.982928
     0.900009     0.869562     0.866634     0.881574     0.821931     0.780699
     0.737196     0.721783     0.722424     0.684313     0.650783     0.628475
     0.623371     0.575082     0.553296     0.592957     0.602468     0.552883
     0.522011     0.515751     0.516593     0.511321     0.495812     0.491071
     0.491090     0.484254     0.468929     0.481763     0.456334     0.414159
     0.416735     0.405820     0.423819     0.418032     0.391578     0.403560
     0.432434     0.420266     0.401572     0.393550     0.384196     0.347700
     0.329208     0.329172     0.346811     0.314329     0.299979     0.313477
     0.314784     0.315899     0.317300     0.313216     0.318312     0.329428
     0.328320     0.308157     0.297764     0.307275     0.319991     0.314307
     0.312735     0.297539     0.305205     0.289011     0.270624     0.278815
     0.288044     0.302871     0.298024     0.291330     0.278599     0.262672
     0.266992     0.296464     0.315675     0.269199     0.259246     0.266802
     0.278272     0.285352     0.279809     0.256424     0.258280     0.250551
     0.252375     0.253184     0.262238     0.265781     0.257645     0.244153
     0.248564     0.248713     0.243612     0.246955     0.240517     0.249991
     0.258422     0.244712     0.236940     0.244569     0.238569     0.237333
     0.240339     0.253818     0.247736     0.229293     0.235012     0.242535
     0.260030     0.257481     0.236483     0.244150     0.224216     0.199282
     0.197872     0.202176     0.221515     0.223674     0.218910     0.222444
     0.211876     0.206953     0.207631     0.210127     0.217074     0.221934
     0.211738     0.188801     0.180391     0.204868     0.205080     0.202966
     0.213906     0.192923     0.180078     0.184426     0.190384     0.189254
     0.192904     0.207766     0.206752     0.209654     0.197359     0.179636
     0.189662     0.200105     0.208265     0.208988     0.192896     0.179896
     0.158722     0.154070     0.160591     0.179767     0.197238     0.188653
     0.183678     0.163542     0.131891     0.139013     0.139156     0.137353
     0.145961     0.117681    0.0810346    0.0646477    0.0593277    0.0497140
   0.00471792
     0.000000     0.000000     0.000000     0.000000     0.000000     0.000000
     0.000000     0.000000     0.000000     0.000000     0.000000     0.000000
     0.000000     0.000000     0.000000     0.000000     0.000000     0.000000
     0.000000     0.000000     0.000000     0.000000     0.000000     0.000000
     0.000000     0.000000     0.000000     0.000000     0.000000     0.000000
     0.000000     0.000000     0.000000     0.000000     0.000000     0.000000
     0.000000     0.000000     0.000000     0.000000     0.000000     0.000000
     0.000000     0.000000     0.000000     0.000000     0.000000     0.000000
     0.000000     0.000000     0.000000     0.000000     0.000000     0.000000
     0.000000     0.000000     0.000000     0.000000     0.000000     0.000000
     0.000000     0.000000     0.000000     0.000000     0.000000     0.000000
     0.000000     0.000000     0.000000     0.000000     0.000000     0.000000
     0.000000     0.127611     0.126930     0.129286     0.128441     0.130450
     0.131873     0.133728     0.137941     0.143089     0.149820     0.148568
     0.149548     0.146664     0.145491     0.151937     0.152696     0.152835
     0.154543     0.159469     0.159075     0.156567     0.164334     0.174607
     0.175300     0.174529     0.176235     0.182508     0.186467     0.184300
     0.184269     0.199040     0.211169     0.211624     0.205693     0.205606
     0.215621     0.218081     0.220139     0.224940     0.229321     0.237433
     0.252285     0.266403     0.274166     0.281434     0.278331     0.276134
     0.288695     0.300957     0.296619     0.308724     0.321299     0.327706
     0.347717     0.349311     0.341395     0.377097     0.400780     0.412382
     0.428155     0.442463     0.455821     0.474050     0.503503     0.531893
     0.549232     0.560748     0.588310     0.619214     0.638192     0.653986
     0.688284     0.736807     0.778652     0.847004     0.916461     0.976721
      1.02107      1.13082      1.21791      1.30426      1.40582      1.51738
      1.67191      1.85980      2.02777      2.24394      2.61778      3.02178
      3.48350      4.08479      4.88753      6.01698      7.88005      11.1509
      17.9067      32.4840      59.6904      99.4144      141.410      167.218
      164.314      133.753      91.1586      53.6803      29.4904      17.0973
      11.3552      8.44973      6.63796      5.53137      4.59764      4.02558
      3.56778      3.13200      2.76747      2.49485      2.33836      2.22255
      1.99980      1.82849      1.65585      1.56934      1.49147      1.42609
      1.33388      1.28762      1.19451      1.15026      1.12822      1.07677
      1.03269     0.979986     0.924057     0.906233     0.890021     0.842590
     0.789187     0.796082     0.794832     0.790656     0.717187     0.707741
     0.715299     0.705795     0.676196     0.629153     0.611731     0.603319
     0.573699     0.543277     0.555228     0.573252     0.549462     0.537625
     0.541873     0.540295     0.529231     0.526932     0.514636     0.488439
     0.502531     0.519336     0.459349     0.407426     0.406698     0.425151
     0.441381     0.412672     0.402544     0.415250     0.399610     0.397024
     0.383294     0.395768     0.399413     0.414967     0.394294     0.390851
     0.362871     0.373343     0.352083     0.313043     0.338936     0.336512
     0.345149     0.360762     0.366902     0.353086     0.343737     0.318131
     0.315496     0.333884     0.339018     0.337569     0.309398     0.285968
     0.304649     0.310659     0.316763     0.301597     0.299734     0.277406
     0.283486     0.270319     0.290797     0.302463     0.301591     0.312994
     0.321864     0.304428     0.279679     0.262211     0.245233     0.247812
     0.280695     0.292951     0.278387     0.277519     0.268403     0.251449
     0.261225     0.268377     0.282427     0.280989     0.244607     0.245631
     0.264011     0.271782     0.289674     0.282496     0.284130     0.280969
     0.225928     0.236299     0.264689     0.252980     0.223092     0.240959
     0.255404     0.240240     0.205400     0.221150     0.223680     0.228015
     0.234548     0.226906     0.234099     0.226468     0.237444     0.226201
     0.230219     0.227657     0.222963     0.215824     0.222738     0.241940
     0.234353     0.231110     0.233686     0.212905     0.203700     0.235518
     0.242500     0.217935     0.218798     0.213352     0.212818     0.207638
     0.208233     0.215272     0.184498     0.166638     0.139445     0.140334
     0.161963     0.170137     0.166110     0.151259     0.140780     0.131947
     0.135717     0.139265     0.123164     0.107083    0.0962029     0.103477
    0.0941201    0.0895940    0.0791766    0.0723141    0.0823664    0.0783440
    0.0635567    0.0555380    0.0508327    0.0447473    0.0396683    0.0293228
    0.0150769
     0.000000     0.000000     0.000000     0.000000     0.000000     0.000000
     0.000000     0.000000     0.000000     0.000000     0.000000     0.000000
     0.000000     0.000000     0.000000     0.000000     0.000000     0.000000
     0.000000     0.000000     0.000000     0.000000     0.000000     0.000000
     0.000000     0.000000     0.000000     0.000000     0.000000     0.000000
     0.000000     0.000000     0.000000     0.000000     0.000000     0.000000
     0.000000     0.000000     0.000000     0.000000     0.000000     0.000000
     0.000000     0.000000     0.000000     0.000000     0.000000     0.000000
     0.000000     0.000000     0.000000     0.000000     0.000000     0.000000
     0.000000     0.000000     0.000000     0.000000     0.000000     0.000000
     0.000000     0.000000     0.000000     0.000000     0.000000     0.000000
     0.120652     0.120739     0.126866     0.129138     0.126865     0.127749
     0.128455     0.129304     0.132355     0.132638     0.143317     0.149297
     0.145823     0.146940     0.145849     0.149802     0.152461     0.151155
     0.154256     0.157422     0.165090     0.166117     0.166677     0.163198
     0.162740     0.166298     0.167338     0.171910     0.178330     0.181204
     0.179378     0.175758     0.181210     0.192677     0.197456     0.194956
     0.200472     0.205825     0.207787     0.212689     0.209995     0.220181
     0.233523     0.236922     0.242974     0.253943     0.264200     0.261268
     0.261489     0.272546     0.282501     0.289366     0.294593     0.302374
     0.314094     0.317213     0.328609     0.343981     0.357111     0.362158
     0.385401     0.402711     0.398801     0.416909     0.442074     0.446476
     0.454578     0.466929     0.478848     0.499731     0.539937     0.545140
     0.564932     0.622608     0.650982     0.665548     0.687906     0.729477
     0.785146     0.834954     0.881578     0.948874      1.01248      1.05581
      1.15135      1.25454      1.34899      1.47608      1.56865      1.69068
      1.88809      2.08335      2.28800      2.57275      2.93802      3.38970
      3.91607      4.56359      5.46925      6.85730      9.00670      12.5954
      19.7999      34.1000      59.8993      97.1025      135.537      158.658
      155.824      128.671      90.2667      55.1531      31.6859      19.0498
      12.9802      9.59150      7.57137      6.21171      5.16994      4.48330
      3.89388      3.44732      3.12419      2.79814      2.52078      2.36577
      2.27170      2.09580      1.96360      1.86406      1.72019      1.57784
      1.50428      1.47786      1.36688      1.25538      1.25775      1.22842
      1.12353      1.07774      1.00310     0.969481     0.959119     0.925739
     0.921293     0.879232     0.849821     0.820242     0.814653     0.787008
     0.772102     0.728747     0.701611     0.677232     0.664117     0.658223
     0.659059     0.631282     0.604492     0.629158     0.608591     0.595961
     0.589300     0.545417     0.554700     0.552871     0.514594     0.497520
     0.487040     0.475742     0.462848     0.499129     0.490731     0.470560
     0.453588     0.460531     0.451211     0.429836     0.420026     0.411836
     0.419976     0.437307     0.428580     0.380454     0.406375     0.422147
     0.405589     0.404592     0.399320     0.402164     0.377268     0.378744
     0.385840     0.398496     0.384603     0.364822     0.370367     0.370594
     0.373108     0.370231     0.382488     0.337647     0.317947     0.337480
     0.306504     0.326916     0.358463     0.345816     0.311631     0.321197
     0.323300     0.324211     0.337492     0.342593     0.313656     0.289593
     0.281206     0.314330     0.307317     0.286230     0.277429     0.297630
     0.297667     0.306681     0.318941     0.305633     0.280641     0.251663
     0.267532     0.295188     0.308835     0.300569     0.242763     0.261738
     0.301647     0.279575     0.255517     0.279805     0.259107     0.267503
     0.272424     0.256249     0.283756     0.308209     0.288173     0.265047
     0.263328     0.260206     0.265402     0.246378     0.243399     0.240779
     0.257735     0.263370     0.264562     0.270494     0.257042     0.245213
     0.262395     0.236704     0.212296     0.205228     0.212427     0.223365
     0.232544     0.217286     0.229126     0.266812     0.249918     0.245496
     0.274411     0.235202     0.222709     0.245830     0.225917     0.212339
     0.192664     0.218329     0.221651     0.201809     0.187949     0.169386
     0.149455     0.158309     0.167634     0.171877     0.167894     0.152753
     0.138187     0.139573     0.155525     0.146823     0.135743     0.124200
     0.108374    0.0903476    0.0987424    0.0966271    0.0934185    0.0674699
    0.0551323    0.0636252    0.0568872    0.0470443    0.0409646    0.0264519
    0.0272748
     0.000000     0.000000     0.000000     0.000000     0.000000     0.000000
     0.000000     0.000000     0.000000     0.000000     0.000000     0.000000
     0.000000     0.000000     0.000000     0.000000     0.000000     0.000000
     0.000000     0.000000     0.000000     0.000000     0.000000     0.000000
     0.000000     0.000000     0.000000     0.000000     0.000000     0.000000
     0.000000     0.000000     0.000000     0.000000     0.000000     0.000000
     0.000000     0.000000     0.000000     0.000000     0.000000     0.000000
     0.000000     0.000000     0.000000     0.000000     0.000000     0.000000
     0.000000     0.000000     0.000000     0.000000     0.000000     0.000000
     0.000000     0.000000     0.000000     0.000000     0.000000     0.000000
     0.122229     0.123316     0.124382     0.127203     0.121607     0.123068
     0.129091     0.132309     0.133731     0.132341     0.137901     0.141203
     0.143485     0.143517     0.142542     0.144320     0.146068     0.149688
     0.155845     0.154974     0.153770     0.157606     0.162431     0.163023
     0.167719     0.171265     0.168276     0.170844     0.171213     0.174469
     0.184034     0.189601     0.189751     0.190625     0.190750     0.190491
     0.194918     0.196521     0.204843     0.207319     0.206346     0.210381
     0.211430     0.219799     0.221247     0.228561     0.238094     0.235132
     0.246656     0.259897     0.267959     0.265752     0.260306     0.260962
     0.286383     0.300682     0.301687     0.307615     0.322480     0.330694
     0.347149     0.359160     0.366320     0.381324     0.390112     0.406646
     0.422618     0.423370     0.410111     0.423996     0.461648     0.485199
     0.506305     0.517718     0.543325     0.560009     0.586908     0.610510
     0.623639     0.657196     0.692049     0.751745     0.782941     0.826682
     0.848061     0.913913     0.970648      1.02586      1.09444      1.19514
      1.25573      1.32883      1.47849      1.60837      1.76515      1.92347
      2.10363      2.30615      2.55850      2.89148      3.26883      3.75484
      4.34143      5.18206      6.28474      7.78084      10.1206      14.0284
      21.5645      35.8903      60.4420      94.4481      128.679      150.024
      147.289      123.128      88.2770      55.9151      33.5689      21.0024
      14.4498      10.7693      8.47377      7.07012      6.01825      5.16246
      4.47595      3.94351      3.50870      3.14965      2.91161      2.66841
      2.47040      2.30275      2.12832      2.01898      1.90724      1.84160
      1.67847      1.59779      1.48441      1.41075      1.31898      1.25263
      1.22908      1.18201      1.13964      1.08872      1.03174      1.00077
     0.992477     0.936736     0.920205     0.898313     0.903427     0.878904
     0.842692     0.823667     0.838240     0.805640     0.746613     0.714608
     0.709406     0.709152     0.675762     0.669985     0.665271     0.641396
     0.619557     0.589410     0.608773     0.608404     0.555840     0.546083
     0.561503     0.556530     0.563583     0.542849     0.525406     0.497027
     0.484087     0.510649     0.531454     0.509745     0.522182     0.494950
     0.460208     0.479720     0.448718     0.450523     0.455406     0.427344
     0.443765     0.453471     0.434650     0.460611     0.436256     0.428376
     0.404451     0.388195     0.390658     0.371273     0.394148     0.374117
     0.354941     0.373973     0.390593     0.392393     0.371232     0.361339
     0.349452     0.363401     0.377560     0.341236     0.340439     0.360166
     0.332246     0.310976     0.348153     0.345961     0.335981     0.338995
     0.345613     0.351105     0.316173     0.320321     0.327012     0.327367
     0.348933     0.334883     0.327203     0.323407     0.314915     0.301278
     0.296330     0.293797     0.293169     0.298765     0.311590     0.314781
     0.303312     0.317178     0.304068     0.298796     0.288694     0.266522
     0.266152     0.304236     0.312385     0.305798     0.292690     0.297435
     0.307234     0.293217     0.271526     0.283525     0.304802     0.284353
     0.264090     0.255498     0.268050     0.257791     0.270798     0.240487
     0.284772     0.290099     0.259263     0.260300     0.278929     0.263845
     0.253358     0.282629     0.268637     0.270822     0.261839     0.251337
     0.266161     0.278793     0.285359     0.218537     0.246976     0.277961
     0.240827     0.186513     0.194194     0.218514     0.219299     0.195713
     0.163942     0.167583     0.175407     0.216852     0.236131     0.198304
     0.161663     0.160215     0.159400     0.156309     0.164789     0.163806
     0.130659     0.115160     0.116018     0.104674     0.105949     0.106399
     0.103619    0.0880512    0.0752062    0.0813629    0.0911154    0.0529054
    0.0314893
     0.000000     0.000000     0.000000     0.000000     0.000000     0.000000
     0.000000     0.000000     0.000000     0.000000     0.000000     0.000000
     0.000000     0.000000     0.000000     0.000000     0.000000     0.000000
     0.000000     0.000000     0.000000     0.000000     0.000000     0.000000
     0.000000     0.000000     0.000000     0.000000     0.000000     0.000000
     0.000000     0.000000     0.000000     0.000000     0.000000     0.000000
     0.000000     0.000000     0.000000     0.000000     0.000000     0.000000
     0.000000     0.000000     0.000000     0.000000     0.000000     0.000000
     0.000000     0.000000     0.000000     0.000000     0.000000     0.000000
     0.113092     0.114707     0.116998     0.122105     0.123532     0.123293
     0.123766     0.125554     0.129801     0.132017     0.130919     0.133930
     0.134310     0.134967     0.140721     0.145355     0.145538     0.143280
     0.144141     0.147214     0.143460     0.147110     0.156882     0.159287
     0.162101     0.166789     0.170934     0.175865     0.173867     0.173695
     0.175514     0.180869     0.185267     0.184086     0.186221     0.189988
     0.189305     0.188305     0.195013     0.204588     0.208739     0.199477
     0.208316     0.216998     0.212057     0.219008     0.230532     0.233363
     0.235140     0.242439     0.243363     0.245627     0.256950     0.264098
     0.268302     0.277336     0.284165     0.290547     0.296207     0.303579
     0.313593     0.329988     0.337755     0.348816     0.364492     0.361468
     0.371818     0.380795     0.401614     0.412532     0.430625     0.431681
     0.440794     0.464509     0.484037     0.489783     0.517024     0.541737
     0.559636     0.565181     0.588161     0.616737     0.656362     0.662302
     0.680825     0.720452     0.752786     0.787011     0.826259     0.872827
     0.931590     0.996223      1.05835      1.13784      1.22362      1.29829
      1.39989      1.50644      1.63854      1.76049      1.91446      2.03376
      2.31251      2.58734      2.86279      3.20998      3.58808      4.09696
      4.86191      5.73250      6.95024      8.57673      10.9871      15.2405
      23.0521      37.3195      60.4962      91.6562      122.688      141.709
      139.577      117.927      86.5719      56.6771      35.1204      22.6480
      15.7278      11.8915      9.47449      7.67946      6.51133      5.62544
      4.84231      4.33455      3.87511      3.50134      3.16978      2.95282
      2.75085      2.55377      2.33594      2.16814      2.03862      1.89829
      1.82639      1.70546      1.61734      1.56295      1.48332      1.40335
      1.34845      1.27582      1.23306      1.22309      1.17931      1.10388
      1.04456      1.07455      1.04289      1.01648     0.993802     0.929504
     0.910411     0.891888     0.863319     0.849074     0.830797     0.821786
     0.790607     0.803923     0.807435     0.737050     0.730157     0.720086
     0.656169     0.652249     0.682524     0.672132     0.619695     0.590582
     0.612188     0.624786     0.596516     0.595314     0.590028     0.576142
     0.567460     0.581777     0.606779     0.549572     0.529307     0.509299
     0.493707     0.497893     0.482546     0.472638     0.497842     0.514010
     0.520080     0.493955     0.478539     0.485039     0.453284     0.422303
     0.447194     0.500474     0.434007     0.425914     0.426020     0.382629
     0.388829     0.408525     0.387638     0.389787     0.418425     0.448110
     0.419710     0.416694     0.396971     0.399721     0.394551     0.348916
     0.402956     0.407147     0.390547     0.401272     0.386588     0.389919
     0.349747     0.354034     0.336245     0.342841     0.353833     0.380537
     0.355613     0.334712     0.326201     0.340633     0.361300     0.373384
     0.396276     0.342022     0.304110     0.308566     0.345953     0.344584
     0.318969     0.322337     0.334357     0.358352     0.344325     0.298654
     0.265435     0.292953     0.339504     0.362777     0.343545     0.301047
     0.297716     0.315736     0.325736     0.287104     0.308258     0.314211
     0.322169     0.328891     0.331357     0.325304     0.248974     0.276286
     0.303426     0.318502     0.325725     0.302731     0.313591     0.301662
     0.275850     0.271274     0.258648     0.259095     0.242658     0.244341
     0.264163     0.267047     0.245127     0.287642     0.319688     0.287867
     0.279968     0.255255     0.224861     0.197079     0.215624     0.216497
     0.232918     0.232741     0.222416     0.208937     0.182391     0.162180
     0.205828     0.207947     0.205576     0.174613     0.174267     0.172159
     0.136283     0.146317     0.138816     0.133795     0.111140     0.135789
     0.111673    0.0926350    0.0772864    0.0756705    0.0714116    0.0425765
    0.0226068
     0.000000     0.000000     0.000000     0.000000     0.000000     0.000000
     0.000000     0.000000     0.000000     0.000000     0.000000     0.000000
     0.000000     0.000000     0.000000     0.000000     0.000000     0.000000
     0.000000     0.000000     0.000000     0.000000     0.000000     0.000000
     0.000000     0.000000     0.000000     0.000000     0.000000     0.000000
     0.000000     0.000000     0.000000     0.000000     0.000000     0.000000
     0.000000     0.000000     0.000000     0.000000     0.000000     0.000000
     0.000000     0.000000     0.000000     0.000000     0.000000     0.000000
     0.111107     0.113247     0.115223     0.121346     0.123167     0.120674
     0.124141     0.126604     0.130022     0.131522     0.130272     0.130698
     0.133943     0.135033     0.136618     0.141246     0.141260     0.141297
     0.142702     0.146700     0.147501     0.148038     0.150457     0.153545
     0.152065     0.154487     0.157726     0.159196     0.162520     0.164939
     0.170088     0.174032     0.173478     0.169922     0.174720     0.182376
     0.187450     0.190626     0.192888     0.193794     0.192148     0.204002
     0.205642     0.214617     0.221560     0.219628     0.213152     0.218349
     0.232808     0.231307     0.228157     0.229880     0.233827     0.244682
     0.253260     0.256376     0.253473     0.249928     0.260325     0.282242
     0.281254     0.288868     0.302259     0.300892     0.311691     0.325874
     0.332433     0.338778     0.357642     0.378698     0.383630     0.390040
     0.396324     0.420467     0.423206     0.422941     0.444408     0.461464
     0.480057     0.497170     0.493988     0.506219     0.553314     0.586584
     0.592763     0.611018     0.648460     0.669100     0.683198     0.721462
     0.759239     0.796950     0.814556     0.854163     0.896203     0.941089
      1.00967      1.04867      1.15824      1.22787      1.29670      1.41956
      1.51816      1.66506      1.78862      1.95356      2.13370      2.30999
      2.55933      2.84856      3.18804      3.52954      3.95055      4.49929
      5.26675      6.34499      7.62545      9.44710      12.2853      16.7779
      24.5484      38.3060      60.2840      88.7848      116.381      133.351
      131.810      112.373      84.1469      57.1078      37.0104      24.5117
      17.2471      12.9546      10.2795      8.44317      7.13029      6.09307
      5.34371      4.76039      4.28444      3.92502      3.50326      3.18675
      2.96356      2.72956      2.55111      2.36539      2.21123      2.11088
      1.97226      1.86968      1.75978      1.68235      1.60252      1.53573
      1.50542      1.38445      1.35451      1.34425      1.25030      1.22352
      1.20274      1.11809      1.06532      1.05188      1.04535     0.999850
     0.958243     0.951110     0.953811     0.964219     0.872650     0.841057
     0.852794     0.813903     0.812422     0.808397     0.732753     0.715548
     0.718474     0.718181     0.740998     0.736903     0.722517     0.701328
     0.666743     0.652985     0.652687     0.605748     0.595990     0.615517
     0.608500     0.597486     0.607586     0.583186     0.562480     0.573942
     0.573758     0.533333     0.531093     0.527662     0.490847     0.501067
     0.541396     0.551167     0.486929     0.444041     0.467577     0.479979
     0.460675     0.472042     0.455843     0.457642     0.482301     0.464394
     0.430541     0.423298     0.420013     0.431057     0.402395     0.418429
     0.403643     0.420437     0.419039     0.393777     0.407030     0.403377
     0.406511     0.430783     0.413949     0.385001     0.370588     0.373898
     0.346012     0.356766     0.368194     0.360538     0.387807     0.413691
     0.374139     0.360034     0.409331     0.388604     0.338523     0.341417
     0.370172     0.418083     0.398537     0.363525     0.344301     0.319684
     0.372967     0.383666     0.334536     0.341196     0.352641     0.344604
     0.333591     0.347921     0.347785     0.346661     0.322154     0.326549
     0.256105     0.273046     0.307388     0.302390     0.311551     0.316984
     0.334117     0.354130     0.343935     0.340219     0.303401     0.278772
     0.278480     0.287893     0.287037     0.312062     0.302579     0.282327
     0.301440     0.344779     0.340747     0.313923     0.345473     0.332176
     0.337717     0.327944     0.322257     0.314739     0.313362     0.305646
     0.267858     0.238530     0.233151     0.264520     0.289558     0.276453
     0.250946     0.248398     0.261851     0.235989     0.208732     0.219579
     0.180227     0.184432     0.198867     0.177321     0.179536     0.177250
     0.149116     0.179673     0.187216     0.121212     0.119503     0.136507
     0.147470     0.121367    0.0954447    0.0818720    0.0924671    0.0527356
    0.0556602
     0.000000     0.000000     0.000000     0.000000     0.000000     0.000000
     0.000000     0.000000     0.000000     0.000000     0.000000     0.000000
     0.000000     0.000000     0.000000     0.000000     0.000000     0.000000
     0.000000     0.000000     0.000000     0.000000     0.000000     0.000000
     0.000000     0.000000     0.000000     0.000000     0.000000     0.000000
     0.000000     0.000000     0.000000     0.000000     0.000000     0.000000
     0.000000     0.000000     0.000000     0.000000     0.000000     0.000000
     0.000000     0.109764     0.112339     0.110884     0.113688     0.116777
     0.118246     0.122901     0.128272     0.129865     0.126960     0.127556
     0.129508     0.129040     0.134655     0.136713     0.138139     0.138842
     0.140606     0.148100     0.149202     0.146984     0.145663     0.143702
     0.148006     0.151809     0.151318     0.156442     0.157661     0.152326
     0.158705     0.162425     0.169853     0.180542     0.180797     0.178178
     0.182084     0.182653     0.182718     0.183611     0.190633     0.198704
     0.200950     0.209659     0.215668     0.212816     0.212443     0.218149
     0.227675     0.229103     0.227227     0.227773     0.236935     0.233717
     0.236424     0.244247     0.250064     0.277526     0.276803     0.277428
     0.271391     0.266868     0.266767     0.284028     0.285992     0.281022
     0.301563     0.323536     0.325523     0.322549     0.334568     0.343259
     0.362218     0.378706     0.391094     0.392646     0.415355     0.429574
     0.432850     0.458438     0.475244     0.493978     0.490236     0.498306
     0.504142     0.515183     0.528771     0.553347     0.601419     0.637669
     0.645294     0.665656     0.690941     0.717586     0.758223     0.778862
     0.814163     0.878041     0.940273     0.951806     0.986485      1.06270
      1.11768      1.17484      1.25493      1.31872      1.40297      1.49260
      1.60907      1.77288      1.91835      2.10127      2.28991      2.48525
      2.72114      3.02477      3.40035      3.79138      4.33279      4.95520
      5.87502      6.96260      8.28994      10.2270      13.2522      17.9915
      25.8424      39.5203      59.7634      85.1558      110.152      124.971
      123.485      106.681      81.7209      57.0102      38.1843      26.0350
      18.6303      14.2439      11.3317      9.30199      7.86986      6.76818
      5.89420      5.24948      4.60240      4.20291      3.81896      3.53488
      3.23595      2.98706      2.76852      2.53158      2.38836      2.28424
      2.15084      2.01589      1.93741      1.83355      1.74959      1.67500
      1.56440      1.53267      1.47354      1.43465      1.40505      1.35675
      1.33588      1.27886      1.18181      1.13525      1.10817      1.09012
      1.08424      1.03039     0.948577     0.918889     0.933889     0.947035
     0.943420     0.936549     0.846402     0.759834     0.783549     0.839210
     0.800343     0.776244     0.777235     0.768624     0.731524     0.718648
     0.738900     0.721212     0.717116     0.684115     0.644096     0.650524
     0.697037     0.652094     0.627171     0.581399     0.581655     0.582176
     0.583462     0.557677     0.567953     0.530552     0.537308     0.517724
     0.506050     0.548139     0.554778     0.530394     0.536743     0.504665
     0.487283     0.512128     0.506754     0.503256     0.493040     0.470653
     0.477695     0.491052     0.478160     0.456608     0.456546     0.442999
     0.427677     0.435762     0.451108     0.472585     0.456886     0.450695
     0.467623     0.453216     0.404926     0.403218     0.470808     0.466306
     0.390027     0.402697     0.465574     0.471622     0.412911     0.398446
     0.393451     0.402696     0.400520     0.391667     0.394022     0.410453
     0.430017     0.393957     0.423171     0.402179     0.371467     0.357086
     0.358815     0.371874     0.400289     0.352050     0.355338     0.376827
     0.391592     0.343107     0.354844     0.386157     0.362457     0.334865
     0.311462     0.326153     0.402177     0.398970     0.348987     0.357522
     0.355871     0.346794     0.359726     0.336620     0.309011     0.339198
     0.349443     0.342937     0.305791     0.295854     0.337647     0.362134
     0.346239     0.304780     0.306404     0.306610     0.329799     0.353244
     0.387877     0.338094     0.336500     0.315904     0.321392     0.325357
     0.336459     0.281220     0.269804     0.265154     0.270414     0.249733
     0.247391     0.240107     0.224985     0.245169     0.234519     0.266169
     0.218604     0.173259     0.186833     0.238012     0.257179     0.236665
     0.175165     0.153621     0.145213     0.128320     0.127001     0.132702
     0.126776     0.115890    0.0726096    0.0886997    0.0761598    0.0497318
    0.0300362
     0.000000     0.000000     0.000000     0.000000     0.000000     0.000000
     0.000000     0.000000     0.000000     0.000000     0.000000     0.000000
     0.000000     0.000000     0.000000     0.000000     0.000000     0.000000
     0.000000     0.000000     0.000000     0.000000     0.000000     0.000000
     0.000000     0.000000     0.000000     0.000000     0.000000     0.000000
     0.000000     0.000000     0.000000     0.000000     0.000000     0.000000
     0.000000     0.101362     0.106222     0.106867     0.110169     0.115559
     0.117311     0.115131     0.119091     0.122021     0.121973     0.123245
     0.126983     0.130665     0.133415     0.134040     0.132775     0.132963
     0.131804     0.137227     0.147982     0.147171     0.144512     0.152848
     0.155328     0.155219     0.151587     0.150212     0.155118     0.154973
     0.162942     0.166648     0.167439     0.171587     0.174501     0.168808
     0.172128     0.182268     0.187054     0.182002     0.189606     0.205644
     0.204422     0.197738     0.199224     0.196405     0.201967     0.210746
     0.212943     0.218624     0.220946     0.224493     0.235834     0.238749
     0.239162     0.239663     0.243522     0.250268     0.251459     0.249557
     0.255033     0.263786     0.277979     0.290212     0.288623     0.293473
     0.279093     0.292856     0.306167     0.303157     0.317625     0.321137
     0.322812     0.340036     0.354479     0.354304     0.359858     0.374336
     0.391156     0.400167     0.413180     0.425476     0.430652     0.435631
     0.469417     0.485548     0.498245     0.503843     0.505032     0.542236
     0.568328     0.573004     0.575522     0.601076     0.644897     0.671932
     0.683875     0.725154     0.745394     0.746900     0.797860     0.823802
     0.887656     0.928486     0.946906     0.989210      1.05479      1.13550
      1.18822      1.25952      1.35626      1.46475      1.56400      1.66692
      1.78462      1.93858      2.10965      2.26302      2.42540      2.64556
      2.91882      3.32618      3.75429      4.20021      4.77760      5.45337
      6.36530      7.43482      8.90279      11.1289      14.3371      19.2263
      27.3087      40.3346      59.2847      82.2549      104.209      117.772
      116.740      101.557      79.2389      57.0557      39.4829      27.3598
      19.7945      15.2207      12.0795      9.99977      8.42978      7.19441
      6.26636      5.61669      5.06354      4.53474      4.16394      3.82831
      3.48149      3.19672      2.96920      2.78168      2.57922      2.42345
      2.31454      2.22532      2.15557      2.10250      1.93672      1.77700
      1.72017      1.64676      1.59723      1.55070      1.53305      1.44655
      1.37216      1.32604      1.30146      1.26303      1.22114      1.14104
      1.08452      1.08288      1.10033      1.09093      1.06991      1.02344
     0.963412     0.908694     0.916156     0.909523     0.905595     0.882578
     0.863387     0.844946     0.809992     0.776127     0.809404     0.814301
     0.758177     0.743354     0.761701     0.755240     0.724378     0.699352
     0.684893     0.671152     0.662498     0.648284     0.649205     0.652500
     0.601608     0.588859     0.611495     0.629957     0.605004     0.586282
     0.589740     0.611230     0.598756     0.590954     0.588724     0.569999
     0.557255     0.555262     0.555099     0.547568     0.541604     0.524857
     0.552454     0.556835     0.508618     0.524795     0.523756     0.492694
     0.476587     0.510239     0.533807     0.520352     0.464332     0.407175
     0.430487     0.453229     0.487615     0.505649     0.474999     0.464249
     0.472222     0.460469     0.462422     0.434114     0.423422     0.435261
     0.479396     0.443253     0.431344     0.393688     0.370560     0.383158
     0.414839     0.405617     0.408917     0.428530     0.435205     0.415878
     0.383012     0.367092     0.406084     0.417741     0.401626     0.370190
     0.382558     0.395190     0.401114     0.385176     0.420863     0.385480
     0.330718     0.352137     0.373711     0.390289     0.392949     0.347302
     0.359201     0.365383     0.368942     0.349475     0.316324     0.345597
     0.350837     0.339227     0.372828     0.375200     0.327480     0.332384
     0.328963     0.335714     0.364550     0.363317     0.367218     0.372693
     0.350692     0.356647     0.356033     0.352561     0.358576     0.327848
     0.305806     0.300105     0.295677     0.328312     0.320986     0.303371
     0.290737     0.250403     0.248437     0.247188     0.251300     0.252517
     0.237952     0.227259     0.209150     0.195671     0.233540     0.197060
     0.175235     0.181782     0.170109     0.178783     0.151682     0.125926
     0.123772     0.137148     0.110561    0.0854649    0.0763776    0.0632222
    0.0505386
     0.000000     0.000000     0.000000     0.000000     0.000000     0.000000
     0.000000     0.000000     0.000000     0.000000     0.000000     0.000000
     0.000000     0.000000     0.000000     0.000000     0.000000     0.000000
     0.000000     0.000000     0.000000     0.000000     0.000000     0.000000
     0.000000     0.000000     0.000000     0.000000     0.000000     0.000000
     0.000000     0.000000     0.000000     0.102731     0.105250     0.107842
     0.111076     0.112411     0.112224     0.113104     0.115152     0.117326
     0.114423     0.120732     0.129441     0.128850     0.130573     0.131540
     0.133141     0.140314     0.137924     0.137484     0.139841     0.144076
     0.151152     0.151842     0.146287     0.146560     0.153098     0.155948
     0.159831     0.163238     0.162289     0.162843     0.167862     0.169897
     0.173034     0.172816     0.180054     0.182575     0.181344     0.188032
     0.198894     0.201568     0.202683     0.199266     0.201214     0.207634
     0.214064     0.214249     0.212830     0.209879     0.215025     0.226694
     0.237489     0.235692     0.240093     0.227428     0.228879     0.241928
     0.250335     0.242549     0.255845     0.261274     0.269253     0.270526
     0.278142     0.284973     0.285330     0.279669     0.285514     0.295907
     0.306258     0.319779     0.319978     0.327706     0.336298     0.336324
     0.348529     0.367385     0.377430     0.380668     0.372774     0.389471
     0.411417     0.430671     0.447341     0.459941     0.477331     0.497755
     0.509597     0.538085     0.553705     0.564792     0.576694     0.593541
     0.601968     0.612262     0.661206     0.671257     0.687577     0.689595
     0.710490     0.747906     0.797603     0.837697     0.858517     0.899924
     0.951530     0.991315      1.03869      1.08849      1.17659      1.23984
      1.28139      1.35928      1.44566      1.57793      1.70142      1.78986
      1.92221      2.05938      2.23812      2.46403      2.65380      2.89561
      3.19419      3.52263      3.93845      4.42072      5.02704      5.80819
      6.75002      8.07161      9.68479      11.8256      15.1036      20.2288
      28.1118      40.4062      57.9400      78.8144      98.5049      110.145
      109.076      96.2592      76.4777      56.3544      40.0720      28.5157
      21.0746      16.2396      12.9333      10.6857      9.05706      7.73377
      6.72811      5.90603      5.34782      4.90893      4.50573      4.09505
      3.71908      3.43726      3.22909      3.02489      2.83915      2.69052
      2.51845      2.39445      2.23661      2.11944      2.04003      1.92842
      1.82266      1.71779      1.66731      1.65017      1.57099      1.54102
      1.49975      1.46512      1.41285      1.34793      1.29100      1.23496
      1.21805      1.17807      1.14864      1.14017      1.11985      1.07490
      1.05148      1.02623      1.01323     0.975507     0.935390     0.924357
     0.889047     0.875179     0.904017     0.867696     0.818860     0.841107
     0.885091     0.862910     0.813905     0.782516     0.785344     0.789653
     0.792831     0.759246     0.708266     0.708255     0.732588     0.711131
     0.667731     0.628679     0.621878     0.626440     0.645186     0.650494
     0.622365     0.637028     0.626863     0.637480     0.595175     0.573541
     0.626664     0.608626     0.592958     0.587973     0.586802     0.553581
     0.557257     0.517496     0.508935     0.511251     0.519123     0.515503
     0.496340     0.524120     0.542875     0.523887     0.492454     0.500621
     0.494501     0.515177     0.523104     0.483288     0.480694     0.483889
     0.478230     0.478936     0.482713     0.459806     0.461185     0.464289
     0.464239     0.442760     0.444452     0.411630     0.412271     0.433195
     0.465222     0.467890     0.432482     0.396995     0.412028     0.431011
     0.427432     0.443839     0.459853     0.424026     0.380838     0.401332
     0.427650     0.416693     0.420003     0.435148     0.424479     0.406897
     0.405139     0.389482     0.381881     0.394600     0.392415     0.386888
     0.403379     0.402135     0.393212     0.378457     0.360992     0.336288
     0.340870     0.398098     0.411379     0.377622     0.361360     0.358029
     0.386688     0.381590     0.370915     0.349704     0.339620     0.366155
     0.425410     0.410273     0.398609     0.364181     0.340463     0.332554
     0.337610     0.350335     0.382942     0.316776     0.288019     0.300077
     0.285510     0.284660     0.286684     0.258905     0.237386     0.251361
     0.235365     0.219963     0.199569     0.185371     0.197069     0.196037
     0.200157     0.189946     0.205176     0.196903     0.167155     0.143710
     0.125731    0.0962221     0.108884     0.125652    0.0928993    0.0586578
    0.0135430
     0.000000     0.000000     0.000000     0.000000     0.000000     0.000000
     0.000000     0.000000     0.000000     0.000000     0.000000     0.000000
     0.000000     0.000000     0.000000     0.000000     0.000000     0.000000
     0.000000     0.000000     0.000000     0.000000     0.000000     0.000000
     0.000000     0.000000     0.000000     0.000000    0.0950377    0.0976626
    0.0980147     0.104246     0.107391     0.110385     0.112184     0.112616
     0.114979     0.117886     0.118645     0.123117     0.125777     0.124621
     0.124799     0.127116     0.131389     0.131352     0.131713     0.134581
     0.136864     0.139241     0.141235     0.146512     0.148043     0.152565
     0.154710     0.155155     0.159222     0.167620     0.172643     0.166559
     0.165401     0.167302     0.172164     0.177382     0.182112     0.186097
     0.188864     0.188175     0.187798     0.186431     0.187518     0.192435
     0.190818     0.194546     0.200168     0.205402     0.208511     0.207049
     0.220785     0.232537     0.225346     0.223079     0.237150     0.234722
     0.232873     0.245993     0.253245     0.245364     0.259589     0.263000
     0.262560     0.272748     0.270698     0.273936     0.288702     0.300209
     0.295904     0.298373     0.306588     0.308212     0.328185     0.325991
     0.318659     0.325310     0.334376     0.340604     0.349402     0.367036
     0.375839     0.374566     0.385670     0.407561     0.420172     0.434610
     0.451614     0.478562     0.500186     0.490304     0.515031     0.527407
     0.545333     0.544491     0.546952     0.572509     0.601462     0.616203
     0.629925     0.655553     0.679348     0.706148     0.755961     0.757909
     0.792678     0.825476     0.872637     0.919860     0.957209     0.996651
      1.01309      1.07157      1.12610      1.14170      1.22521      1.28813
      1.37595      1.49757      1.55741      1.63458      1.77351      1.91889
      2.06775      2.22123      2.42295      2.66909      2.86402      3.13195
      3.48852      3.84345      4.24698      4.74044      5.33290      6.13347
      7.16103      8.40664      10.1985      12.6071      16.0061      21.0770
      28.7788      40.6086      56.5230      75.0206      91.9945      101.870
      101.624      90.5788      73.3621      55.4969      40.3192      29.2897
      22.0240      17.2392      13.8394      11.5616      9.78645      8.33913
      7.23801      6.51450      5.79417      5.23178      4.77604      4.38101
      3.99552      3.66835      3.49116      3.22919      2.99784      2.78445
      2.66085      2.56868      2.43042      2.29471      2.17413      2.09769
      2.01267      1.94745      1.88915      1.75809      1.69110      1.66180
      1.57228      1.48794      1.45670      1.45271      1.37334      1.33026
      1.29546      1.25625      1.18418      1.15429      1.18867      1.17820
      1.13908      1.09923      1.03957      1.02763      1.03971      1.02142
      1.01197     0.975011     0.945699     0.897979     0.911488     0.910840
     0.884571     0.878340     0.866164     0.839063     0.802063     0.790494
     0.755740     0.757111     0.764319     0.757438     0.753551     0.719448
     0.720636     0.706648     0.720195     0.719657     0.703677     0.667399
     0.647306     0.642881     0.618181     0.579859     0.619819     0.629785
     0.639839     0.649581     0.625000     0.632783     0.624300     0.601184
     0.598774     0.636728     0.592570     0.547275     0.561260     0.538782
     0.535795     0.567626     0.564070     0.531479     0.559464     0.577947
     0.598680     0.596321     0.570199     0.538957     0.538894     0.527890
     0.520395     0.532045     0.523706     0.519663     0.485036     0.522047
     0.554719     0.506431     0.504567     0.506022     0.515035     0.523013
     0.504585     0.489821     0.485501     0.466700     0.471202     0.445513
     0.449225     0.468531     0.488168     0.457847     0.450641     0.432037
     0.433300     0.448255     0.470486     0.436946     0.407245     0.436420
     0.431768     0.405788     0.384391     0.404348     0.438636     0.441789
     0.415525     0.406595     0.400153     0.373430     0.399975     0.414879
     0.416771     0.450101     0.452396     0.408872     0.366735     0.355041
     0.379906     0.374727     0.362302     0.384586     0.425321     0.385403
     0.355209     0.394067     0.412733     0.413426     0.433135     0.411546
     0.399551     0.358566     0.364698     0.322642     0.287108     0.317812
     0.346962     0.323040     0.308763     0.301796     0.292969     0.323206
     0.327711     0.280564     0.245922     0.232926     0.220693     0.219214
     0.246504     0.251785     0.236377     0.204704     0.187837     0.174859
     0.169839     0.161830     0.136813     0.114507     0.117666    0.0751222
    0.0616533
     0.000000     0.000000     0.000000     0.000000     0.000000     0.000000
     0.000000     0.000000     0.000000     0.000000     0.000000     0.000000
     0.000000     0.000000     0.000000     0.000000     0.000000     0.000000
     0.000000     0.000000     0.000000     0.000000     0.000000    0.0839752
    0.0902995    0.0930657    0.0988854    0.0997682     0.102032     0.102595
     0.104734     0.106435     0.108574     0.111768     0.113580     0.115937
     0.117472     0.119271     0.121720     0.126778     0.129076     0.129139
     0.131607     0.134781     0.138991     0.139986     0.141246     0.145471
     0.144058     0.150178     0.155738     0.158106     0.157989     0.153126
     0.161726     0.162560     0.157348     0.167779     0.172561     0.176826
     0.177434     0.185457     0.182889     0.183762     0.190750     0.190698
     0.194916     0.197455     0.199289     0.204623     0.200460     0.208091
     0.214470     0.215431     0.217197     0.214236     0.227533     0.227149
     0.235186     0.238427     0.245907     0.237571     0.248437     0.252755
     0.256830     0.258610     0.264413     0.257899     0.274385     0.277861
     0.279697     0.287257     0.288707     0.290126     0.292080     0.310238
     0.302850     0.311968     0.315797     0.330965     0.352439     0.346944
     0.350765     0.364072     0.364888     0.373606     0.386665     0.395094
     0.407618     0.418955     0.421414     0.437113     0.445991     0.466124
     0.487276     0.497625     0.508126     0.522924     0.550959     0.553033
     0.560414     0.596137     0.609357     0.609418     0.614715     0.664387
     0.709959     0.707761     0.729108     0.759788     0.782518     0.837682
     0.857774     0.857253     0.907466     0.918692     0.965509      1.03906
      1.11676      1.15533      1.20447      1.24317      1.29323      1.37509
      1.47723      1.57642      1.66189      1.73153      1.88498      2.06654
      2.21867      2.38226      2.55757      2.73481      2.99797      3.32396
      3.65868      3.98827      4.48694      5.09574      5.75485      6.60652
      7.65668      8.99900      10.8297      13.2759      16.7840      21.8879
      29.4286      40.3922      55.0758      71.9399      87.1786      96.1295
      95.7300      86.1027      70.7935      54.6384      40.5293      30.1343
      22.9519      18.0100      14.5945      12.1852      10.2827      8.78274
      7.68943      6.78279      6.06899      5.52311      5.06379      4.73010
      4.29450      3.93154      3.70709      3.43124      3.20985      3.04766
      2.87920      2.74487      2.56934      2.42282      2.27166      2.17397
      2.08585      2.05946      1.97729      1.88262      1.74414      1.66304
      1.62425      1.64014      1.60484      1.53202      1.44267      1.39658
      1.37960      1.35904      1.33107      1.33217      1.28130      1.21759
      1.19321      1.17509      1.15131      1.14672      1.13377      1.11224
      1.07709      1.06620      1.04045      1.02633      1.01926     0.988981
     0.956010     0.921300     0.908216     0.917216     0.870613     0.851304
     0.859578     0.857512     0.840628     0.798846     0.759881     0.742015
     0.773373     0.770904     0.752631     0.693483     0.663614     0.656706
     0.695393     0.738742     0.721120     0.686909     0.675701     0.697266
     0.693340     0.667882     0.646478     0.644479     0.655572     0.648409
     0.656452     0.652441     0.683848     0.651936     0.615147     0.585508
     0.610758     0.643109     0.614503     0.589988     0.553252     0.559482
     0.589397     0.571156     0.540937     0.482884     0.507041     0.541593
     0.543586     0.534613     0.494899     0.505406     0.514856     0.533775
     0.580841     0.584127     0.579361     0.557716     0.545475     0.523876
     0.534102     0.526886     0.475423     0.447372     0.494758     0.519454
     0.517465     0.510798     0.487476     0.507262     0.497817     0.478749
     0.452921     0.457115     0.441331     0.460508     0.480797     0.465773
     0.463283     0.456390     0.456555     0.474300     0.500477     0.454732
     0.409841     0.411341     0.458165     0.448689     0.410396     0.389689
     0.418087     0.421365     0.430779     0.445246     0.445380     0.490603
     0.464395     0.429336     0.420600     0.417022     0.380013     0.381416
     0.416009     0.399184     0.402596     0.397036     0.394573     0.372016
     0.347732     0.389069     0.395224     0.376809     0.336011     0.346373
     0.353224     0.308058     0.288945     0.318453     0.323906     0.307665
     0.294457     0.288407     0.266439     0.258651     0.272745     0.259266
     0.206815     0.200282     0.224770     0.198505     0.180663     0.178353
     0.187212     0.157086     0.125269     0.133170     0.103704    0.0630769
    0.0473641
     0.000000     0.000000     0.000000     0.000000     0.000000     0.000000
     0.000000     0.000000     0.000000     0.000000     0.000000     0.000000
     0.000000     0.000000     0.000000     0.000000     0.000000     0.000000
     0.000000    0.0810995    0.0835267    0.0868980    0.0882271    0.0909805
    0.0926764    0.0974310    0.0992486     0.102856     0.108300     0.109000
     0.106670     0.111263     0.117012     0.121174     0.121435     0.121445
     0.124183     0.125175     0.130329     0.132776     0.130173     0.134669
     0.138478     0.142204     0.147986     0.150223     0.147025     0.152113
     0.158840     0.163336     0.160514     0.164097     0.165222     0.168913
     0.171481     0.174119     0.180742     0.183823     0.185876     0.186250
     0.190076     0.192124     0.186527     0.186046     0.193706     0.200584
     0.202563     0.208890     0.208580     0.210328     0.216952     0.230949
     0.226481     0.230363     0.234920     0.240316     0.235677     0.246620
     0.245111     0.256693     0.257245     0.257690     0.257424     0.267513
     0.270141     0.270033     0.268314     0.279424     0.297894     0.303409
     0.293241     0.295267     0.305531     0.316150     0.321807     0.324188
     0.345370     0.342627     0.349782     0.358194     0.349584     0.354722
     0.355902     0.359187     0.383790     0.376649     0.383115     0.398164
     0.417876     0.428817     0.452172     0.460498     0.472817     0.505791
     0.520201     0.528449     0.549833     0.560280     0.559509     0.569637
     0.591896     0.622890     0.632027     0.638559     0.672668     0.701934
     0.712487     0.748126     0.788186     0.803837     0.815077     0.846386
     0.909058     0.933822     0.954383      1.00376      1.04043      1.10043
      1.16994      1.22399      1.27164      1.30258      1.35869      1.44393
      1.56754      1.66097      1.72839      1.83826      1.98033      2.12691
      2.29359      2.52477      2.72341      2.94342      3.24184      3.53295
      3.86577      4.27604      4.79345      5.38749      6.10547      7.00323
      8.12702      9.54891      11.3978      13.8830      17.4760      22.6284
      29.9742      40.3943      53.8702      68.4731      81.7662      89.7233
      89.0532      80.6179      67.8437      53.5181      40.8333      30.9028
      23.8004      18.7834      15.2778      12.7063      10.7199      9.38137
      8.32099      7.33015      6.55096      5.91259      5.34694      4.97926
      4.58049      4.22556      3.95320      3.67735      3.38722      3.12745
      2.96954      2.88789      2.76239      2.60616      2.44049      2.31081
      2.23770      2.19332      2.08267      1.99522      1.91380      1.84810
      1.84857      1.74309      1.65377      1.62444      1.58925      1.55772
      1.49574      1.44272      1.40348      1.37828      1.31034      1.26595
      1.27387      1.23579      1.19888      1.15471      1.17908      1.22197
      1.17046      1.11570      1.09202      1.05098      1.07822      1.06194
      1.01137     0.940080     0.930448     0.932944     0.911513     0.907169
     0.872553     0.890754     0.877566     0.835723     0.832230     0.819367
     0.819698     0.826525     0.817672     0.731646     0.754817     0.782296
     0.792489     0.757425     0.734437     0.755420     0.746909     0.696882
     0.688366     0.691029     0.692812     0.681543     0.628249     0.633504
     0.688240     0.665020     0.641830     0.633944     0.643275     0.652858
     0.638742     0.628545     0.635354     0.587869     0.560482     0.569999
     0.581232     0.594543     0.588109     0.591103     0.625056     0.564554
     0.544543     0.594902     0.576300     0.574938     0.577536     0.577580
     0.549003     0.538327     0.539497     0.530827     0.543321     0.553464
     0.526974     0.516688     0.523819     0.531402     0.535332     0.504800
     0.523115     0.554050     0.559716     0.546537     0.474955     0.473315
     0.527277     0.519489     0.485477     0.459493     0.479024     0.495538
     0.483662     0.492233     0.468260     0.477235     0.478366     0.465789
     0.499589     0.463006     0.454675     0.489666     0.522080     0.517352
     0.473954     0.468573     0.465488     0.440862     0.402091     0.418213
     0.424898     0.394701     0.419933     0.465618     0.454485     0.428940
     0.421631     0.429716     0.421413     0.434833     0.399562     0.409634
     0.418259     0.397123     0.390593     0.393492     0.398957     0.423990
     0.407265     0.362951     0.332049     0.334058     0.291586     0.302140
     0.298333     0.241042     0.225232     0.233369     0.242735     0.241392
     0.248431     0.255500     0.228454     0.200032     0.156136     0.155596
     0.151348     0.121576     0.108868    0.0908622     0.116011    0.0914339
    0.0216052
     0.000000     0.000000     0.000000     0.000000     0.000000     0.000000
     0.000000     0.000000     0.000000     0.000000     0.000000     0.000000
     0.000000     0.000000     0.000000    0.0766292    0.0792848    0.0820181
    0.0846196    0.0881531    0.0917135    0.0908796    0.0915677    0.0943783
    0.0985070     0.102202     0.104316     0.105554     0.107606     0.110714
     0.114676     0.111947     0.115939     0.121310     0.125999     0.129001
     0.131037     0.136950     0.135344     0.138313     0.141733     0.144407
     0.146775     0.146433     0.152308     0.153871     0.159603     0.158159
     0.162273     0.171639     0.171195     0.170808     0.174909     0.178162
     0.184035     0.183604     0.192815     0.191634     0.190125     0.194198
     0.196855     0.199699     0.197430     0.202319     0.207648     0.214050
     0.213168     0.212314     0.216609     0.224964     0.227832     0.230840
     0.234978     0.239757     0.245587     0.257690     0.257309     0.265751
     0.271698     0.275325     0.270424     0.273232     0.280694     0.280450
     0.287905     0.295364     0.287374     0.294464     0.300572     0.312128
     0.309365     0.311148     0.323712     0.337259     0.348547     0.358409
     0.354999     0.356926     0.374630     0.374098     0.373923     0.384940
     0.398496     0.409543     0.412886     0.412246     0.426468     0.440283
     0.444211     0.458730     0.485696     0.503453     0.505702     0.518519
     0.540909     0.553016     0.577921     0.599950     0.613760     0.622575
     0.644907     0.667949     0.681036     0.686139     0.712805     0.735296
     0.770626     0.790229     0.810827     0.858519     0.878929     0.897588
     0.924895     0.982758      1.03475      1.08704      1.16136      1.20035
      1.23420      1.28967      1.36628      1.40709      1.46420      1.58568
      1.69248      1.75180      1.85372      2.00483      2.18437      2.31832
      2.44107      2.64536      2.87247      3.08570      3.34019      3.67702
      4.04508      4.51108      5.05056      5.61477      6.36270      7.33138
      8.47264      9.94230      11.8448      14.3898      17.8299      22.8342
      29.9951      39.6566      51.8149      65.3935      77.2721      83.8898
      83.5432      76.5582      64.8469      51.8389      40.4051      31.2266
      24.3715      19.4068      15.8532      13.2734      11.2964      9.73216
      8.60612      7.61716      6.79813      6.14911      5.66007      5.09567
      4.74779      4.43000      4.14850      3.85224      3.57920      3.39979
      3.22858      3.01548      2.81051      2.73535      2.63452      2.52077
      2.39830      2.25191      2.15681      2.15889      2.04457      1.93508
      1.88145      1.83698      1.72950      1.68681      1.68018      1.64116
      1.59914      1.55004      1.52288      1.48958      1.42638      1.40158
      1.31931      1.25277      1.22963      1.26117      1.28232      1.26508
      1.18174      1.10607      1.08421      1.09967      1.08672      1.07945
      1.06992      1.00380     0.972925     0.977603     0.980980     0.927297
     0.946615     0.939065     0.917090     0.882596     0.868756     0.868651
     0.858553     0.891299     0.880016     0.864063     0.851281     0.858976
     0.834169     0.797472     0.841159     0.824456     0.768982     0.767901
     0.815848     0.769227     0.711132     0.716933     0.701469     0.713243
     0.748548     0.722162     0.679434     0.653823     0.625114     0.649727
     0.687190     0.695757     0.688532     0.654379     0.629971     0.623401
     0.661308     0.661496     0.619158     0.612874     0.625265     0.617266
     0.593476     0.587533     0.614490     0.611927     0.582319     0.566515
     0.539745     0.575028     0.573446     0.546397     0.552754     0.579359
     0.577205     0.517566     0.533368     0.547617     0.553995     0.551025
     0.516534     0.521197     0.552921     0.539942     0.542963     0.523016
     0.536951     0.509124     0.474713     0.493903     0.548639     0.544136
     0.492382     0.540646     0.564481     0.520741     0.515782     0.492931
     0.507744     0.509360     0.492784     0.497062     0.476474     0.486465
     0.522936     0.497259     0.452419     0.470663     0.444887     0.481312
     0.460253     0.479186     0.482710     0.461206     0.467662     0.463044
     0.454581     0.469096     0.466573     0.417636     0.422459     0.407141
     0.398140     0.432069     0.415485     0.431654     0.443413     0.426783
     0.424920     0.403989     0.366846     0.339143     0.326540     0.333903
     0.324512     0.317909     0.322782     0.296589     0.302171     0.283619
     0.274909     0.259380     0.245085     0.196364     0.189627     0.185958
     0.160168     0.155098     0.140162     0.103705    0.0876414    0.0849155
    0.0387344
     0.000000     0.000000     0.000000     0.000000     0.000000     0.000000
     0.000000     0.000000     0.000000     0.000000     0.000000    0.0716569
    0.0741375    0.0757911    0.0772633    0.0806730    0.0840433    0.0859712
    0.0886284    0.0914561    0.0939754    0.0951250    0.0962875    0.0992746
     0.102007     0.104196     0.110870     0.112752     0.116698     0.119986
     0.119578     0.121321     0.127699     0.133757     0.132970     0.134565
     0.135114     0.137972     0.144475     0.149339     0.150174     0.148325
     0.154181     0.163389     0.165432     0.167741     0.167500     0.167597
     0.174955     0.174797     0.173750     0.179147     0.183953     0.193113
     0.198962     0.198293     0.206088     0.207003     0.204117     0.204222
     0.206148     0.216958     0.221465     0.222885     0.225135     0.228019
     0.236957     0.237398     0.235023     0.244341     0.249279     0.250029
     0.243153     0.248352     0.256185     0.268766     0.279292     0.285571
     0.288738     0.286037     0.288361     0.288508     0.287883     0.303980
     0.311322     0.308520     0.317743     0.320728     0.325291     0.322161
     0.316960     0.333447     0.364825     0.371267     0.370250     0.359779
     0.365251     0.376435     0.378420     0.388660     0.405564     0.412580
     0.413939     0.428482     0.444279     0.451678     0.447470     0.457777
     0.469545     0.480042     0.506054     0.530221     0.535832     0.542163
     0.550952     0.580515     0.606234     0.632341     0.645413     0.651884
     0.663850     0.695276     0.726673     0.741035     0.767044     0.791367
     0.809419     0.815485     0.828814     0.869889     0.944748     0.969247
     0.982423      1.03035      1.06564      1.12585      1.16614      1.22388
      1.29591      1.34302      1.41091      1.48281      1.56383      1.64654
      1.72408      1.86347      1.97279      2.06635      2.24212      2.39753
      2.56521      2.75805      2.99568      3.29726      3.61449      3.94152
      4.26546      4.71706      5.22810      5.85722      6.67300      7.66970
      8.84808      10.3804      12.3130      14.8749      18.3426      23.1548
      29.8679      38.8227      50.1923      62.3602      72.7433      78.7610
      78.3598      72.1133      61.9316      50.3458      39.8525      31.1323
      24.5637      19.8288      16.3093      13.6433      11.5977      10.0300
      9.00739      7.98641      7.20869      6.56523      5.94604      5.38084
      4.92181      4.53847      4.26583      4.02960      3.74006      3.48564
      3.30239      3.14097      3.02931      2.86751      2.71158      2.63323
      2.49701      2.38595      2.27005      2.11894      2.07396      2.03597
      1.94021      1.89342      1.83391      1.80388      1.69541      1.63263
      1.60636      1.56800      1.54465      1.52242      1.47102      1.41370
      1.37241      1.35613      1.35062      1.29734      1.26234      1.27088
      1.21578      1.21319      1.24251      1.19123      1.16207      1.16522
      1.09498      1.04244      1.03366      1.01925      1.01398     0.959050
     0.959985     0.955578     0.967248     0.993478     0.995407     0.978128
     0.948670     0.926780     0.910933     0.882950     0.880461     0.833797
     0.840126     0.861872     0.853025     0.851759     0.873344     0.833281
     0.822397     0.812473     0.766760     0.783510     0.770597     0.737588
     0.741904     0.722421     0.761588     0.776679     0.713157     0.695452
     0.671436     0.682768     0.697323     0.658481     0.644289     0.672171
     0.676589     0.665120     0.680223     0.722128     0.698508     0.616109
     0.653938     0.680456     0.648547     0.637749     0.629412     0.573202
     0.574825     0.574925     0.587737     0.564081     0.599751     0.640642
     0.605110     0.624818     0.662182     0.631069     0.592976     0.540265
     0.574510     0.550763     0.513506     0.546864     0.539163     0.503626
     0.532084     0.583801     0.529156     0.534210     0.530417     0.562437
     0.563919     0.567064     0.556890     0.533733     0.519129     0.515409
     0.508838     0.484904     0.454356     0.471514     0.511394     0.528116
     0.545501     0.545327     0.537917     0.502652     0.532795     0.595704
     0.505505     0.485103     0.526267     0.503959     0.479817     0.486243
     0.509832     0.463474     0.420476     0.425920     0.466130     0.496274
     0.503510     0.472881     0.423656     0.425173     0.470551     0.453129
     0.404158     0.367831     0.378043     0.407011     0.412417     0.380693
     0.323230     0.312581     0.282709     0.281054     0.273918     0.285968
     0.278061     0.248030     0.234944     0.242245     0.241922     0.242351
     0.211629     0.211862     0.183640     0.124608     0.111606    0.0756808
    0.0498882
     0.000000     0.000000     0.000000     0.000000     0.000000     0.000000
     0.000000    0.0648481    0.0668495    0.0701544    0.0726605    0.0747560
    0.0761339    0.0765764    0.0798256    0.0835903    0.0858460    0.0888776
    0.0953111    0.0959087    0.0931019    0.0965234     0.101585     0.108048
     0.110523     0.113000     0.117558     0.118304     0.121305     0.123081
     0.127799     0.134939     0.135796     0.137034     0.140496     0.148182
     0.149185     0.150373     0.154754     0.155106     0.153972     0.157779
     0.165650     0.168311     0.169387     0.170463     0.174315     0.177405
     0.182965     0.190601     0.191280     0.192532     0.194679     0.197740
     0.194850     0.199772     0.209521     0.209612     0.213887     0.219828
     0.224917     0.229084     0.228872     0.232238     0.229219     0.238535
     0.242758     0.242711     0.252491     0.255924     0.259483     0.267394
     0.268254     0.268330     0.268284     0.272505     0.281796     0.293893
     0.291534     0.293390     0.301093     0.303570     0.314732     0.311209
     0.314009     0.314833     0.313918     0.323366     0.331630     0.342780
     0.356989     0.367463     0.363285     0.361672     0.369095     0.375922
     0.396840     0.397461     0.401545     0.399825     0.404133     0.415246
     0.424787     0.450315     0.475533     0.474536     0.493485     0.504846
     0.508571     0.518734     0.539722     0.539282     0.551389     0.566514
     0.606257     0.620022     0.617499     0.652087     0.665050     0.678653
     0.689245     0.706163     0.737162     0.766456     0.798641     0.836627
     0.843528     0.870282     0.900218     0.938221     0.954876     0.982575
      1.05902      1.12116      1.17743      1.22740      1.23277      1.28126
      1.33719      1.38642      1.45103      1.55245      1.66390      1.72710
      1.80743      1.91268      2.01241      2.14177      2.29757      2.50047
      2.73160      2.90727      3.12302      3.38532      3.71120      4.02254
      4.36025      4.81758      5.38405      6.02465      6.87348      7.91580
      9.10799      10.6400      12.5422      15.0386      18.4340      23.0658
      29.5033      37.8003      47.8604      58.6906      67.8573      73.2160
      73.2722      67.8090      59.0159      48.5083      38.8246      31.0488
      24.8687      20.1222      16.6742      14.0987      12.0413      10.5770
      9.27702      8.23196      7.56481      6.86597      6.26104      5.70330
      5.16662      4.88081      4.50214      4.12049      3.89354      3.68539
      3.47917      3.30507      3.20233      3.01338      2.84091      2.69001
      2.57006      2.50485      2.38387      2.29008      2.22185      2.13753
      2.04952      2.01230      1.95051      1.89621      1.84889      1.78561
      1.80115      1.71883      1.62729      1.60722      1.60258      1.53538
      1.47213      1.36635      1.34391      1.33423      1.33140      1.30427
      1.33039      1.30312      1.24505      1.17510      1.19962      1.17548
      1.12184      1.07859      1.04824      1.04701      1.08951      1.07140
      1.03005      1.01813     0.980676     0.987974      1.00870     0.981805
     0.951145     0.916501     0.931277     0.939360     0.927863     0.898145
     0.909934     0.897226     0.880777     0.882341     0.867692     0.846042
     0.797871     0.796755     0.813104     0.805810     0.789237     0.777756
     0.759231     0.789147     0.768394     0.711103     0.695244     0.714974
     0.719304     0.741643     0.724084     0.704928     0.675409     0.681967
     0.697668     0.745974     0.746722     0.742296     0.725255     0.730721
     0.681474     0.610059     0.608667     0.634182     0.643292     0.661861
     0.675474     0.632873     0.602896     0.613452     0.645537     0.652216
     0.636016     0.625147     0.596368     0.632036     0.657815     0.678349
     0.647566     0.590897     0.613170     0.589585     0.556052     0.545456
     0.536686     0.563753     0.558185     0.525786     0.516447     0.507054
     0.550094     0.536590     0.528380     0.586338     0.578870     0.580691
     0.551819     0.557439     0.566021     0.562426     0.518701     0.500599
     0.554434     0.598106     0.581298     0.548237     0.478165     0.506771
     0.511853     0.512191     0.557512     0.572220     0.507643     0.494412
     0.510592     0.532579     0.485024     0.486533     0.479245     0.468665
     0.462873     0.475811     0.435720     0.423205     0.429842     0.423128
     0.386837     0.371182     0.357471     0.364577     0.370342     0.378459
     0.358207     0.335488     0.319430     0.347971     0.354717     0.306812
     0.270709     0.218734     0.225826     0.245724     0.191402     0.212495
     0.244078     0.192272     0.164583     0.156878     0.145241    0.0850707
  0.000571368
     0.000000     0.000000     0.000000     0.000000    0.0608480    0.0612445
    0.0635791    0.0657995    0.0694803    0.0727964    0.0747682    0.0776239
    0.0800948    0.0805592    0.0862316    0.0903363    0.0908756    0.0926689
    0.0954439    0.0963165     0.101333     0.104479     0.106889     0.113205
     0.117248     0.115920     0.118073     0.123583     0.131646     0.131816
     0.132253     0.134162     0.134581     0.143019     0.149392     0.153527
     0.156935     0.158729     0.158579     0.163452     0.166200     0.170675
     0.169201     0.176032     0.181628     0.187577     0.186549     0.187287
     0.195206     0.198047     0.202336     0.209222     0.208491     0.213448
     0.216087     0.214265     0.216378     0.224410     0.222482     0.222373
     0.237916     0.244610     0.247899     0.244320     0.249510     0.262452
     0.261552     0.258665     0.263197     0.268419     0.264253     0.266055
     0.273830     0.280928     0.283983     0.288676     0.297878     0.300000
     0.298897     0.302369     0.309118     0.321218     0.321371     0.337015
     0.339698     0.336641     0.335142     0.339191     0.355809     0.369269
     0.379641     0.383312     0.388124     0.387327     0.393180     0.393827
     0.410866     0.435243     0.435350     0.426531     0.436899     0.454246
     0.458733     0.464469     0.480263     0.484378     0.491370     0.503661
     0.532342     0.549269     0.558747     0.562239     0.575447     0.605402
     0.638680     0.652681     0.672414     0.679159     0.687415     0.706916
     0.731819     0.764957     0.782831     0.801818     0.824941     0.853647
     0.887589     0.929450     0.946257     0.982888      1.01989      1.06172
      1.10852      1.14559      1.17786      1.23838      1.30243      1.34323
      1.38237      1.42324      1.50138      1.60720      1.69053      1.79164
      1.90719      2.00356      2.11391      2.25273      2.42341      2.59549
      2.81489      3.02951      3.31152      3.55489      3.82961      4.17034
      4.64160      5.09522      5.62443      6.37057      7.21628      8.19898
      9.44639      10.8708      12.7987      15.3504      18.7838      23.3930
      29.4795      37.1989      46.5456      56.2334      64.3770      69.0273
      69.2204      64.2517      56.3542      47.1330      38.4221      31.0448
      25.1230      20.5909      17.3724      14.7340      12.6123      10.8684
      9.60982      8.56917      7.69568      7.01658      6.38738      5.80049
      5.28414      5.01313      4.70539      4.39057      4.18713      3.90185
      3.57689      3.41727      3.24803      3.11663      2.93735      2.80989
      2.73104      2.65519      2.53086      2.38362      2.28883      2.16981
      2.11416      2.04293      2.01067      1.95720      1.90083      1.85560
      1.80919      1.71058      1.67121      1.66445      1.62741      1.57951
      1.55597      1.49527      1.43474      1.40820      1.34783      1.34466
      1.32107      1.30175      1.27465      1.27808      1.25460      1.22519
      1.19739      1.16411      1.11947      1.12809      1.12452      1.13407
      1.06791      1.04317      1.03176      1.00401      1.00613      1.00079
      1.00440      1.02685      1.01193      1.02261     0.988563     0.940641
     0.907574     0.900771     0.896020     0.839112     0.840766     0.841978
     0.830545     0.838575     0.848182     0.867909     0.878507     0.835512
     0.838203     0.857188     0.817137     0.798083     0.806456     0.726153
     0.757785     0.763545     0.754717     0.709872     0.735647     0.749903
     0.751203     0.724486     0.729675     0.709299     0.716838     0.687980
     0.710027     0.719580     0.685100     0.644240     0.658528     0.692877
     0.668484     0.660333     0.696495     0.660620     0.653248     0.651490
     0.648026     0.662008     0.695426     0.667784     0.604919     0.580470
     0.637951     0.645554     0.638803     0.644817     0.594509     0.570559
     0.545061     0.534440     0.572482     0.620622     0.619162     0.616073
     0.581447     0.609562     0.572376     0.558972     0.545040     0.560035
     0.557847     0.536279     0.573866     0.547133     0.557830     0.515656
     0.500575     0.583654     0.609194     0.636591     0.590291     0.582328
     0.560744     0.555838     0.534035     0.545681     0.499202     0.496962
     0.507846     0.502531     0.491747     0.484946     0.496295     0.519008
     0.491104     0.463708     0.464854     0.458151     0.493291     0.452701
     0.394264     0.386295     0.392667     0.397189     0.446185     0.399874
     0.375354     0.306463     0.350641     0.322179     0.300165     0.316688
     0.300395     0.310183     0.280810     0.267628     0.244985     0.211816
     0.228975     0.198008     0.171962     0.164519     0.153874    0.0932151
    0.0654162
    0.0531588    0.0553878    0.0570855    0.0614306    0.0629390    0.0655245
    0.0690165    0.0703035    0.0716392    0.0744779    0.0776813    0.0798932
    0.0835832    0.0870303    0.0891007    0.0924501    0.0959912    0.0968158
     0.101283     0.106004     0.107765     0.109270     0.112953     0.115288
     0.115374     0.120701     0.128317     0.129714     0.136475     0.136118
     0.143213     0.146104     0.144325     0.151377     0.156006     0.160356
     0.160466     0.165822     0.172220     0.172105     0.172944     0.176494
     0.179843     0.183913     0.188222     0.194996     0.196525     0.190992
     0.200945     0.211808     0.215658     0.216091     0.217763     0.225040
     0.231578     0.238307     0.243424     0.241188     0.234793     0.237619
     0.237949     0.242060     0.248327     0.253434     0.256665     0.267050
     0.269183     0.270409     0.281228     0.292304     0.294433     0.287804
     0.284464     0.290689     0.303487     0.302755     0.308223     0.321064
     0.327604     0.320726     0.330771     0.337355     0.341366     0.345851
     0.352894     0.363850     0.373300     0.364219     0.363761     0.372916
     0.390950     0.394463     0.387119     0.397605     0.409191     0.433573
     0.435669     0.426054     0.432880     0.456791     0.469790     0.471280
     0.477901     0.504853     0.520406     0.521755     0.525216     0.534512
     0.555458     0.572617     0.575975     0.588483     0.605910     0.626704
     0.642481     0.662327     0.685736     0.697433     0.722670     0.751410
     0.778575     0.806921     0.815429     0.839521     0.845655     0.876645
     0.916496     0.949357     0.970366     0.997415      1.05809      1.11352
      1.13817      1.16979      1.22540      1.30348      1.36557      1.41888
      1.44293      1.50763      1.62154      1.69724      1.78344      1.89972
      1.97176      2.06123      2.20012      2.42762      2.60517      2.73964
      2.93940      3.16886      3.41744      3.67054      3.98383      4.39580
      4.82208      5.31672      5.91293      6.55002      7.40301      8.44302
      9.63359      11.1920      13.1097      15.5515      18.9694      23.2824
      28.8246      35.9389      44.4462      52.9289      60.0746      64.3042
      64.3699      60.4868      53.5803      45.1023      37.2018      30.0725
      24.6594      20.4507      17.2311      14.7515      12.7494      11.0992
      9.80863      8.88677      7.92806      7.20664      6.64477      6.02964
      5.56204      5.19259      4.82505      4.50786      4.23849      3.94951
      3.77206      3.52852      3.31309      3.21075      3.11043      2.98039
      2.83643      2.72418      2.58629      2.50988      2.42022      2.30689
      2.24695      2.19743      2.14172      2.04797      1.95433      1.85676
      1.77729      1.76878      1.75808      1.71712      1.64253      1.60221
      1.58697      1.56326      1.58613      1.56748      1.50311      1.44550
      1.44986      1.41920      1.35828      1.32881      1.26924      1.24781
      1.22058      1.24354      1.22393      1.17377      1.13293      1.14769
      1.11858      1.14695      1.12624      1.05365      1.10757      1.09204
      1.08468      1.02801      1.00247     0.968894     0.982484     0.954810
     0.996882     0.982703     0.903421     0.912916     0.966876     0.930909
     0.884179     0.906373     0.912434     0.878263     0.896136     0.860293
     0.887868     0.822329     0.844035     0.845924     0.859217     0.851854
     0.815462     0.752545     0.763518     0.811729     0.822868     0.784826
     0.755833     0.773333     0.800376     0.759266     0.786479     0.783559
     0.740149     0.685232     0.653895     0.701541     0.701558     0.713649
     0.737627     0.738728     0.748366     0.665683     0.680483     0.667248
     0.657896     0.712141     0.695572     0.685361     0.680764     0.639750
     0.635929     0.595380     0.650904     0.635401     0.660620     0.680317
     0.614319     0.600173     0.629277     0.634247     0.632847     0.610106
     0.643661     0.672572     0.651845     0.644843     0.623313     0.682243
     0.635164     0.591335     0.587768     0.588123     0.617007     0.587257
     0.568453     0.521676     0.632811     0.626757     0.567767     0.615237
     0.581170     0.579712     0.575558     0.606144     0.518505     0.523350
     0.545983     0.529660     0.557475     0.549110     0.544266     0.454680
     0.442237     0.439369     0.435450     0.500805     0.450975     0.469269
     0.505476     0.429136     0.456720     0.423104     0.474603     0.441259
     0.355108     0.367688     0.383684     0.399685     0.370867     0.343600
     0.301209     0.271313     0.290196     0.272715     0.255881     0.249380
     0.255459     0.216897     0.210787     0.144280    0.0899398    0.0832721
    0.0464360
    0.0563288    0.0578187    0.0602274    0.0629594    0.0666587    0.0679371
    0.0708321    0.0713151    0.0739555    0.0757856    0.0804391    0.0831126
    0.0857899    0.0904835    0.0956630    0.0991833     0.100327     0.102313
     0.106832     0.109334     0.107197     0.115063     0.121950     0.123657
     0.123023     0.130832     0.131289     0.137552     0.145993     0.146186
     0.155386     0.155843     0.153906     0.156522     0.165928     0.168072
     0.170076     0.175687     0.179683     0.178411     0.180749     0.188735
     0.194717     0.198551     0.194048     0.199261     0.197699     0.207676
     0.218185     0.218985     0.219242     0.230287     0.246373     0.243223
     0.237867     0.237684     0.247400     0.247049     0.247211     0.250408
     0.255471     0.259520     0.274169     0.279263     0.282484     0.280239
     0.279219     0.286199     0.288003     0.286961     0.294514     0.302971
     0.297740     0.303639     0.311497     0.319907     0.325690     0.329693
     0.328878     0.331372     0.357522     0.355094     0.346005     0.358882
     0.373185     0.376665     0.371729     0.372581     0.387226     0.395180
     0.413871     0.427623     0.431757     0.422005     0.427011     0.438031
     0.445173     0.444717     0.455169     0.465189     0.481690     0.481562
     0.490969     0.513426     0.528231     0.541740     0.542775     0.560450
     0.575750     0.572061     0.582100     0.615218     0.644367     0.653190
     0.678549     0.699432     0.724303     0.746112     0.770623     0.780996
     0.793415     0.815303     0.857481     0.884805     0.894189     0.943091
     0.983048      1.00046      1.02411      1.06451      1.10945      1.15188
      1.20268      1.23837      1.30394      1.34777      1.38059      1.43579
      1.50753      1.60093      1.67049      1.74035      1.82681      1.89538
      2.01509      2.21412      2.38752      2.48236      2.61833      2.80054
      3.03055      3.28772      3.56376      3.81750      4.11177      4.48109
      4.89788      5.38430      5.96209      6.72353      7.60302      8.55680
      9.76037      11.3759      13.2628      15.7486      18.7529      22.7889
      28.1512      34.7239      42.0300      49.6475      55.9411      59.5830
      59.9101      56.5588      50.4542      43.5149      36.2585      29.8971
      24.7098      20.5332      17.3846      14.9886      12.9018      11.3609
      10.0058      8.98778      8.17907      7.31279      6.66157      6.15401
      5.73621      5.35006      4.91397      4.61798      4.35598      4.09611
      3.88497      3.69234      3.43192      3.30337      3.19913      3.11439
      2.92564      2.79707      2.69266      2.54119      2.40376      2.34486
      2.31598      2.21353      2.18296      2.15184      2.05261      1.93427
      1.88277      1.87062      1.82377      1.82660      1.74042      1.69958
      1.71784      1.65726      1.63489      1.61986      1.54298      1.46529
      1.44855      1.42834      1.38459      1.39289      1.35846      1.36089
      1.34859      1.34483      1.28294      1.26671      1.24389      1.17630
      1.17882      1.15986      1.16252      1.09730      1.10618      1.10681
      1.11678      1.07559      1.03214      1.01944      1.03381      1.00801
     0.990669      1.01775      1.00988      1.00120      1.01075     0.991340
     0.933659     0.874711     0.905466     0.882152     0.869415     0.959509
     0.950010     0.895068     0.856722     0.854373     0.837893     0.902668
     0.854528     0.806772     0.817504     0.820479     0.810825     0.800962
     0.816119     0.788714     0.771253     0.782752     0.769228     0.752779
     0.724013     0.743950     0.791259     0.776290     0.725611     0.748337
     0.739784     0.698530     0.689373     0.716820     0.755968     0.774515
     0.769841     0.752206     0.750425     0.734352     0.721721     0.673665
     0.661695     0.674991     0.668709     0.683747     0.750851     0.701573
     0.600779     0.626762     0.664990     0.701415     0.671740     0.685192
     0.747300     0.724302     0.652314     0.672296     0.649926     0.586755
     0.612147     0.671483     0.665816     0.600029     0.592027     0.563884
     0.605273     0.633360     0.598309     0.643551     0.626611     0.610097
     0.610143     0.531476     0.516744     0.579633     0.538100     0.597345
     0.631206     0.588093     0.563204     0.592143     0.593466     0.557409
     0.557590     0.539285     0.560786     0.549131     0.567770     0.487666
     0.446952     0.438407     0.440424     0.416298     0.434862     0.409712
     0.365486     0.343821     0.381427     0.394214     0.351709     0.335266
     0.319486     0.328748     0.329054     0.355662     0.266024     0.262110
     0.244121     0.224804     0.192294     0.155738     0.125464     0.112763
    0.0509278
    0.0576375    0.0597931    0.0628401    0.0637020    0.0662957    0.0733140
    0.0744931    0.0752253    0.0791782    0.0820932    0.0828567    0.0877749
    0.0936845    0.0954775    0.0982678    0.0992154     0.102437     0.105312
     0.106189     0.108254     0.113460     0.119850     0.125665     0.128973
     0.131337     0.137179     0.140567     0.138145     0.142608     0.150305
     0.159087     0.156703     0.159617     0.162081     0.171416     0.177218
     0.186586     0.186736     0.186897     0.193341     0.194717     0.192626
     0.195673     0.206448     0.212538     0.214202     0.217702     0.227093
     0.229751     0.225129     0.229092     0.232974     0.239086     0.239835
     0.246142     0.249917     0.249504     0.253002     0.258641     0.261403
     0.265247     0.268898     0.280117     0.286923     0.279572     0.287057
     0.290322     0.291283     0.296640     0.298478     0.312969     0.319780
     0.321583     0.326678     0.329107     0.333977     0.332450     0.348525
     0.361919     0.358375     0.371574     0.375907     0.380113     0.372340
     0.374472     0.392823     0.396546     0.403604     0.415060     0.418310
     0.410997     0.415422     0.435979     0.445582     0.451132     0.453107
     0.465336     0.470287     0.479862     0.487277     0.496461     0.502959
     0.509260     0.513765     0.524067     0.545534     0.557313     0.585107
     0.593448     0.613401     0.627646     0.645048     0.660845     0.674815
     0.700018     0.737069     0.780778     0.784652     0.781426     0.808181
     0.856652     0.871169     0.893493     0.903103     0.943341     0.949299
     0.973310      1.02439      1.06856      1.12283      1.15225      1.18004
      1.21685      1.28606      1.38711      1.44542      1.48227      1.50702
      1.57041      1.67953      1.76467      1.84394      1.90810      2.00165
      2.08512      2.20104      2.37859      2.54326      2.72199      2.86536
      3.09275      3.35770      3.60156      3.93901      4.20314      4.55895
      5.04571      5.54913      6.18707      6.94848      7.72059      8.72267
      9.97884      11.4203      13.1570      15.6172      18.6457      22.7030
      27.6700      33.6473      40.4333      47.1771      52.8835      56.4513
      56.6450      53.3752      48.0621      41.5733      35.3121      29.4004
      24.5615      20.5470      17.5931      15.2828      13.1621      11.6900
      10.3263      9.19490      8.38454      7.65276      6.94944      6.42620
      5.94400      5.50246      5.05988      4.74272      4.52856      4.21235
      4.07429      3.83487      3.61499      3.52071      3.38813      3.25007
      3.04001      2.88406      2.79946      2.67899      2.57600      2.53689
      2.43588      2.25182      2.22671      2.15409      2.15255      2.07901
      2.00344      1.90463      1.86961      1.83058      1.76938      1.76161
      1.69348      1.65230      1.62484      1.54184      1.48773      1.49339
      1.49995      1.46789      1.48184      1.46800      1.41778      1.39197
      1.35319      1.39901      1.31602      1.33997      1.29904      1.28685
      1.26835      1.24351      1.27564      1.20913      1.14971      1.17712
      1.13572      1.09879      1.08596      1.14965      1.10301      1.06280
      1.02676      1.00262      1.03261      1.06652      1.05304      1.03933
      1.00466     0.923560     0.910755     0.964651     0.974353      1.01215
     0.978963     0.923121     0.891617     0.865372     0.914993     0.916927
     0.921043     0.831456     0.870466     0.907254     0.877633     0.875546
     0.867971     0.824850     0.784278     0.784284     0.848462     0.800657
     0.852698     0.827740     0.787758     0.789440     0.730486     0.730429
     0.777532     0.726870     0.747819     0.700968     0.690686     0.744417
     0.688729     0.721563     0.747068     0.708488     0.741420     0.708740
     0.682307     0.720877     0.769527     0.747078     0.723640     0.765534
     0.697662     0.724486     0.718157     0.715087     0.714431     0.651067
     0.654506     0.701560     0.723459     0.745248     0.702126     0.662217
     0.675097     0.613244     0.608878     0.610656     0.632975     0.637129
     0.632611     0.643285     0.689453     0.662601     0.651798     0.649784
     0.642654     0.620851     0.592727     0.651974     0.677968     0.639127
     0.611535     0.622244     0.627013     0.637803     0.606857     0.557060
     0.535781     0.576777     0.551350     0.558754     0.514966     0.545854
     0.489075     0.483278     0.502040     0.447101     0.491007     0.487149
     0.459697     0.418307     0.425784     0.406681     0.378065     0.379246
     0.280239     0.340653     0.309806     0.275790     0.272898     0.258076
     0.276449     0.286791     0.212941     0.204813     0.175625     0.116268
    0.0529366
    0.0602033    0.0617681    0.0629179    0.0673550    0.0709780    0.0713986
    0.0746572    0.0799971    0.0837282    0.0876749    0.0889651    0.0908951
    0.0958614    0.0987632     0.103136     0.109059     0.109114     0.109714
     0.113456     0.118998     0.121078     0.124754     0.125399     0.130246
     0.140268     0.145159     0.148318     0.156460     0.158166     0.158169
     0.167896     0.167586     0.168626     0.176398     0.178495     0.182112
     0.188169     0.191127     0.193995     0.200700     0.200629     0.210881
     0.216894     0.212427     0.219099     0.229087     0.230299     0.228045
     0.234338     0.236571     0.230557     0.233599     0.243211     0.245171
     0.248450     0.254326     0.265664     0.276563     0.279298     0.276866
     0.277067     0.284793     0.296334     0.293828     0.299769     0.308719
     0.312694     0.315184     0.309419     0.320081     0.331549     0.329403
     0.323609     0.323622     0.333649     0.343946     0.357913     0.359343
     0.360369     0.366504     0.369172     0.370171     0.385534     0.397066
     0.396008     0.391765     0.396353     0.413009     0.429480     0.434249
     0.442557     0.444381     0.436022     0.449006     0.454589     0.469032
     0.474920     0.481316     0.504408     0.515509     0.518250     0.540493
     0.547238     0.554407     0.563168     0.586756     0.591096     0.628835
     0.642212     0.657369     0.666935     0.650021     0.668102     0.710146
     0.734061     0.764496     0.776195     0.782857     0.806376     0.844093
     0.862576     0.889107     0.902812     0.933004     0.972821      1.00152
      1.02153      1.03982      1.06999      1.11307      1.16869      1.22106
      1.30118      1.35014      1.39423      1.42658      1.47446      1.55182
      1.66018      1.72678      1.79780      1.85577      1.95329      2.06011
      2.15817      2.32451      2.47776      2.59916      2.75697      2.98428
      3.22753      3.45069      3.75291      4.02137      4.30017      4.73747
      5.21479      5.70989      6.28375      6.99764      7.77564      8.85040
      10.1308      11.6179      13.5065      15.7767      18.6675      22.4645
      26.8933      32.5494      38.7371      44.6635      49.7763      52.8466
      52.9806      50.5785      45.7668      39.9699      34.0267      28.6908
      24.1277      20.4091      17.6637      15.2666      13.3295      11.8815
      10.5087      9.34456      8.43711      7.67817      7.02267      6.52767
      6.00769      5.63926      5.32576      5.01593      4.64569      4.41417
      4.20187      3.93049      3.79452      3.62279      3.45206      3.36095
      3.14398      2.94802      2.88730      2.71374      2.66405      2.59177
      2.52544      2.42086      2.34346      2.26823      2.21505      2.15187
      2.08060      2.02284      1.96797      1.94046      1.85794      1.82171
      1.80952      1.77146      1.68451      1.61392      1.60844      1.61885
      1.62610      1.56602      1.49919      1.46334      1.45634      1.44012
      1.45214      1.39919      1.31903      1.30440      1.30190      1.27077
      1.29245      1.30362      1.28150      1.27053      1.18986      1.17904
      1.13062      1.16825      1.18035      1.18645      1.14892      1.05544
      1.02741      1.04133      1.09142      1.09670      1.08050      1.04186
      1.02654     0.980328     0.994976     0.999518     0.998858      1.01393
      1.02333     0.932849     0.938132     0.964128     0.938813     0.955485
     0.976736     0.919530     0.864604     0.839926     0.847302     0.829054
     0.852624     0.831521     0.875721     0.836075     0.851382     0.835527
     0.868638     0.787649     0.838656     0.830066     0.855880     0.790508
     0.804874     0.781150     0.717552     0.762505     0.721444     0.750877
     0.810870     0.731745     0.785732     0.800799     0.776785     0.786286
     0.748322     0.753635     0.793725     0.753271     0.714792     0.760332
     0.716264     0.668325     0.737109     0.743758     0.709868     0.704145
     0.694898     0.689861     0.699131     0.726931     0.683681     0.709336
     0.697480     0.726091     0.752621     0.680820     0.672201     0.671354
     0.674281     0.688600     0.672164     0.702151     0.671968     0.612094
     0.699018     0.676827     0.646580     0.701618     0.636819     0.640827
     0.660303     0.653462     0.650939     0.615019     0.670262     0.579717
     0.537212     0.561893     0.593446     0.539792     0.504185     0.501895
     0.545120     0.474916     0.501536     0.474290     0.491062     0.459294
     0.429527     0.481546     0.402618     0.397427     0.405905     0.382386
     0.364346     0.380997     0.328693     0.328019     0.275321     0.248887
     0.260535     0.234883     0.176971     0.194312     0.213555     0.125502
    0.0567787
    0.0622244    0.0647507    0.0678255    0.0698548    0.0731895    0.0764590
    0.0788911    0.0819603    0.0855429    0.0899432    0.0933634     0.100332
    0.0985483     0.102352     0.106164     0.112775     0.115732     0.117240
     0.118739     0.123016     0.126996     0.128995     0.132917     0.141473
     0.149620     0.147298     0.152955     0.160165     0.160839     0.166190
     0.169627     0.174530     0.176783     0.179921     0.183831     0.191310
     0.198381     0.199267     0.203011     0.206491     0.210759     0.217816
     0.221060     0.227891     0.228470     0.235294     0.241918     0.246869
     0.244778     0.246385     0.252585     0.264892     0.260080     0.256485
     0.264249     0.273520     0.280708     0.276609     0.284023     0.288063
     0.292379     0.299792     0.309786     0.309684     0.314184     0.321726
     0.333756     0.329004     0.332488     0.331111     0.332246     0.337122
     0.338455     0.340855     0.348020     0.359529     0.373076     0.372070
     0.374773     0.377748     0.385954     0.391612     0.384470     0.402325
     0.414527     0.417352     0.423212     0.438517     0.447811     0.444234
     0.435824     0.449551     0.472764     0.467324     0.483370     0.497870
     0.503707     0.504802     0.510491     0.528049     0.557070     0.560824
     0.555725     0.556431     0.576079     0.584083     0.598915     0.625595
     0.627487     0.637962     0.671599     0.694212     0.692104     0.726681
     0.763887     0.785258     0.792963     0.799405     0.855480     0.891876
     0.914625     0.915663     0.944916     0.982084     0.991308      1.01511
      1.06453      1.09551      1.13462      1.15383      1.23138      1.26721
      1.28694      1.37019      1.41625      1.46300      1.55706      1.65362
      1.66667      1.76473      1.82070      1.90751      2.01329      2.12689
      2.23766      2.37968      2.52231      2.65059      2.85886      3.05358
      3.30559      3.54817      3.80491      4.13565      4.46620      4.79655
      5.28514      5.72216      6.37770      7.11988      7.93613      8.87963
      10.0987      11.5885      13.5250      15.7218      18.6333      22.1917
      26.5975      31.4386      37.0715      42.5678      47.1483      50.0465
      50.5154      48.4719      44.2698      38.8786      33.4538      28.4835
      24.1970      20.6426      17.8720      15.5648      13.7373      12.0438
      10.6774      9.71033      8.81506      7.92610      7.33783      6.77022
      6.21861      5.78603      5.42944      5.07146      4.85193      4.58984
      4.19237      3.98936      3.81134      3.64957      3.52191      3.32465
      3.21034      3.08142      2.85493      2.79865      2.76334      2.66096
      2.60702      2.53366      2.48146      2.34112      2.32932      2.23881
      2.15239      2.09532      2.07953      2.04731      2.01011      1.86967
      1.85785      1.81285      1.77368      1.75724      1.72757      1.70756
      1.64639      1.62986      1.54429      1.57231      1.53340      1.53346
      1.47734      1.48354      1.44148      1.41358      1.35607      1.35384
      1.40958      1.33596      1.27778      1.29639      1.23997      1.23447
      1.26315      1.22324      1.15429      1.15729      1.15532      1.10704
      1.15167      1.18910      1.15056      1.05183      1.11492      1.06038
      1.06328      1.06394     0.997991      1.06670      1.05552      1.00681
      1.00813     0.981066      1.00837     0.971666     0.991011      1.01965
     0.908681     0.919865     0.904855     0.928485     0.903128     0.916536
     0.895119     0.907210     0.853334     0.873983     0.889093     0.902537
     0.905878     0.923538     0.877569     0.878076     0.849097     0.884152
     0.850770     0.807072     0.892687     0.813438     0.818469     0.889819
     0.844827     0.804433     0.774391     0.777478     0.791069     0.783808
     0.798570     0.790813     0.858908     0.854332     0.724923     0.734788
     0.803241     0.769190     0.739892     0.766427     0.800215     0.738538
     0.772255     0.755335     0.726977     0.730737     0.728811     0.687337
     0.680315     0.693579     0.648025     0.749164     0.717228     0.658299
     0.708901     0.717388     0.652295     0.722622     0.658610     0.630451
     0.670917     0.679506     0.748342     0.680602     0.719664     0.673740
     0.715130     0.690136     0.691161     0.696927     0.678735     0.647058
     0.557164     0.582716     0.601768     0.574543     0.535996     0.516707
     0.554928     0.566862     0.482489     0.500784     0.532791     0.505898
     0.461940     0.490522     0.431690     0.463883     0.415650     0.343788
     0.382670     0.354681     0.362860     0.298536     0.282146     0.318073
     0.255902     0.261381     0.270613     0.194947     0.159600     0.110480
    0.0757564
    0.0649344    0.0682535    0.0726556    0.0761377    0.0762193    0.0806746
    0.0838548    0.0860244    0.0884899    0.0922980    0.0996211     0.100327
     0.104286     0.105298     0.109278     0.114716     0.121804     0.125549
     0.127221     0.129956     0.134271     0.141838     0.145133     0.148863
     0.154037     0.158999     0.159784     0.166353     0.170996     0.175281
     0.173572     0.178308     0.182653     0.182567     0.188461     0.197548
     0.199701     0.202487     0.210262     0.214131     0.216102     0.212517
     0.221948     0.233590     0.236696     0.232245     0.233874     0.243388
     0.250458     0.254246     0.250810     0.254331     0.261904     0.270964
     0.275194     0.268893     0.276479     0.292317     0.297743     0.296706
     0.297141     0.304337     0.309954     0.309768     0.315651     0.328274
     0.329764     0.331109     0.334922     0.340401     0.348687     0.344652
     0.341662     0.348967     0.359634     0.375147     0.393733     0.395683
     0.390940     0.385418     0.418037     0.423926     0.415795     0.419695
     0.422586     0.426129     0.433232     0.454853     0.447450     0.460712
     0.483718     0.471880     0.478333     0.488850     0.496368     0.518941
     0.525422     0.530020     0.539045     0.552673     0.548433     0.539739
     0.572899     0.589642     0.603140     0.612812     0.622811     0.642670
     0.676741     0.686043     0.689557     0.692422     0.721934     0.756902
     0.785264     0.795139     0.817374     0.865504     0.898727     0.887289
     0.918026     0.950629     0.961401      1.02166      1.05234      1.06875
      1.07821      1.12066      1.18460      1.23079      1.27311      1.32978
      1.37198      1.38549      1.44259      1.51044      1.57685      1.67178
      1.71625      1.80147      1.89320      1.97218      2.12563      2.19945
      2.29114      2.45374      2.58810      2.70977      2.89495      3.13296
      3.37594      3.61723      3.94880      4.29937      4.53636      4.94849
      5.37370      5.98969      6.62231      7.31701      8.06799      9.07329
      10.3699      11.7715      13.5266      15.7815      18.5810      21.9163
      25.9438      30.5006      35.4226      40.3729      44.9169      47.2429
      46.9951      45.1980      41.6497      36.8387      32.1412      27.7517
      23.8809      20.4538      17.6418      15.3734      13.5903      12.1520
      10.8877      9.81392      8.93806      8.09674      7.48218      6.95256
      6.32503      5.88076      5.50516      5.23371      4.88076      4.68480
      4.46272      4.18885      3.99165      3.80806      3.69724      3.55929
      3.33251      3.12889      3.08684      3.03295      2.85207      2.76093
      2.65673      2.58371      2.50171      2.41337      2.31219      2.28749
      2.16860      2.09292      2.07026      2.03905      1.99694      1.95495
      1.92203      1.87526      1.87576      1.78013      1.82451      1.78436
      1.69122      1.68936      1.58843      1.56446      1.58170      1.53055
      1.54465      1.52489      1.51045      1.48287      1.45125      1.43962
      1.42771      1.34966      1.32243      1.32609      1.28041      1.33682
      1.28951      1.25342      1.33157      1.24479      1.24670      1.22192
      1.26374      1.22087      1.16492      1.11486      1.17028      1.17172
      1.13833      1.06991      1.13513      1.09884      1.07275      1.03043
      1.04663      1.04060      1.02132      1.00235     0.990501      1.04988
     0.989214     0.887630     0.883263     0.970467     0.979862     0.967909
     0.880470     0.861500     0.930094     0.919533     0.950581     0.865558
     0.843956     0.896706     0.880699     0.910507     0.957950     0.896541
     0.839683     0.866902     0.875866     0.878870     0.894908     0.857836
     0.847423     0.814222     0.841613     0.845725     0.798873     0.774246
     0.751076     0.762630     0.829585     0.828064     0.820227     0.787817
     0.813416     0.736521     0.770392     0.780431     0.795067     0.809452
     0.791440     0.749789     0.740701     0.772182     0.728513     0.705177
     0.725294     0.717147     0.668639     0.682401     0.703082     0.713110
     0.716642     0.762025     0.725156     0.678334     0.780143     0.682901
     0.676568     0.677227     0.682168     0.713541     0.730359     0.688505
     0.673390     0.664056     0.694209     0.727051     0.719608     0.673590
     0.696260     0.657100     0.613218     0.599312     0.598077     0.558031
     0.546717     0.573168     0.515456     0.540179     0.503173     0.450242
     0.493307     0.488160     0.512430     0.466547     0.445349     0.465817
     0.422507     0.404081     0.389500     0.363321     0.279990     0.277802
     0.335483     0.268237     0.231334     0.187245     0.176633     0.145232
    0.0890040
    0.0669396    0.0705663    0.0727577    0.0754220    0.0787774    0.0849666
    0.0884494    0.0888064    0.0967166    0.0976662     0.100672     0.105265
     0.110989     0.114141     0.117310     0.120391     0.123640     0.128358
     0.134951     0.142136     0.143465     0.144996     0.150930     0.153002
     0.155508     0.160731     0.166533     0.169205     0.174313     0.177739
     0.182652     0.188126     0.191994     0.199901     0.210154     0.217332
     0.218044     0.213655     0.213990     0.223264     0.228813     0.234050
     0.238972     0.244901     0.244962     0.248106     0.257931     0.256505
     0.262424     0.268815     0.278925     0.274114     0.275904     0.278868
     0.278330     0.286318     0.289032     0.294970     0.312391     0.315044
     0.310014     0.314068     0.321836     0.326743     0.330147     0.331641
     0.341684     0.339795     0.342234     0.354622     0.370100     0.372828
     0.375012     0.364471     0.367737     0.387930     0.400108     0.403336
     0.393511     0.398187     0.412411     0.411280     0.422457     0.447814
     0.453876     0.444236     0.455771     0.469310     0.476742     0.486049
     0.491210     0.498317     0.507397     0.512318     0.522456     0.533552
     0.531617     0.560693     0.568402     0.548592     0.576098     0.582323
     0.591728     0.597260     0.622418     0.635528     0.664555     0.686698
     0.680626     0.699898     0.703840     0.734329     0.750976     0.768933
     0.763807     0.790533     0.821652     0.862879     0.898307     0.925350
     0.973323     0.987232      1.01535      1.03475      1.06146      1.11706
      1.14870      1.20425      1.23967      1.24663      1.27992      1.32000
      1.40286      1.47393      1.51998      1.55184      1.62910      1.75259
      1.82427      1.88043      1.98123      2.07572      2.18882      2.24594
      2.37944      2.55249      2.70736      2.86046      3.09067      3.29264
      3.50580      3.76259      4.03426      4.31984      4.71869      5.05451
      5.46812      6.04023      6.64305      7.27055      8.15089      9.20449
      10.4166      11.8528      13.4298      15.4589      18.1403      21.2474
      24.9977      29.3366      34.0221      38.4844      42.0755      44.4675
      44.5690      42.9503      39.7552      35.4509      31.1668      27.1508
      23.5239      20.2875      17.6045      15.5387      13.6280      12.2061
      11.0168      9.91478      8.98654      8.29513      7.59391      7.03676
      6.51399      6.08997      5.70554      5.31093      5.02917      4.75570
      4.56893      4.31246      4.11666      3.92878      3.68176      3.52853
      3.38893      3.28357      3.17995      3.09390      3.03948      2.84657
      2.77879      2.72150      2.56923      2.43920      2.43867      2.39522
      2.30687      2.24193      2.15090      2.12293      2.05661      1.99197
      1.96587      1.86888      1.86528      1.80753      1.78963      1.77326
      1.79388      1.80340      1.66431      1.62259      1.65796      1.61445
      1.60179      1.56252      1.52300      1.51052      1.52087      1.42298
      1.41552      1.38297      1.39288      1.37285      1.33971      1.34403
      1.28414      1.34990      1.32069      1.29170      1.29274      1.24383
      1.13734      1.20742      1.20260      1.22044      1.19050      1.17333
      1.16914      1.13927      1.13092      1.16209      1.13155      1.06018
      1.00232      1.08506      1.07480      1.04119     0.994706      1.03204
     0.974626      1.05757      1.00599     0.977577      1.00941      1.04376
     0.956483     0.952098     0.975622     0.959325     0.911310     0.940072
     0.941662     0.854601     0.914001     0.965706     0.990710     0.940311
     0.850662     0.877775     0.921657     0.916014     0.929344     0.865452
     0.857665     0.907439     0.891914     0.872555     0.877360     0.814668
     0.793939     0.806694     0.773278     0.848147     0.820119     0.809802
     0.837046     0.818087     0.756456     0.768788     0.773277     0.807961
     0.819353     0.806125     0.795831     0.785819     0.758993     0.801330
     0.766208     0.795868     0.824040     0.811075     0.786410     0.786054
     0.738283     0.728470     0.755295     0.766159     0.700866     0.745288
     0.766462     0.755370     0.737217     0.732150     0.726249     0.693116
     0.710172     0.725410     0.675112     0.680114     0.726499     0.675785
     0.653639     0.692202     0.676201     0.646107     0.643506     0.664930
     0.583387     0.577215     0.596991     0.558033     0.541362     0.510547
     0.518545     0.474980     0.432945     0.422640     0.401156     0.402267
     0.431456     0.370184     0.331460     0.315211     0.308657     0.340173
     0.356411     0.326767     0.287112     0.234663     0.203627     0.186173
     0.110270
    0.0697112    0.0740994    0.0782852    0.0833246    0.0850238    0.0874987
    0.0925745    0.0968609     0.100231     0.102218     0.107058     0.111528
     0.111710     0.116593     0.119707     0.124369     0.129559     0.131133
     0.135996     0.141441     0.146341     0.150241     0.154210     0.158911
     0.164886     0.165760     0.168157     0.179612     0.183051     0.188906
     0.192190     0.191410     0.197768     0.202494     0.204080     0.207032
     0.219102     0.228005     0.230615     0.237129     0.232086     0.235338
     0.241410     0.253181     0.258373     0.255496     0.256193     0.257130
     0.259523     0.275187     0.273692     0.277498     0.288121     0.295936
     0.303592     0.302442     0.302497     0.312421     0.322191     0.323746
     0.325237     0.323708     0.330561     0.339488     0.347983     0.347617
     0.356418     0.364386     0.354745     0.357165     0.364668     0.374982
     0.380886     0.384210     0.393095     0.404105     0.412280     0.419138
     0.410975     0.421331     0.430955     0.433961     0.444643     0.448935
     0.454524     0.447969     0.459860     0.462311     0.469911     0.494345
     0.498746     0.517743     0.517016     0.527315     0.539461     0.564279
     0.583478     0.578164     0.572304     0.585561     0.604950     0.617448
     0.637717     0.634225     0.639918     0.649288     0.662879     0.687649
     0.707474     0.709234     0.735020     0.758988     0.760662     0.811282
     0.844384     0.861541     0.907354     0.929482     0.962786     0.964231
     0.994971      1.03594      1.05887      1.06828      1.09968      1.14440
      1.18657      1.22118      1.24727      1.26970      1.31717      1.37725
      1.44519      1.54230      1.56937      1.64069      1.71664      1.75162
      1.80721      1.89639      1.97591      2.06844      2.24358      2.37206
      2.40714      2.52886      2.67924      2.86221      3.10686      3.31666
      3.53334      3.80415      4.09712      4.40828      4.79240      5.19821
      5.57357      6.07454      6.67413      7.41292      8.25467      9.33778
      10.4627      11.7140      13.4077      15.4373      17.9325      20.8516
      24.2860      28.1895      32.4052      36.3899      39.7656      41.6466
      42.0014      40.4129      37.6402      34.1376      30.2067      26.5865
      23.1235      19.9784      17.4850      15.3428      13.6996      12.3143
      11.1379      10.0780      9.18806      8.36355      7.78702      6.98309
      6.69793      6.19797      5.79625      5.59763      5.19958      4.93586
      4.58379      4.38486      4.08501      3.93730      3.76940      3.59044
      3.49809      3.32480      3.23702      3.17078      3.09065      2.89292
      2.84528      2.75788      2.69251      2.61414      2.57431      2.38392
      2.30554      2.34536      2.26252      2.23379      2.12242      2.03709
      1.97661      1.97580      1.98651      1.87407      1.87259      1.83118
      1.80632      1.71528      1.72892      1.71562      1.65337      1.59459
      1.60784      1.60224      1.59884      1.58938      1.56855      1.53871
      1.49558      1.36980      1.42295      1.35418      1.35535      1.40756
      1.40534      1.31911      1.33856      1.31004      1.29467      1.27604
      1.22850      1.21817      1.24356      1.24328      1.19583      1.25550
      1.20540      1.12853      1.19031      1.14929      1.17036      1.15897
      1.13681      1.15286      1.12044      1.15293      1.09611      1.07631
      1.05832      1.08214      1.07943      1.06555      1.08692      1.08651
      1.03349     0.950902     0.899781     0.955078     0.989667     0.989940
     0.981018     0.999386      1.00448     0.955629     0.950452     0.948970
     0.943161     0.941732     0.866392     0.897679     0.925849     0.941885
     0.909485     0.905276     0.871343     0.886569     0.894577     0.878080
     0.884658     0.829984     0.853833     0.929040     0.925297     0.845723
     0.845555     0.874512     0.873174     0.832143     0.782104     0.771440
     0.813736     0.816883     0.804141     0.797816     0.814271     0.820221
     0.803421     0.754506     0.762516     0.782506     0.790491     0.837785
     0.885338     0.809196     0.755793     0.771013     0.741844     0.789450
     0.782717     0.760752     0.793294     0.833772     0.790868     0.745580
     0.712490     0.711892     0.745184     0.778310     0.717517     0.674435
     0.671785     0.714254     0.687900     0.682141     0.644166     0.619170
     0.626329     0.636941     0.623562     0.600963     0.602160     0.579648
     0.563096     0.526650     0.521139     0.469593     0.438014     0.440856
     0.440721     0.393094     0.381007     0.366655     0.353438     0.335323
     0.295277     0.271174     0.260355     0.250930     0.206254     0.165128
     0.112904
    0.0721817    0.0753306    0.0813172    0.0864740    0.0867326    0.0936629
    0.0966080    0.0977044     0.100537     0.103692     0.110613     0.115603
     0.119346     0.121403     0.125768     0.128589     0.131928     0.143388
     0.147365     0.151954     0.156307     0.153510     0.159550     0.167884
     0.177181     0.181912     0.185867     0.186817     0.189197     0.196534
     0.193120     0.195522     0.204604     0.205478     0.211968     0.219817
     0.227002     0.230034     0.234950     0.239047     0.242485     0.242946
     0.249591     0.257921     0.264315     0.272412     0.273615     0.275535
     0.277476     0.293705     0.293404     0.300240     0.298105     0.306563
     0.302733     0.299868     0.318530     0.329266     0.328562     0.337253
     0.338237     0.337695     0.339276     0.345582     0.345443     0.352782
     0.360526     0.365953     0.376130     0.376410     0.384708     0.382923
     0.391438     0.400271     0.405587     0.414320     0.423587     0.428498
     0.427655     0.425638     0.437118     0.458009     0.464154     0.472446
     0.482937     0.489136     0.488721     0.517214     0.518485     0.508232
     0.509619     0.510967     0.525551     0.550111     0.546621     0.568875
     0.575191     0.591884     0.595785     0.593580     0.619179     0.623010
     0.643497     0.654794     0.655933     0.678715     0.680875     0.695093
     0.736317     0.763601     0.813130     0.824033     0.805286     0.829406
     0.869001     0.875179     0.911842     0.956518     0.948057     0.947982
     0.996239      1.02602      1.06031      1.09092      1.11859      1.12629
      1.18044      1.24318      1.26562      1.30719      1.39190      1.43177
      1.49848      1.54880      1.62694      1.68510      1.73037      1.75328
      1.87162      1.97057      2.03222      2.11636      2.25726      2.38373
      2.51970      2.58768      2.74666      2.96170      3.10921      3.31508
      3.54284      3.89909      4.12909      4.48508      4.72977      5.12564
      5.65812      6.16529      6.77631      7.41500      8.33048      9.26947
      10.4402      11.9121      13.3777      15.2825      17.6917      20.5545
      23.7423      27.4757      31.2583      34.7310      37.4730      39.4834
      40.1045      38.7914      36.1416      32.5580      29.3490      25.7498
      22.6167      19.9046      17.5231      15.4091      13.8346      12.2054
      10.9866      10.0741      9.06640      8.43660      7.85494      7.22339
      6.77740      6.24715      5.90882      5.63437      5.33189      5.04913
      4.76581      4.57655      4.37484      4.16982      4.02122      3.71544
      3.53081      3.45176      3.38360      3.28135      3.14610      2.98926
      2.85792      2.71663      2.67374      2.66244      2.56701      2.47625
      2.42803      2.34844      2.26636      2.30470      2.28658      2.13598
      2.03568      2.06250      2.03148      1.97839      1.87858      1.87955
      1.81184      1.82711      1.88833      1.81824      1.75809      1.65831
      1.67545      1.61811      1.56501      1.56577      1.55075      1.50633
      1.50847      1.49800      1.48565      1.43997      1.45485      1.41132
      1.38022      1.35909      1.37682      1.37346      1.37912      1.38587
      1.32329      1.28557      1.23808      1.23231      1.21527      1.17128
      1.16318      1.18242      1.21601      1.20603      1.14448      1.12781
      1.15429      1.16301      1.16918      1.12976      1.11302      1.11855
      1.12470      1.10206      1.07927      1.13029      1.13465      1.05017
      1.00384      1.04144      1.00466     0.966508     0.972101     0.963170
     0.980321     0.978677     0.973876     0.953856     0.952178     0.950112
     0.950091      1.00480      1.00109     0.976166     0.957839     0.954952
     0.914548     0.933340     0.946972     0.917608     0.851829     0.884188
     0.940748     0.910364     0.869431     0.911960     0.882168     0.862611
     0.865031     0.848664     0.813572     0.856415     0.838278     0.835418
     0.902368     0.861922     0.874424     0.912448     0.894455     0.850647
     0.841296     0.841570     0.793535     0.760754     0.770679     0.759494
     0.788896     0.808097     0.777133     0.733355     0.795580     0.801419
     0.785336     0.801637     0.796723     0.755749     0.735978     0.787067
     0.784455     0.771357     0.809254     0.836813     0.764938     0.724933
     0.763449     0.736201     0.695132     0.668960     0.668686     0.674157
     0.600810     0.551176     0.603094     0.612071     0.556973     0.571679
     0.584709     0.556051     0.476865     0.446016     0.442109     0.455731
     0.473056     0.452561     0.404119     0.370481     0.358253     0.344503
     0.315102     0.309051     0.287195     0.262974     0.225086     0.180850
     0.133111
    0.0768357    0.0805665    0.0827072    0.0884513    0.0929036    0.0981791
     0.101425     0.103999     0.105995     0.108638     0.111754     0.119745
     0.121743     0.126277     0.132401     0.136617     0.142559     0.146549
     0.152865     0.156082     0.156725     0.156462     0.162944     0.171118
     0.176731     0.176831     0.183046     0.193028     0.200941     0.204435
     0.208673     0.208934     0.212097     0.215031     0.225240     0.231761
     0.234548     0.238463     0.239900     0.251797     0.261952     0.265884
     0.271227     0.280796     0.283685     0.284912     0.281197     0.277195
     0.292373     0.305490     0.309490     0.314639     0.308140     0.311715
     0.310370     0.325098     0.325390     0.326165     0.325913     0.333173
     0.342032     0.339962     0.347007     0.357866     0.370129     0.376381
     0.374106     0.374723     0.381279     0.404073     0.404459     0.397870
     0.393186     0.409097     0.427044     0.428693     0.438404     0.448832
     0.452399     0.460880     0.457501     0.467532     0.473761     0.474633
     0.484220     0.495298     0.492449     0.503256     0.494794     0.508961
     0.530184     0.542788     0.562103     0.588219     0.578990     0.592141
     0.589138     0.591758     0.612581     0.604168     0.620035     0.637476
     0.659607     0.681423     0.693706     0.695609     0.720969     0.732612
     0.742410     0.755901     0.772752     0.798995     0.822864     0.855006
     0.875978     0.927920     0.944911     0.943428     0.987965      1.04159
      1.04896      1.10391      1.13220      1.14804      1.17754      1.22839
      1.26644      1.30265      1.33099      1.36487      1.43320      1.50677
      1.52607      1.58498      1.62851      1.70606      1.75804      1.82171
      1.91998      2.01724      2.10964      2.21638      2.29007      2.43728
      2.55989      2.73319      2.88534      2.99607      3.17119      3.43824
      3.65365      3.94134      4.24896      4.52259      4.83590      5.29590
      5.78320      6.32192      7.00565      7.56941      8.29711      9.24031
      10.3563      11.6452      13.1978      15.0751      17.3867      20.0793
      23.1225      26.4106      29.6001      33.3033      36.0008      37.4158
      37.6958      36.9822      34.5828      31.6073      28.3630      25.3219
      22.3692      19.5811      17.3141      15.4904      13.6996      12.2556
      11.1144      10.1312      9.32835      8.61802      7.87452      7.28560
      6.83554      6.44814      5.96262      5.62838      5.33275      5.11279
      4.83793      4.63724      4.37118      4.16551      4.07621      3.84924
      3.62108      3.55877      3.44263      3.29543      3.18348      3.08456
      2.88323      2.84508      2.78889      2.71034      2.64249      2.55727
      2.48338      2.39016      2.33266      2.32303      2.30264      2.22585
      2.16240      2.13945      2.05012      1.97942      1.97701      1.88025
      1.89812      1.87747      1.80050      1.78285      1.75598      1.70905
      1.74698      1.73509      1.68323      1.62701      1.61827      1.57195
      1.54119      1.53981      1.52576      1.48430      1.48608      1.46668
      1.46932      1.44838      1.42237      1.36147      1.33397      1.31334
      1.32041      1.32180      1.27945      1.27666      1.28268      1.24255
      1.23141      1.21704      1.23392      1.23558      1.18403      1.22924
      1.18994      1.14830      1.10867      1.14289      1.18645      1.18072
      1.17054      1.13454      1.12321      1.14510      1.16253      1.13017
      1.10844      1.13225      1.09035      1.09279      1.12414      1.09380
      1.05790      1.03908      1.00722     0.995232     0.974547     0.957798
     0.947644     0.933836     0.983646     0.976288     0.983568     0.982445
     0.973692     0.979407     0.952237     0.940224     0.939944     0.915266
     0.904503     0.918572     0.901104     0.918257     0.942300     0.876942
     0.849113     0.879004     0.893497     0.895708     0.893431     0.863235
     0.844518     0.836937     0.853274     0.861758     0.852465     0.833730
     0.863640     0.858767     0.821518     0.827568     0.855094     0.868813
     0.852265     0.872330     0.883514     0.907360     0.928988     0.860416
     0.830604     0.817232     0.853444     0.818713     0.802553     0.811516
     0.783907     0.760054     0.776927     0.805096     0.827253     0.805923
     0.762488     0.717550     0.693533     0.686823     0.687177     0.679764
     0.668246     0.667241     0.619942     0.651887     0.652416     0.590292
     0.556354     0.567243     0.547251     0.547751     0.526098     0.458821
     0.464765     0.503156     0.452397     0.407276     0.378261     0.372490
     0.332275     0.305033     0.291999     0.270666     0.214254     0.163056
     0.120113
    0.0812838    0.0847174    0.0895679    0.0894319    0.0918380    0.0986992
     0.105747     0.109716     0.110859     0.116245     0.119794     0.122691
     0.124845     0.131526     0.137956     0.143569     0.143942     0.148067
     0.151634     0.157148     0.163854     0.161955     0.165618     0.170213
     0.180321     0.189582     0.192430     0.197848     0.203242     0.206976
     0.217658     0.221813     0.218015     0.225810     0.237318     0.236801
     0.236365     0.241838     0.246467     0.251809     0.257334     0.262118
     0.272985     0.281304     0.288076     0.281942     0.286622     0.297887
     0.303311     0.303351     0.305817     0.307723     0.317991     0.323965
     0.324510     0.341836     0.346258     0.344066     0.338887     0.354859
     0.358994     0.360661     0.359257     0.369069     0.378478     0.375485
     0.379261     0.380379     0.394818     0.420010     0.415541     0.405998
     0.415156     0.438956     0.433774     0.416642     0.436522     0.452107
     0.457709     0.461418     0.466672     0.482208     0.503090     0.496487
     0.492506     0.494438     0.516802     0.534338     0.542556     0.548112
     0.561446     0.565366     0.571967     0.587118     0.591394     0.589060
     0.615012     0.626248     0.642516     0.638859     0.656403     0.650787
     0.677342     0.689481     0.690784     0.716873     0.741764     0.768055
     0.780301     0.822004     0.816339     0.812581     0.877825     0.886442
     0.912041     0.928644     0.983720      1.01064      1.02476      1.04156
      1.07486      1.11257      1.12861      1.17579      1.21610      1.23613
      1.26795      1.29791      1.34591      1.38536      1.41758      1.50270
      1.56880      1.58862      1.66458      1.76540      1.83059      1.92661
      2.00972      2.06319      2.12491      2.26532      2.30425      2.47475
      2.60804      2.75471      2.85043      3.08917      3.22718      3.49860
      3.78387      4.03635      4.34640      4.58608      5.00208      5.41325
      5.93749      6.34184      6.87359      7.61294      8.38761      9.39330
      10.3755      11.6319      13.1930      14.9177      17.0084      19.4603
      21.9814      25.0790      28.3626      31.1943      33.7357      35.2221
      35.5798      34.4811      32.4433      30.0703      27.1332      24.3616
      21.6494      19.2421      17.1509      15.3824      13.8252      12.4314
      11.2567      10.2828      9.40711      8.55079      8.04619      7.50533
      6.98726      6.49423      6.08359      5.62896      5.25636      5.07884
      4.81555      4.62289      4.48303      4.25385      3.98655      3.86565
      3.72611      3.62809      3.48076      3.36009      3.23492      3.11752
      3.01340      2.97913      2.87649      2.75417      2.67288      2.58730
      2.52170      2.45913      2.41232      2.37123      2.34315      2.33361
      2.24622      2.17544      2.10821      2.07190      2.04186      2.00163
      1.96329      1.97620      1.89814      1.88986      1.81689      1.77725
      1.72195      1.73421      1.69437      1.66008      1.67558      1.66034
      1.55900      1.53443      1.54169      1.48010      1.46555      1.44341
      1.44977      1.48627      1.45867      1.45241      1.41787      1.41003
      1.44266      1.40393      1.37268      1.31084      1.31154      1.33288
      1.34505      1.28816      1.28442      1.26182      1.24531      1.23661
      1.22215      1.19700      1.20933      1.19633      1.17448      1.17465
      1.18315      1.18937      1.16485      1.15444      1.15526      1.10990
      1.09485      1.06960      1.07211      1.10330      1.16731      1.14029
      1.13174      1.11425      1.07935      1.01893      1.04727      1.06448
      1.02030      1.02651     0.995937     0.999112      1.05366      1.07372
      1.04487      1.00907     0.982837      1.01141     0.993622     0.996164
     0.997260     0.959035     0.980313      1.00729     0.955719     0.904587
     0.913222     0.975692     0.988483     0.958477     0.942208     0.930564
     0.925657     0.930241     0.919423     0.927970     0.943505     0.922033
     0.934048     0.921654     0.878582     0.889876     0.885900     0.853171
     0.831443     0.845758     0.880098     0.867928     0.875170     0.882755
     0.827090     0.843418     0.910434     0.893343     0.857052     0.818808
     0.803383     0.829473     0.790892     0.817599     0.793225     0.770321
     0.797451     0.800729     0.759688     0.744676     0.756571     0.726807
     0.730616     0.671530     0.635123     0.655161     0.699659     0.689766
     0.655428     0.597374     0.553024     0.554820     0.520785     0.524400
     0.543530     0.516169     0.483753     0.454629     0.405032     0.393962
     0.356262     0.356401     0.331706     0.292537     0.251222     0.187940
     0.133968
    0.0823688    0.0872222    0.0917765    0.0923320     0.103808     0.107093
     0.107636     0.109563     0.114170     0.117828     0.121636     0.125280
     0.130204     0.135965     0.141206     0.141933     0.145934     0.151436
     0.157576     0.158642     0.163470     0.178197     0.176625     0.179606
     0.184951     0.188059     0.195629     0.207100     0.211639     0.216401
     0.227293     0.231493     0.231156     0.229002     0.237234     0.240479
     0.251974     0.257778     0.262701     0.257500     0.256274     0.269188
     0.274578     0.276668     0.276321     0.282941     0.293062     0.305436
     0.310663     0.313151     0.312851     0.321812     0.328231     0.335883
     0.335016     0.339145     0.348390     0.342617     0.357517     0.371813
     0.371546     0.372056     0.386312     0.387874     0.393161     0.387879
     0.392578     0.403468     0.411025     0.409604     0.416100     0.416229
     0.432015     0.450154     0.454069     0.451791     0.461185     0.453991
     0.473711     0.495705     0.497763     0.506764     0.504245     0.511942
     0.517526     0.515337     0.537083     0.528580     0.531218     0.542445
     0.555525     0.562896     0.595498     0.597608     0.604257     0.597761
     0.609039     0.636478     0.669699     0.652650     0.669971     0.687082
     0.710336     0.734612     0.735710     0.737577     0.744261     0.759766
     0.790900     0.816525     0.834227     0.857387     0.852940     0.893595
     0.931433     0.968878     0.993927      1.03651      1.03142      1.08151
      1.14186      1.14865      1.16468      1.17247      1.24609      1.26327
      1.28941      1.35208      1.42025      1.46794      1.48813      1.51278
      1.60894      1.61576      1.72319      1.77332      1.86291      1.96921
      1.97754      2.05574      2.15515      2.29473      2.41745      2.51448
      2.67675      2.83298      2.93214      3.16026      3.34322      3.54552
      3.79290      4.03173      4.26106      4.57135      4.92688      5.38965
      5.84890      6.39517      6.92033      7.66521      8.33766      9.22906
      10.3842      11.6033      13.0331      14.8572      16.9099      19.0273
      21.6681      24.5892      27.3173      29.8198      31.8232      33.1129
      33.5221      32.5630      31.0114      28.7452      26.1694      23.5025
      21.0157      18.8432      16.7590      14.9001      13.5364      12.2744
      11.0785      10.1413      9.29606      8.65369      8.11626      7.55194
      6.97469      6.57564      6.20613      5.78342      5.47813      5.19468
      4.93175      4.72191      4.47332      4.32331      4.15581      3.97802
      3.85443      3.72360      3.56685      3.42395      3.34504      3.21602
      3.12100      2.99456      2.94213      2.85660      2.80639      2.68249
      2.59170      2.56647      2.48845      2.42842      2.33068      2.27025
      2.25268      2.24509      2.19524      2.15095      2.08867      1.99360
      1.99754      1.99274      1.95621      1.93781      1.91525      1.83659
      1.84169      1.80565      1.71792      1.70865      1.71870      1.71692
      1.69036      1.65493      1.57789      1.57165      1.59014      1.59474
      1.54525      1.48681      1.47114      1.48575      1.44284      1.41216
      1.41550      1.43555      1.38000      1.38808      1.38527      1.35605
      1.32436      1.32887      1.38994      1.34977      1.27464      1.28856
      1.26771      1.23672      1.26615      1.25407      1.23160      1.23559
      1.27122      1.28654      1.27718      1.22823      1.17027      1.13206
      1.14312      1.17750      1.13823      1.12735      1.10024      1.06984
      1.08986      1.10836      1.11122      1.11938      1.08026      1.07448
      1.08332      1.07104      1.05415      1.04375      1.07519      1.07307
     0.999490     0.965638      1.00765      1.04378      1.01305     0.985660
     0.988614     0.985060     0.962180     0.997049      1.01133     0.977585
     0.936176     0.970958     0.992305     0.998114     0.982139     0.977509
     0.948365     0.960210     0.930528     0.926968     0.923556     0.915015
     0.945059     0.912340     0.942495     0.984227     0.927559     0.879058
     0.898113     0.925847     0.890394     0.853183     0.837078     0.826942
     0.866393     0.862289     0.867512     0.923562     0.865662     0.864305
     0.897620     0.900252     0.899109     0.890676     0.846709     0.811342
     0.771133     0.788876     0.803859     0.787440     0.830246     0.752890
     0.763971     0.746388     0.692579     0.705111     0.657256     0.608280
     0.605841     0.610763     0.605897     0.628891     0.549208     0.551009
     0.549598     0.502004     0.470553     0.458510     0.443019     0.431973
     0.379589     0.337098     0.306555     0.293880     0.254374     0.211054
     0.169765
    0.0849309    0.0899447    0.0941671    0.0973573     0.102179     0.105089
     0.108560     0.112376     0.116723     0.121413     0.123608     0.129654
     0.136827     0.141242     0.146557     0.150992     0.154453     0.156461
     0.160470     0.168091     0.173465     0.178315     0.187753     0.189854
     0.188336     0.198802     0.210472     0.211882     0.214899     0.219569
     0.225663     0.230043     0.232530     0.241684     0.247497     0.252149
     0.250232     0.257342     0.267741     0.268956     0.272454     0.281927
     0.284264     0.288854     0.297503     0.310352     0.304964     0.314589
     0.315271     0.319009     0.322294     0.336935     0.341932     0.341145
     0.343751     0.352459     0.365947     0.362762     0.368493     0.368580
     0.376212     0.392691     0.383962     0.381893     0.403123     0.418049
     0.410387     0.410696     0.406644     0.410264     0.432452     0.441169
     0.441745     0.452733     0.459295     0.465407     0.468736     0.483439
     0.486011     0.488632     0.497803     0.503446     0.513779     0.532315
     0.545492     0.555517     0.557018     0.562885     0.580670     0.561814
     0.568656     0.592901     0.619898     0.628747     0.627398     0.636471
     0.640072     0.660774     0.680801     0.690112     0.694806     0.705382
     0.709578     0.735200     0.752396     0.756043     0.787795     0.813481
     0.821834     0.852439     0.855419     0.877008     0.905793     0.951307
     0.974250     0.988737      1.01024      1.06780      1.05165      1.09716
      1.15153      1.17027      1.16841      1.22702      1.27134      1.32338
      1.32196      1.39229      1.43156      1.46088      1.51941      1.59508
      1.65096      1.66832      1.77816      1.83636      1.91314      1.93186
      2.01069      2.10982      2.23449      2.32706      2.42515      2.55676
      2.71120      2.89274      3.06156      3.17685      3.41443      3.65152
      3.93837      4.15100      4.37465      4.68041      5.06515      5.42919
      5.89655      6.42002      6.95668      7.54061      8.22180      9.07859
      10.0997      11.3036      12.7688      14.3495      16.1907      18.3845
      20.7127      23.2309      25.8748      28.3529      30.2821      31.6018
      31.9206      31.2156      29.5726      27.6264      25.3562      22.8825
      20.6974      18.5229      16.5274      14.8871      13.5475      12.2830
      11.1490      10.1536      9.34418      8.65971      8.07883      7.50716
      7.04110      6.62843      6.21274      5.87547      5.54677      5.25714
      5.07599      4.81416      4.52745      4.32950      4.22095      4.06430
      3.89248      3.69823      3.60671      3.47225      3.33513      3.24833
      3.14883      3.06965      2.95551      2.86732      2.78528      2.67908
      2.65433      2.62751      2.56652      2.49237      2.44478      2.38367
      2.31050      2.27837      2.26083      2.21521      2.17617      2.12272
      2.05863      2.02197      1.95648      1.93958      1.94292      1.93452
      1.85367      1.81026      1.83676      1.83479      1.79704      1.73781
      1.71271      1.69669      1.68423      1.69754      1.65196      1.61337
      1.56095      1.56061      1.52730      1.51043      1.47492      1.48853
      1.51040      1.45659      1.41848      1.40061      1.38130      1.42188
      1.41609      1.35721      1.33076      1.33807      1.32549      1.32847
      1.30874      1.27974      1.29140      1.26026      1.30548      1.32957
      1.26406      1.22824      1.20978      1.18860      1.13393      1.17456
      1.19022      1.18715      1.17523      1.16920      1.14470      1.14273
      1.15645      1.13656      1.14170      1.12827      1.09895      1.13126
      1.14053      1.12994      1.12208      1.09623      1.07168      1.12140
      1.10851      1.09255      1.05520      1.03972      1.02978      1.06002
      1.06294      1.08181      1.04720      1.03770      1.05653      1.00943
      1.00810     0.989792     0.992796     0.996142     0.955213     0.930154
     0.933365     0.985234     0.969605     0.950571     0.965132     0.951512
     0.948040     0.989621     0.973343     0.962650     0.954167     0.940309
     0.932315     0.944227     0.967636     0.983258     0.922478     0.935354
     0.915225     0.918882     0.885695     0.891493     0.919311     0.875362
     0.877421     0.885936     0.891989     0.893552     0.861278     0.882034
     0.952866     0.913679     0.891204     0.926884     0.878069     0.861183
     0.837567     0.784592     0.800464     0.818845     0.781385     0.808220
     0.775535     0.741101     0.744055     0.733855     0.713076     0.648577
     0.645437     0.674681     0.707974     0.688256     0.599480     0.620671
     0.612073     0.580495     0.538024     0.518463     0.458977     0.388895
     0.306751
