     -1.00000     -1.00000     -1.00000     -1.00000     -1.00000     -1.00000
     -1.00000     -1.00000     -1.00000     -1.00000     -1.00000     -1.00000
     -1.00000     -1.00000     -1.00000     -1.00000     -1.00000     -1.00000
     -1.00000     -1.00000     -1.00000     -1.00000     -1.00000     -1.00000
     -1.00000     -1.00000     -1.00000     -1.00000     -1.00000     -1.00000
     -1.00000     -1.00000     -1.00000     -1.00000     -1.00000     -1.00000
     -1.00000     -1.00000     -1.00000     -1.00000     -1.00000     -1.00000
     -1.00000     -1.00000     -1.00000     -1.00000     -1.00000     -1.00000
     -1.00000     -1.00000     -1.00000     -1.00000     -1.00000     -1.00000
     -1.00000     -1.00000     -1.00000     -1.00000     -1.00000     -1.00000
     -1.00000     -1.00000     -1.00000     -1.00000     -1.00000     -1.00000
     -1.00000     -1.00000     -1.00000     -1.00000     -1.00000     -1.00000
     -1.00000     -1.00000     -1.00000     -1.00000     -1.00000     -1.00000
     -1.00000     -1.00000     -1.00000     -1.00000     -1.00000     -1.00000
     -1.00000     -1.00000     -1.00000     -1.00000     -1.00000     -1.00000
     -1.00000     -1.00000     -1.00000     -1.00000     -1.00000     -1.00000
     -1.00000     -1.00000     -1.00000     -1.00000     -1.00000     -1.00000
     -1.00000     -1.00000     -1.00000     -1.00000     -1.00000     -1.00000
     -1.00000     -1.00000     -1.00000     -1.00000     -1.00000     -1.00000
     -1.00000     -1.00000     -1.00000     -1.00000     -1.00000     -1.00000
     -1.00000     -1.00000     -1.00000     -1.00000     -1.00000     -1.00000
     -1.00000     -1.00000     -1.00000     -1.00000     -1.00000     -1.00000
     -1.00000     -1.00000     -1.00000     -1.00000     -1.00000     -1.00000
     -1.00000     -1.00000     -1.00000     -1.00000     -1.00000    0.0756632
    0.0731208    0.0366715    0.0355414    0.0375929    0.0395862    0.0433262
    0.0473278    0.0538087    0.0613538    0.0703361    0.0765520    0.0860422
    0.0955754     0.100005     0.102193     0.105075     0.103043    0.0995181
    0.0974679    0.0957665    0.0936141    0.0915024    0.0918615    0.0956163
     0.127867     0.252826     0.543713      1.01540      1.54439      1.87999
      1.83265      1.43183     0.902720     0.479954     0.249510     0.183650
     0.202364     0.241964     0.282812     0.315787     0.335473     0.341544
     0.335786     0.321558     0.303312     0.278630     0.249972     0.225390
     0.202138     0.176726     0.155794     0.136831     0.120093     0.104376
    0.0884572    0.0717965    0.0588279    0.0510061    0.0469851    0.0434556
    0.0399616    0.0396830    0.0376456    0.0384339    0.0394510    0.0480370
    0.0596329     -1.00000     -1.00000     -1.00000     -1.00000     -1.00000
     -1.00000     -1.00000     -1.00000     -1.00000     -1.00000     -1.00000
     -1.00000     -1.00000     -1.00000     -1.00000     -1.00000     -1.00000
     -1.00000     -1.00000     -1.00000     -1.00000     -1.00000     -1.00000
     -1.00000     -1.00000     -1.00000     -1.00000     -1.00000     -1.00000
     -1.00000     -1.00000     -1.00000     -1.00000     -1.00000     -1.00000
     -1.00000     -1.00000     -1.00000     -1.00000     -1.00000     -1.00000
     -1.00000     -1.00000     -1.00000     -1.00000     -1.00000     -1.00000
     -1.00000     -1.00000     -1.00000     -1.00000     -1.00000     -1.00000
     -1.00000     -1.00000     -1.00000     -1.00000     -1.00000     -1.00000
     -1.00000     -1.00000     -1.00000     -1.00000     -1.00000     -1.00000
     -1.00000     -1.00000     -1.00000     -1.00000     -1.00000     -1.00000
     -1.00000     -1.00000     -1.00000     -1.00000     -1.00000     -1.00000
     -1.00000     -1.00000     -1.00000     -1.00000     -1.00000     -1.00000
     -1.00000     -1.00000     -1.00000     -1.00000     -1.00000     -1.00000
     -1.00000     -1.00000     -1.00000     -1.00000     -1.00000     -1.00000
     -1.00000     -1.00000     -1.00000     -1.00000     -1.00000     -1.00000
     -1.00000     -1.00000     -1.00000     -1.00000     -1.00000     -1.00000
     -1.00000     -1.00000     -1.00000     -1.00000     -1.00000     -1.00000
     -1.00000     -1.00000     -1.00000     -1.00000     -1.00000     -1.00000
     -1.00000     -1.00000     -1.00000     -1.00000     -1.00000     -1.00000
     -1.00000     -1.00000     -1.00000     -1.00000     -1.00000     -1.00000
     -1.00000     -1.00000     -1.00000     -1.00000     -1.00000     -1.00000
     -1.00000     -1.00000     -1.00000     -1.00000     -1.00000     -1.00000
     -1.00000     -1.00000     -1.00000     -1.00000     -1.00000     -1.00000
     -1.00000     -1.00000     -1.00000     -1.00000     -1.00000     -1.00000
     -1.00000     -1.00000     -1.00000     -1.00000     -1.00000     -1.00000
     -1.00000
     -1.00000     -1.00000     -1.00000     -1.00000     -1.00000     -1.00000
     -1.00000     -1.00000     -1.00000     -1.00000     -1.00000     -1.00000
     -1.00000     -1.00000     -1.00000     -1.00000     -1.00000     -1.00000
     -1.00000     -1.00000     -1.00000     -1.00000     -1.00000     -1.00000
     -1.00000     -1.00000     -1.00000     -1.00000     -1.00000     -1.00000
     -1.00000     -1.00000     -1.00000     -1.00000     -1.00000     -1.00000
     -1.00000     -1.00000     -1.00000     -1.00000     -1.00000     -1.00000
     -1.00000     -1.00000     -1.00000     -1.00000     -1.00000     -1.00000
     -1.00000     -1.00000     -1.00000     -1.00000     -1.00000     -1.00000
     -1.00000     -1.00000     -1.00000     -1.00000     -1.00000     -1.00000
     -1.00000     -1.00000     -1.00000     -1.00000     -1.00000     -1.00000
     -1.00000     -1.00000     -1.00000     -1.00000     -1.00000     -1.00000
     -1.00000     -1.00000     -1.00000     -1.00000     -1.00000     -1.00000
     -1.00000     -1.00000     -1.00000     -1.00000     -1.00000     -1.00000
     -1.00000     -1.00000     -1.00000     -1.00000     -1.00000     -1.00000
     -1.00000     -1.00000     -1.00000     -1.00000     -1.00000     -1.00000
     -1.00000     -1.00000     -1.00000     -1.00000     -1.00000     -1.00000
     -1.00000     -1.00000     -1.00000     -1.00000     -1.00000     -1.00000
     -1.00000     -1.00000     -1.00000     -1.00000     -1.00000     -1.00000
     -1.00000     -1.00000     -1.00000     -1.00000     -1.00000     -1.00000
     -1.00000     -1.00000     -1.00000     -1.00000     -1.00000     -1.00000
     -1.00000     -1.00000     -1.00000     -1.00000     -1.00000     -1.00000
    0.0197715    0.0193111    0.0199705    0.0214088    0.0237069    0.0256023
    0.0267828    0.0288363    0.0307278    0.0328022    0.0330832    0.0337491
    0.0344262    0.0331101    0.0328804    0.0341811    0.0342665    0.0352478
    0.0361506    0.0378701    0.0400555    0.0421928    0.0435909    0.0459786
    0.0485699    0.0516389    0.0537019    0.0564515    0.0593464    0.0632407
    0.0666018    0.0673462    0.0678714    0.0697905    0.0734456    0.0816373
     0.109618     0.191226     0.351780     0.578393     0.812349     0.957941
     0.941823     0.774707     0.540890     0.326630     0.181000     0.110496
    0.0865402    0.0793958    0.0776171    0.0795376    0.0877657     0.101518
     0.119246     0.138582     0.160346     0.183310     0.202171     0.214264
     0.218917     0.215307     0.208175     0.197680     0.186200     0.174156
     0.160886     0.142578     0.125180     0.110147    0.0983818    0.0877190
    0.0782271    0.0722503    0.0653072    0.0570647    0.0496525    0.0444838
    0.0406451    0.0363428    0.0343768    0.0321991    0.0311403    0.0313414
    0.0300712    0.0300301    0.0295468    0.0283359    0.0276957    0.0285317
    0.0273732    0.0268414    0.0280221    0.0274349    0.0272423    0.0281764
    0.0360406     -1.00000     -1.00000     -1.00000     -1.00000     -1.00000
     -1.00000     -1.00000     -1.00000     -1.00000     -1.00000     -1.00000
     -1.00000     -1.00000     -1.00000     -1.00000     -1.00000     -1.00000
     -1.00000     -1.00000     -1.00000     -1.00000     -1.00000     -1.00000
     -1.00000     -1.00000     -1.00000     -1.00000     -1.00000     -1.00000
     -1.00000     -1.00000     -1.00000     -1.00000     -1.00000     -1.00000
     -1.00000     -1.00000     -1.00000     -1.00000     -1.00000     -1.00000
     -1.00000     -1.00000     -1.00000     -1.00000     -1.00000     -1.00000
     -1.00000     -1.00000     -1.00000     -1.00000     -1.00000     -1.00000
     -1.00000     -1.00000     -1.00000     -1.00000     -1.00000     -1.00000
     -1.00000     -1.00000     -1.00000     -1.00000     -1.00000     -1.00000
     -1.00000     -1.00000     -1.00000     -1.00000     -1.00000     -1.00000
     -1.00000     -1.00000     -1.00000     -1.00000     -1.00000     -1.00000
     -1.00000     -1.00000     -1.00000     -1.00000     -1.00000     -1.00000
     -1.00000     -1.00000     -1.00000     -1.00000     -1.00000     -1.00000
     -1.00000     -1.00000     -1.00000     -1.00000     -1.00000     -1.00000
     -1.00000     -1.00000     -1.00000     -1.00000     -1.00000     -1.00000
     -1.00000     -1.00000     -1.00000     -1.00000     -1.00000     -1.00000
     -1.00000     -1.00000     -1.00000     -1.00000     -1.00000     -1.00000
     -1.00000     -1.00000     -1.00000     -1.00000     -1.00000     -1.00000
     -1.00000     -1.00000     -1.00000     -1.00000     -1.00000     -1.00000
     -1.00000     -1.00000     -1.00000     -1.00000     -1.00000     -1.00000
     -1.00000     -1.00000     -1.00000     -1.00000     -1.00000     -1.00000
     -1.00000     -1.00000     -1.00000     -1.00000     -1.00000     -1.00000
     -1.00000
     -1.00000     -1.00000     -1.00000     -1.00000     -1.00000     -1.00000
     -1.00000     -1.00000     -1.00000     -1.00000     -1.00000     -1.00000
     -1.00000     -1.00000     -1.00000     -1.00000     -1.00000     -1.00000
     -1.00000     -1.00000     -1.00000     -1.00000     -1.00000     -1.00000
     -1.00000     -1.00000     -1.00000     -1.00000     -1.00000     -1.00000
     -1.00000     -1.00000     -1.00000     -1.00000     -1.00000     -1.00000
     -1.00000     -1.00000     -1.00000     -1.00000     -1.00000     -1.00000
     -1.00000     -1.00000     -1.00000     -1.00000     -1.00000     -1.00000
     -1.00000     -1.00000     -1.00000     -1.00000     -1.00000     -1.00000
     -1.00000     -1.00000     -1.00000     -1.00000     -1.00000     -1.00000
     -1.00000     -1.00000     -1.00000     -1.00000     -1.00000     -1.00000
     -1.00000     -1.00000     -1.00000     -1.00000     -1.00000     -1.00000
     -1.00000     -1.00000     -1.00000     -1.00000     -1.00000     -1.00000
     -1.00000     -1.00000     -1.00000     -1.00000     -1.00000     -1.00000
     -1.00000     -1.00000     -1.00000     -1.00000     -1.00000     -1.00000
     -1.00000     -1.00000     -1.00000     -1.00000     -1.00000     -1.00000
     -1.00000     -1.00000     -1.00000     -1.00000     -1.00000     -1.00000
     -1.00000     -1.00000     -1.00000     -1.00000     -1.00000     -1.00000
     -1.00000     -1.00000     -1.00000     -1.00000     -1.00000     -1.00000
     -1.00000     -1.00000     -1.00000     -1.00000     -1.00000     -1.00000
     -1.00000     -1.00000    0.0140195    0.0123291    0.0124451    0.0123033
    0.0128977    0.0130957    0.0130166    0.0137049    0.0149192    0.0155255
    0.0161858    0.0168664    0.0176827    0.0193123    0.0208012    0.0216057
    0.0229602    0.0249887    0.0255634    0.0268801    0.0272807    0.0276367
    0.0283101    0.0281130    0.0281199    0.0284991    0.0291139    0.0299564
    0.0303027    0.0309473    0.0319034    0.0331698    0.0343905    0.0358700
    0.0373266    0.0388595    0.0406143    0.0433788    0.0467681    0.0494775
    0.0522825    0.0548815    0.0574412    0.0615912    0.0672919    0.0782538
     0.106796     0.180066     0.316830     0.502059     0.687386     0.798740
     0.784973     0.652679     0.464462     0.289905     0.168796     0.106536
    0.0837637    0.0746226    0.0683229    0.0642177    0.0614318    0.0590110
    0.0570466    0.0548544    0.0530278    0.0531652    0.0552377    0.0599680
    0.0685970    0.0774735    0.0877191     0.102098     0.117228     0.131785
     0.145410     0.151525     0.153446     0.153277     0.151411     0.148505
     0.142686     0.134334     0.122719     0.108000    0.0941419    0.0829924
    0.0738283    0.0653262    0.0586444    0.0535868    0.0499593    0.0461498
    0.0428250    0.0400031    0.0367329    0.0322492    0.0290364    0.0277037
    0.0269583    0.0265406    0.0258860    0.0251740    0.0253463    0.0254072
    0.0245141    0.0232963    0.0231503    0.0239990    0.0244082    0.0232135
    0.0228865    0.0233043    0.0224590    0.0219349    0.0227459    0.0223346
    0.0217735    0.0216819    0.0211520    0.0208263    0.0218978    0.0223791
    0.0219540    0.0260277    0.0255607     -1.00000     -1.00000     -1.00000
     -1.00000     -1.00000     -1.00000     -1.00000     -1.00000     -1.00000
     -1.00000     -1.00000     -1.00000     -1.00000     -1.00000     -1.00000
     -1.00000     -1.00000     -1.00000     -1.00000     -1.00000     -1.00000
     -1.00000     -1.00000     -1.00000     -1.00000     -1.00000     -1.00000
     -1.00000     -1.00000     -1.00000     -1.00000     -1.00000     -1.00000
     -1.00000     -1.00000     -1.00000     -1.00000     -1.00000     -1.00000
     -1.00000     -1.00000     -1.00000     -1.00000     -1.00000     -1.00000
     -1.00000     -1.00000     -1.00000     -1.00000     -1.00000     -1.00000
     -1.00000     -1.00000     -1.00000     -1.00000     -1.00000     -1.00000
     -1.00000     -1.00000     -1.00000     -1.00000     -1.00000     -1.00000
     -1.00000     -1.00000     -1.00000     -1.00000     -1.00000     -1.00000
     -1.00000     -1.00000     -1.00000     -1.00000     -1.00000     -1.00000
     -1.00000     -1.00000     -1.00000     -1.00000     -1.00000     -1.00000
     -1.00000     -1.00000     -1.00000     -1.00000     -1.00000     -1.00000
     -1.00000     -1.00000     -1.00000     -1.00000     -1.00000     -1.00000
     -1.00000     -1.00000     -1.00000     -1.00000     -1.00000     -1.00000
     -1.00000     -1.00000     -1.00000     -1.00000     -1.00000     -1.00000
     -1.00000     -1.00000     -1.00000     -1.00000     -1.00000     -1.00000
     -1.00000     -1.00000     -1.00000     -1.00000     -1.00000     -1.00000
     -1.00000     -1.00000     -1.00000     -1.00000     -1.00000     -1.00000
     -1.00000
     -1.00000     -1.00000     -1.00000     -1.00000     -1.00000     -1.00000
     -1.00000     -1.00000     -1.00000     -1.00000     -1.00000     -1.00000
     -1.00000     -1.00000     -1.00000     -1.00000     -1.00000     -1.00000
     -1.00000     -1.00000     -1.00000     -1.00000     -1.00000     -1.00000
     -1.00000     -1.00000     -1.00000     -1.00000     -1.00000     -1.00000
     -1.00000     -1.00000     -1.00000     -1.00000     -1.00000     -1.00000
     -1.00000     -1.00000     -1.00000     -1.00000     -1.00000     -1.00000
     -1.00000     -1.00000     -1.00000     -1.00000     -1.00000     -1.00000
     -1.00000     -1.00000     -1.00000     -1.00000     -1.00000     -1.00000
     -1.00000     -1.00000     -1.00000     -1.00000     -1.00000     -1.00000
     -1.00000     -1.00000     -1.00000     -1.00000     -1.00000     -1.00000
     -1.00000     -1.00000     -1.00000     -1.00000     -1.00000     -1.00000
     -1.00000     -1.00000     -1.00000     -1.00000     -1.00000     -1.00000
     -1.00000     -1.00000     -1.00000     -1.00000     -1.00000     -1.00000
     -1.00000     -1.00000     -1.00000     -1.00000     -1.00000     -1.00000
     -1.00000     -1.00000     -1.00000     -1.00000     -1.00000     -1.00000
     -1.00000     -1.00000     -1.00000     -1.00000     -1.00000     -1.00000
     -1.00000     -1.00000     -1.00000     -1.00000     -1.00000     -1.00000
     -1.00000     -1.00000     -1.00000     -1.00000   0.00980578   0.00959892
   0.00997583    0.0101527    0.0101108    0.0101767    0.0102001    0.0101745
    0.0103817    0.0110093    0.0115632    0.0117408    0.0114847    0.0116661
    0.0117476    0.0120218    0.0125064    0.0128504    0.0130643    0.0139079
    0.0147558    0.0154046    0.0158511    0.0162553    0.0176348    0.0186920
    0.0195374    0.0205764    0.0211550    0.0218383    0.0226068    0.0228582
    0.0236620    0.0244252    0.0255041    0.0263678    0.0273453    0.0283535
    0.0286297    0.0297149    0.0308595    0.0316087    0.0328594    0.0341325
    0.0349663    0.0362621    0.0393061    0.0428570    0.0455075    0.0475609
    0.0500774    0.0533943    0.0573962    0.0636936    0.0724747    0.0848831
     0.114306     0.185344     0.311835     0.477579     0.642649     0.743804
     0.731934     0.614310     0.445119     0.285759     0.173137     0.112873
    0.0878808    0.0769579    0.0702562    0.0650707    0.0610044    0.0577037
    0.0544962    0.0531740    0.0519376    0.0491235    0.0465848    0.0451158
    0.0446205    0.0439702    0.0426881    0.0418224    0.0414698    0.0416944
    0.0439871    0.0488399    0.0564514    0.0647286    0.0722606    0.0815530
    0.0912286     0.100495     0.106497     0.109221     0.110203     0.109588
     0.107865     0.104676     0.100332    0.0943542    0.0883518    0.0815827
    0.0743091    0.0671110    0.0610333    0.0552862    0.0497172    0.0447885
    0.0408806    0.0384775    0.0366359    0.0353828    0.0340284    0.0323846
    0.0294698    0.0264329    0.0260399    0.0258740    0.0243863    0.0243138
    0.0234321    0.0218405    0.0218250    0.0220550    0.0218453    0.0210287
    0.0207645    0.0210528    0.0211877    0.0210962    0.0205286    0.0207906
    0.0209985    0.0204080    0.0203762    0.0207448    0.0210000    0.0209051
    0.0207364    0.0206332    0.0201391    0.0194585    0.0191760    0.0192333
    0.0200714    0.0202145    0.0201495    0.0201406    0.0194631    0.0189637
    0.0199502    0.0204566    0.0209023    0.0218664    0.0215547    0.0315511
     -1.00000     -1.00000     -1.00000     -1.00000     -1.00000     -1.00000
     -1.00000     -1.00000     -1.00000     -1.00000     -1.00000     -1.00000
     -1.00000     -1.00000     -1.00000     -1.00000     -1.00000     -1.00000
     -1.00000     -1.00000     -1.00000     -1.00000     -1.00000     -1.00000
     -1.00000     -1.00000     -1.00000     -1.00000     -1.00000     -1.00000
     -1.00000     -1.00000     -1.00000     -1.00000     -1.00000     -1.00000
     -1.00000     -1.00000     -1.00000     -1.00000     -1.00000     -1.00000
     -1.00000     -1.00000     -1.00000     -1.00000     -1.00000     -1.00000
     -1.00000     -1.00000     -1.00000     -1.00000     -1.00000     -1.00000
     -1.00000     -1.00000     -1.00000     -1.00000     -1.00000     -1.00000
     -1.00000     -1.00000     -1.00000     -1.00000     -1.00000     -1.00000
     -1.00000     -1.00000     -1.00000     -1.00000     -1.00000     -1.00000
     -1.00000     -1.00000     -1.00000     -1.00000     -1.00000     -1.00000
     -1.00000     -1.00000     -1.00000     -1.00000     -1.00000     -1.00000
     -1.00000     -1.00000     -1.00000     -1.00000     -1.00000     -1.00000
     -1.00000     -1.00000     -1.00000     -1.00000     -1.00000     -1.00000
     -1.00000     -1.00000     -1.00000     -1.00000     -1.00000     -1.00000
     -1.00000
     -1.00000     -1.00000     -1.00000     -1.00000     -1.00000     -1.00000
     -1.00000     -1.00000     -1.00000     -1.00000     -1.00000     -1.00000
     -1.00000     -1.00000     -1.00000     -1.00000     -1.00000     -1.00000
     -1.00000     -1.00000     -1.00000     -1.00000     -1.00000     -1.00000
     -1.00000     -1.00000     -1.00000     -1.00000     -1.00000     -1.00000
     -1.00000     -1.00000     -1.00000     -1.00000     -1.00000     -1.00000
     -1.00000     -1.00000     -1.00000     -1.00000     -1.00000     -1.00000
     -1.00000     -1.00000     -1.00000     -1.00000     -1.00000     -1.00000
     -1.00000     -1.00000     -1.00000     -1.00000     -1.00000     -1.00000
     -1.00000     -1.00000     -1.00000     -1.00000     -1.00000     -1.00000
     -1.00000     -1.00000     -1.00000     -1.00000     -1.00000     -1.00000
     -1.00000     -1.00000     -1.00000     -1.00000     -1.00000     -1.00000
     -1.00000     -1.00000     -1.00000     -1.00000     -1.00000     -1.00000
     -1.00000     -1.00000     -1.00000     -1.00000     -1.00000     -1.00000
     -1.00000     -1.00000     -1.00000     -1.00000     -1.00000     -1.00000
     -1.00000     -1.00000     -1.00000     -1.00000     -1.00000     -1.00000
     -1.00000     -1.00000     -1.00000     -1.00000     -1.00000     -1.00000
     -1.00000   0.00998399   0.00798006   0.00797301   0.00805296   0.00820981
   0.00829325   0.00852321   0.00873268   0.00891740   0.00920573   0.00949735
   0.00934352   0.00913092   0.00918362   0.00951377   0.00991094    0.0101597
    0.0103746    0.0105100    0.0110721    0.0114405    0.0114273    0.0115176
    0.0119589    0.0124780    0.0126236    0.0135753    0.0136286    0.0137101
    0.0145654    0.0155263    0.0164359    0.0171077    0.0179405    0.0186719
    0.0185186    0.0188322    0.0193833    0.0199319    0.0208175    0.0216240
    0.0221914    0.0224993    0.0232030    0.0243081    0.0248350    0.0252002
    0.0261018    0.0272604    0.0290052    0.0304731    0.0312993    0.0321234
    0.0338818    0.0358341    0.0384546    0.0407355    0.0426585    0.0456681
    0.0487935    0.0526586    0.0580959    0.0649646    0.0745865    0.0897501
     0.119416     0.182000     0.293361     0.443356     0.592418     0.684681
     0.678285     0.577576     0.427597     0.281973     0.177599     0.120677
    0.0947550    0.0818578    0.0734814    0.0676926    0.0632159    0.0594695
    0.0559339    0.0527067    0.0502532    0.0484129    0.0467490    0.0447915
    0.0425333    0.0412060    0.0408604    0.0405568    0.0395769    0.0386177
    0.0376322    0.0368554    0.0355517    0.0346816    0.0340114    0.0335763
    0.0335826    0.0340023    0.0355923    0.0376345    0.0419192    0.0469381
    0.0527553    0.0591386    0.0645035    0.0696204    0.0742277    0.0765168
    0.0764339    0.0758091    0.0753174    0.0745083    0.0729755    0.0712559
    0.0689517    0.0654500    0.0625528    0.0588046    0.0539289    0.0485704
    0.0434373    0.0389006    0.0359479    0.0338687    0.0321477    0.0303865
    0.0290591    0.0282847    0.0275780    0.0264257    0.0244260    0.0231680
    0.0222684    0.0215390    0.0216677    0.0214755    0.0211461    0.0213992
    0.0221755    0.0213539    0.0206178    0.0209974    0.0211797    0.0200854
    0.0202263    0.0206461    0.0201242    0.0197285    0.0196604    0.0196524
    0.0199579    0.0196034    0.0189550    0.0200222    0.0210567    0.0200465
    0.0195016    0.0194666    0.0199196    0.0198060    0.0198335    0.0199240
    0.0191924    0.0190906    0.0186513    0.0183634    0.0189093    0.0196649
    0.0194357    0.0185966    0.0186789    0.0192499    0.0189664    0.0189112
    0.0193345    0.0195740    0.0194809    0.0193446    0.0188914    0.0187729
    0.0188622    0.0189175    0.0185846    0.0190709    0.0193915    0.0288377
     -1.00000     -1.00000     -1.00000     -1.00000     -1.00000     -1.00000
     -1.00000     -1.00000     -1.00000     -1.00000     -1.00000     -1.00000
     -1.00000     -1.00000     -1.00000     -1.00000     -1.00000     -1.00000
     -1.00000     -1.00000     -1.00000     -1.00000     -1.00000     -1.00000
     -1.00000     -1.00000     -1.00000     -1.00000     -1.00000     -1.00000
     -1.00000     -1.00000     -1.00000     -1.00000     -1.00000     -1.00000
     -1.00000     -1.00000     -1.00000     -1.00000     -1.00000     -1.00000
     -1.00000     -1.00000     -1.00000     -1.00000     -1.00000     -1.00000
     -1.00000     -1.00000     -1.00000     -1.00000     -1.00000     -1.00000
     -1.00000     -1.00000     -1.00000     -1.00000     -1.00000     -1.00000
     -1.00000     -1.00000     -1.00000     -1.00000     -1.00000     -1.00000
     -1.00000     -1.00000     -1.00000     -1.00000     -1.00000     -1.00000
     -1.00000     -1.00000     -1.00000     -1.00000     -1.00000     -1.00000
     -1.00000
     -1.00000     -1.00000     -1.00000     -1.00000     -1.00000     -1.00000
     -1.00000     -1.00000     -1.00000     -1.00000     -1.00000     -1.00000
     -1.00000     -1.00000     -1.00000     -1.00000     -1.00000     -1.00000
     -1.00000     -1.00000     -1.00000     -1.00000     -1.00000     -1.00000
     -1.00000     -1.00000     -1.00000     -1.00000     -1.00000     -1.00000
     -1.00000     -1.00000     -1.00000     -1.00000     -1.00000     -1.00000
     -1.00000     -1.00000     -1.00000     -1.00000     -1.00000     -1.00000
     -1.00000     -1.00000     -1.00000     -1.00000     -1.00000     -1.00000
     -1.00000     -1.00000     -1.00000     -1.00000     -1.00000     -1.00000
     -1.00000     -1.00000     -1.00000     -1.00000     -1.00000     -1.00000
     -1.00000     -1.00000     -1.00000     -1.00000     -1.00000     -1.00000
     -1.00000     -1.00000     -1.00000     -1.00000     -1.00000     -1.00000
     -1.00000     -1.00000     -1.00000     -1.00000     -1.00000     -1.00000
     -1.00000     -1.00000     -1.00000     -1.00000     -1.00000     -1.00000
     -1.00000     -1.00000     -1.00000     -1.00000     -1.00000     -1.00000
     -1.00000     -1.00000     -1.00000     -1.00000     -1.00000   0.00678692
   0.00671179   0.00690164   0.00676142   0.00697840   0.00745441   0.00762322
   0.00748256   0.00763338   0.00771791   0.00779742   0.00798228   0.00804325
   0.00809909   0.00815058   0.00837024   0.00852287   0.00889776   0.00909619
   0.00932999   0.00987076    0.0105919    0.0104545    0.0105706    0.0106672
    0.0111064    0.0108962    0.0111199    0.0113163    0.0116492    0.0120560
    0.0122239    0.0124214    0.0127201    0.0133251    0.0135660    0.0144159
    0.0153122    0.0154753    0.0157289    0.0161685    0.0165591    0.0167828
    0.0172582    0.0177560    0.0183449    0.0195303    0.0206010    0.0208380
    0.0208708    0.0218180    0.0230098    0.0237193    0.0243412    0.0250541
    0.0260840    0.0272472    0.0288714    0.0303270    0.0314498    0.0325123
    0.0342720    0.0368402    0.0392450    0.0409640    0.0436631    0.0467831
    0.0499694    0.0544372    0.0602346    0.0680950    0.0784438    0.0931168
     0.121772     0.181128     0.281707     0.414963     0.548999     0.634438
     0.632235     0.544960     0.412534     0.280836     0.182781     0.127240
     0.100642    0.0861418    0.0770100    0.0702801    0.0650346    0.0609339
    0.0573039    0.0540119    0.0512944    0.0491687    0.0475116    0.0458651
    0.0441804    0.0427061    0.0407773    0.0394383    0.0384678    0.0367696
    0.0354713    0.0349382    0.0343840    0.0334372    0.0325871    0.0321869
    0.0315932    0.0305532    0.0298427    0.0299514    0.0297360    0.0292289
    0.0285355    0.0277242    0.0275251    0.0292241    0.0302208    0.0307713
    0.0326573    0.0361166    0.0409273    0.0458264    0.0505548    0.0543812
    0.0561914    0.0579703    0.0600392    0.0606422    0.0594140    0.0587405
    0.0586313    0.0581848    0.0569859    0.0552566    0.0537632    0.0504661
    0.0460442    0.0430524    0.0393977    0.0354000    0.0323416    0.0301633
    0.0286956    0.0270970    0.0260908    0.0260364    0.0267021    0.0255639
    0.0237593    0.0232471    0.0226867    0.0215260    0.0203842    0.0200345
    0.0205926    0.0210420    0.0209376    0.0201553    0.0200721    0.0202059
    0.0200453    0.0203278    0.0200658    0.0192815    0.0192877    0.0199906
    0.0197534    0.0192146    0.0196465    0.0197954    0.0195638    0.0192878
    0.0197140    0.0198124    0.0193808    0.0195496    0.0196483    0.0195611
    0.0198477    0.0199246    0.0199742    0.0195740    0.0188611    0.0188774
    0.0186503    0.0189154    0.0195705    0.0193181    0.0185411    0.0184282
    0.0190653    0.0196743    0.0191459    0.0185388    0.0188659    0.0186092
    0.0191225    0.0197246    0.0189862    0.0183234    0.0184872    0.0183667
    0.0185087    0.0187064    0.0190017    0.0186197    0.0178771    0.0183330
    0.0185453    0.0184459    0.0185957    0.0185801    0.0189870    0.0185234
    0.0183865    0.0185344    0.0186167    0.0182847    0.0180869    0.0183312
    0.0184507    0.0207578     -1.00000     -1.00000     -1.00000     -1.00000
     -1.00000     -1.00000     -1.00000     -1.00000     -1.00000     -1.00000
     -1.00000     -1.00000     -1.00000     -1.00000     -1.00000     -1.00000
     -1.00000     -1.00000     -1.00000     -1.00000     -1.00000     -1.00000
     -1.00000     -1.00000     -1.00000     -1.00000     -1.00000     -1.00000
     -1.00000     -1.00000     -1.00000     -1.00000     -1.00000     -1.00000
     -1.00000     -1.00000     -1.00000     -1.00000     -1.00000     -1.00000
     -1.00000     -1.00000     -1.00000     -1.00000     -1.00000     -1.00000
     -1.00000     -1.00000     -1.00000     -1.00000     -1.00000     -1.00000
     -1.00000
     -1.00000     -1.00000     -1.00000     -1.00000     -1.00000     -1.00000
     -1.00000     -1.00000     -1.00000     -1.00000     -1.00000     -1.00000
     -1.00000     -1.00000     -1.00000     -1.00000     -1.00000     -1.00000
     -1.00000     -1.00000     -1.00000     -1.00000     -1.00000     -1.00000
     -1.00000     -1.00000     -1.00000     -1.00000     -1.00000     -1.00000
     -1.00000     -1.00000     -1.00000     -1.00000     -1.00000     -1.00000
     -1.00000     -1.00000     -1.00000     -1.00000     -1.00000     -1.00000
     -1.00000     -1.00000     -1.00000     -1.00000     -1.00000     -1.00000
     -1.00000     -1.00000     -1.00000     -1.00000     -1.00000     -1.00000
     -1.00000     -1.00000     -1.00000     -1.00000     -1.00000     -1.00000
     -1.00000     -1.00000     -1.00000     -1.00000     -1.00000     -1.00000
     -1.00000     -1.00000     -1.00000     -1.00000     -1.00000     -1.00000
     -1.00000     -1.00000     -1.00000     -1.00000     -1.00000     -1.00000
     -1.00000     -1.00000     -1.00000     -1.00000     -1.00000     -1.00000
     -1.00000     -1.00000     -1.00000   0.00605119   0.00605827   0.00612285
   0.00624638   0.00641022   0.00660398   0.00682232   0.00678123   0.00674906
   0.00690182   0.00696009   0.00741113   0.00754750   0.00744438   0.00777578
   0.00815418   0.00814461   0.00803628   0.00819421   0.00823011   0.00847805
   0.00866794   0.00885692   0.00885064   0.00898053   0.00963077   0.00970888
   0.00994213   0.00979707    0.0100529    0.0102817    0.0104682    0.0105370
    0.0108741    0.0113683    0.0115331    0.0116425    0.0118315    0.0120879
    0.0124433    0.0129631    0.0133200    0.0133603    0.0140538    0.0147000
    0.0147593    0.0155805    0.0159495    0.0156513    0.0160020    0.0168547
    0.0172859    0.0171982    0.0182516    0.0196182    0.0201431    0.0203540
    0.0209495    0.0219948    0.0225147    0.0229249    0.0236444    0.0247106
    0.0257453    0.0272137    0.0287987    0.0295982    0.0306867    0.0330507
    0.0356889    0.0378654    0.0392564    0.0410263    0.0437456    0.0468361
    0.0509399    0.0560250    0.0625030    0.0699280    0.0794523    0.0940289
     0.121610     0.176096     0.266377     0.385220     0.503649     0.579147
     0.576284     0.499257     0.382241     0.265877     0.178318     0.126843
     0.100675    0.0859334    0.0765952    0.0699394    0.0639612    0.0594215
    0.0562817    0.0540274    0.0513139    0.0490505    0.0472524    0.0451061
    0.0430138    0.0415938    0.0402910    0.0391192    0.0382278    0.0369617
    0.0350732    0.0337352    0.0334935    0.0326125    0.0317518    0.0309492
    0.0299460    0.0303372    0.0300161    0.0291066    0.0287323    0.0282224
    0.0273367    0.0275520    0.0270468    0.0261656    0.0265240    0.0263785
    0.0260317    0.0258387    0.0254606    0.0248559    0.0246108    0.0244380
    0.0250542    0.0254282    0.0267660    0.0292859    0.0320618    0.0363793
    0.0408016    0.0436015    0.0444811    0.0451231    0.0466457    0.0463416
    0.0455762    0.0456975    0.0455177    0.0450102    0.0449160    0.0449919
    0.0439666    0.0425975    0.0404607    0.0373630    0.0343950    0.0318435
    0.0289060    0.0267320    0.0261738    0.0258664    0.0246353    0.0243043
    0.0238061    0.0230521    0.0225832    0.0220567    0.0211420    0.0210203
    0.0207711    0.0201811    0.0191574    0.0189066    0.0191213    0.0187240
    0.0191748    0.0203557    0.0202103    0.0196322    0.0197058    0.0192632
    0.0191051    0.0191074    0.0194838    0.0198858    0.0192945    0.0192540
    0.0202283    0.0199760    0.0192377    0.0194215    0.0195243    0.0198210
    0.0200950    0.0195535    0.0188148    0.0184040    0.0184047    0.0193396
    0.0195786    0.0195105    0.0184705    0.0187191    0.0196743    0.0189200
    0.0186741    0.0186320    0.0188370    0.0195751    0.0203833    0.0199660
    0.0187220    0.0185953    0.0198688    0.0200952    0.0195350    0.0191163
    0.0191501    0.0195301    0.0193415    0.0192069    0.0200608    0.0199772
    0.0198463    0.0198770    0.0197728    0.0196465    0.0198135    0.0203492
    0.0202458    0.0195940    0.0200400    0.0193672    0.0188017    0.0194565
    0.0207648    0.0210443    0.0202293    0.0194709    0.0191597    0.0191980
    0.0195396    0.0200139    0.0199325    0.0199278    0.0196999    0.0189419
    0.0193471    0.0199030    0.0202506    0.0206128    0.0205567    0.0204027
    0.0198121    0.0197397    0.0207348    0.0204351    0.0197166    0.0200291
    0.0205953    0.0411239     -1.00000     -1.00000     -1.00000     -1.00000
     -1.00000     -1.00000     -1.00000     -1.00000     -1.00000     -1.00000
     -1.00000     -1.00000     -1.00000     -1.00000     -1.00000     -1.00000
     -1.00000     -1.00000     -1.00000     -1.00000     -1.00000     -1.00000
     -1.00000
     -1.00000     -1.00000     -1.00000     -1.00000     -1.00000     -1.00000
     -1.00000     -1.00000     -1.00000     -1.00000     -1.00000     -1.00000
     -1.00000     -1.00000     -1.00000     -1.00000     -1.00000     -1.00000
     -1.00000     -1.00000     -1.00000     -1.00000     -1.00000     -1.00000
     -1.00000     -1.00000     -1.00000     -1.00000     -1.00000     -1.00000
     -1.00000     -1.00000     -1.00000     -1.00000     -1.00000     -1.00000
     -1.00000     -1.00000     -1.00000     -1.00000     -1.00000     -1.00000
     -1.00000     -1.00000     -1.00000     -1.00000     -1.00000     -1.00000
     -1.00000     -1.00000     -1.00000     -1.00000     -1.00000     -1.00000
     -1.00000     -1.00000     -1.00000     -1.00000     -1.00000     -1.00000
     -1.00000     -1.00000     -1.00000     -1.00000     -1.00000     -1.00000
     -1.00000     -1.00000     -1.00000     -1.00000     -1.00000     -1.00000
     -1.00000     -1.00000     -1.00000     -1.00000     -1.00000     -1.00000
     -1.00000     -1.00000   0.00540557   0.00545957   0.00538327   0.00561536
   0.00586638   0.00594482   0.00590020   0.00602422   0.00614326   0.00628257
   0.00641342   0.00658777   0.00681280   0.00672400   0.00682048   0.00705144
   0.00704041   0.00719589   0.00747793   0.00741724   0.00769561   0.00792457
   0.00788472   0.00784798   0.00797516   0.00838551   0.00839703   0.00868237
   0.00890332   0.00911853   0.00937328   0.00942330   0.00951376   0.00960566
   0.00988524    0.0101393    0.0102229    0.0103235    0.0103765    0.0107318
    0.0110748    0.0113131    0.0116666    0.0119576    0.0118782    0.0122091
    0.0127677    0.0127410    0.0130547    0.0138843    0.0140426    0.0140983
    0.0145994    0.0151424    0.0153391    0.0155418    0.0159735    0.0167215
    0.0170214    0.0174379    0.0185026    0.0192125    0.0194106    0.0196522
    0.0202899    0.0213626    0.0215631    0.0220391    0.0229371    0.0245350
    0.0264517    0.0275997    0.0281416    0.0294690    0.0312476    0.0332681
    0.0351866    0.0366711    0.0385560    0.0409483    0.0435840    0.0471765
    0.0521469    0.0570087    0.0626347    0.0697540    0.0792813    0.0947410
     0.122852     0.174439     0.257538     0.363653     0.463252     0.524606
     0.517991     0.447841     0.346346     0.247770     0.172869     0.127305
     0.102625    0.0879538    0.0784778    0.0718750    0.0659544    0.0612394
    0.0575789    0.0550164    0.0523922    0.0492144    0.0471624    0.0453127
    0.0439508    0.0417919    0.0400611    0.0391400    0.0374390    0.0361911
    0.0355336    0.0350224    0.0345270    0.0334767    0.0328416    0.0319558
    0.0308305    0.0304537    0.0304529    0.0308256    0.0299279    0.0290877
    0.0283839    0.0284305    0.0281680    0.0271322    0.0265222    0.0261565
    0.0259380    0.0249695    0.0244635    0.0251745    0.0254425    0.0245353
    0.0240022    0.0236499    0.0236907    0.0235453    0.0233810    0.0232542
    0.0233282    0.0234149    0.0233340    0.0236731    0.0232291    0.0228902
    0.0234655    0.0236443    0.0255359    0.0264361    0.0266910    0.0278058
    0.0282465    0.0283813    0.0288685    0.0292929    0.0291770    0.0271338
    0.0265803    0.0267771    0.0267008    0.0260161    0.0251756    0.0243538
    0.0235673    0.0230290    0.0222201    0.0214189    0.0217545    0.0216153
    0.0216059    0.0213305    0.0209656    0.0212035    0.0216428    0.0216487
    0.0210411    0.0206005    0.0208153    0.0204460    0.0204001    0.0205936
    0.0205588    0.0210562    0.0208929    0.0206077    0.0197713    0.0196032
    0.0204831    0.0212756    0.0212390    0.0197202    0.0196767    0.0200392
    0.0203211    0.0206253    0.0208901    0.0199605    0.0199006    0.0201851
    0.0204582    0.0205048    0.0202380    0.0202680    0.0200132    0.0197139
    0.0198068    0.0199841    0.0203101    0.0200126    0.0194246    0.0195878
    0.0197541    0.0194995    0.0199213    0.0200346    0.0194150    0.0196189
    0.0200056    0.0203113    0.0198237    0.0192686    0.0196353    0.0199044
    0.0204896    0.0209001    0.0200168    0.0199778    0.0194979    0.0188983
    0.0189084    0.0187293    0.0189671    0.0192205    0.0195701    0.0202037
    0.0201252    0.0195786    0.0201248    0.0202499    0.0200150    0.0200205
    0.0199825    0.0194445    0.0189543    0.0197189    0.0195626    0.0194848
    0.0202780    0.0197270    0.0192737    0.0197708    0.0195055    0.0198294
    0.0201717    0.0203381    0.0208274    0.0212999    0.0217159    0.0209169
    0.0204855    0.0207947    0.0214629    0.0214516    0.0206737    0.0205281
    0.0195311    0.0196272    0.0196720    0.0197825    0.0201512    0.0196747
    0.0192078    0.0190568    0.0181453    0.0178717    0.0172263    0.0168793
    0.0173764    0.0163396    0.0139644    0.0123009    0.0118965   0.00968819
   0.00715832
     -1.00000     -1.00000     -1.00000     -1.00000     -1.00000     -1.00000
     -1.00000     -1.00000     -1.00000     -1.00000     -1.00000     -1.00000
     -1.00000     -1.00000     -1.00000     -1.00000     -1.00000     -1.00000
     -1.00000     -1.00000     -1.00000     -1.00000     -1.00000     -1.00000
     -1.00000     -1.00000     -1.00000     -1.00000     -1.00000     -1.00000
     -1.00000     -1.00000     -1.00000     -1.00000     -1.00000     -1.00000
     -1.00000     -1.00000     -1.00000     -1.00000     -1.00000     -1.00000
     -1.00000     -1.00000     -1.00000     -1.00000     -1.00000     -1.00000
     -1.00000     -1.00000     -1.00000     -1.00000     -1.00000     -1.00000
     -1.00000     -1.00000     -1.00000     -1.00000     -1.00000     -1.00000
     -1.00000     -1.00000     -1.00000     -1.00000     -1.00000     -1.00000
     -1.00000     -1.00000     -1.00000     -1.00000     -1.00000     -1.00000
     -1.00000   0.00505042   0.00503228   0.00506695   0.00511554   0.00524071
   0.00534010   0.00543776   0.00561258   0.00577920   0.00596946   0.00606405
   0.00612842   0.00607371   0.00608251   0.00626905   0.00636360   0.00645483
   0.00655035   0.00671405   0.00685319   0.00683799   0.00703533   0.00729629
   0.00736166   0.00738673   0.00751197   0.00763527   0.00798250   0.00793444
   0.00770832   0.00809935   0.00838615   0.00866368   0.00851550   0.00868510
   0.00878758   0.00891574   0.00889706   0.00903777   0.00924551   0.00948726
   0.00989934    0.0102870    0.0103639    0.0106713    0.0106759    0.0107914
    0.0111427    0.0111985    0.0112398    0.0116132    0.0117615    0.0122973
    0.0129406    0.0127214    0.0127261    0.0137207    0.0141091    0.0143824
    0.0149526    0.0150918    0.0151339    0.0158801    0.0168653    0.0171836
    0.0173804    0.0178076    0.0187558    0.0189770    0.0192430    0.0197860
    0.0207439    0.0216765    0.0221057    0.0230719    0.0244384    0.0260285
    0.0267990    0.0279752    0.0292415    0.0307169    0.0325613    0.0345207
    0.0363597    0.0380735    0.0396779    0.0422324    0.0466300    0.0513082
    0.0555712    0.0601460    0.0656466    0.0729103    0.0841540     0.101509
     0.131569     0.182879     0.258752     0.352975     0.439152     0.489097
     0.483954     0.425294     0.337475     0.249960     0.181741     0.136896
     0.111015    0.0955372    0.0848358    0.0775582    0.0705245    0.0658341
    0.0619557    0.0580877    0.0546269    0.0520542    0.0503826    0.0491168
    0.0468961    0.0449742    0.0426684    0.0413611    0.0402101    0.0391367
    0.0378042    0.0369273    0.0356137    0.0351161    0.0348741    0.0340924
    0.0335587    0.0324745    0.0313924    0.0313461    0.0312876    0.0304372
    0.0295382    0.0296053    0.0296324    0.0295937    0.0284474    0.0285335
    0.0286228    0.0284397    0.0275364    0.0263524    0.0259771    0.0259827
    0.0255017    0.0246681    0.0251199    0.0259510    0.0254840    0.0249684
    0.0253291    0.0253969    0.0251273    0.0252032    0.0249852    0.0245332
    0.0250795    0.0254309    0.0239272    0.0231290    0.0229825    0.0228384
    0.0232812    0.0231917    0.0229687    0.0231911    0.0230183    0.0230190
    0.0227223    0.0231257    0.0234382    0.0236698    0.0230137    0.0230926
    0.0226873    0.0230477    0.0219675    0.0214854    0.0223994    0.0223303
    0.0223689    0.0235441    0.0237659    0.0233924    0.0232196    0.0219502
    0.0216512    0.0219773    0.0222484    0.0227241    0.0225883    0.0224164
    0.0225863    0.0223970    0.0225513    0.0216658    0.0219469    0.0216960
    0.0220302    0.0216278    0.0224484    0.0229708    0.0224018    0.0227291
    0.0228854    0.0225503    0.0220125    0.0213596    0.0209399    0.0210878
    0.0222070    0.0222033    0.0220569    0.0225856    0.0220299    0.0210109
    0.0208388    0.0216675    0.0225247    0.0226108    0.0212170    0.0212188
    0.0215731    0.0221772    0.0224247    0.0227481    0.0227512    0.0221102
    0.0209716    0.0214879    0.0226676    0.0224728    0.0213971    0.0214691
    0.0222467    0.0217883    0.0204476    0.0207473    0.0205027    0.0208375
    0.0216648    0.0214574    0.0213812    0.0211866    0.0220571    0.0217593
    0.0221028    0.0220843    0.0216680    0.0215313    0.0213128    0.0216910
    0.0211588    0.0212126    0.0218462    0.0213834    0.0205907    0.0213986
    0.0220388    0.0211408    0.0208478    0.0202073    0.0200553    0.0210483
    0.0208915    0.0197691    0.0182155    0.0181468    0.0179279    0.0180998
    0.0186827    0.0187532    0.0189278    0.0178086    0.0162145    0.0156458
    0.0158356    0.0159601    0.0153647    0.0147209    0.0137676    0.0140231
    0.0140527    0.0135900    0.0128061    0.0124621    0.0132408    0.0128780
    0.0117969    0.0109978    0.0104895   0.00963079   0.00898877   0.00773861
   0.00665643
     -1.00000     -1.00000     -1.00000     -1.00000     -1.00000     -1.00000
     -1.00000     -1.00000     -1.00000     -1.00000     -1.00000     -1.00000
     -1.00000     -1.00000     -1.00000     -1.00000     -1.00000     -1.00000
     -1.00000     -1.00000     -1.00000     -1.00000     -1.00000     -1.00000
     -1.00000     -1.00000     -1.00000     -1.00000     -1.00000     -1.00000
     -1.00000     -1.00000     -1.00000     -1.00000     -1.00000     -1.00000
     -1.00000     -1.00000     -1.00000     -1.00000     -1.00000     -1.00000
     -1.00000     -1.00000     -1.00000     -1.00000     -1.00000     -1.00000
     -1.00000     -1.00000     -1.00000     -1.00000     -1.00000     -1.00000
     -1.00000     -1.00000     -1.00000     -1.00000     -1.00000     -1.00000
     -1.00000     -1.00000     -1.00000     -1.00000     -1.00000     -1.00000
   0.00450423   0.00450882   0.00468845   0.00477001   0.00473541   0.00486198
   0.00497454   0.00509903   0.00524236   0.00526392   0.00554932   0.00577266
   0.00575363   0.00580874   0.00582490   0.00596176   0.00606998   0.00604608
   0.00611841   0.00628048   0.00656185   0.00668177   0.00669711   0.00668490
   0.00681673   0.00678937   0.00683150   0.00698662   0.00710429   0.00733002
   0.00730289   0.00723604   0.00743819   0.00764511   0.00783907   0.00770037
   0.00790701   0.00801103   0.00817813   0.00836470   0.00838839   0.00856161
   0.00885367   0.00908829   0.00927711   0.00963254   0.00984718   0.00982659
    0.0100112    0.0102197    0.0106995    0.0108113    0.0109130    0.0113624
    0.0114389    0.0115718    0.0120456    0.0122028    0.0125338    0.0129595
    0.0132351    0.0136706    0.0141223    0.0143969    0.0147191    0.0150289
    0.0154366    0.0154267    0.0158312    0.0165771    0.0174015    0.0173963
    0.0179295    0.0193475    0.0199529    0.0198300    0.0202524    0.0214383
    0.0228148    0.0232394    0.0237902    0.0248580    0.0263670    0.0273965
    0.0283948    0.0295984    0.0310138    0.0330545    0.0348808    0.0362991
    0.0381124    0.0401531    0.0425389    0.0460698    0.0502200    0.0542556
    0.0580905    0.0625713    0.0689140    0.0781461    0.0913042     0.109842
     0.139336     0.186692     0.254908     0.339711     0.420135     0.468466
     0.467871     0.418394     0.336615     0.253200     0.187575     0.143238
     0.117193     0.100481    0.0893937    0.0812051    0.0745307    0.0699564
    0.0652177    0.0612708    0.0582888    0.0551246    0.0522702    0.0508504
    0.0501729    0.0483815    0.0467735    0.0452978    0.0433294    0.0416471
    0.0408975    0.0406702    0.0392297    0.0377248    0.0377105    0.0371911
    0.0354974    0.0346234    0.0333318    0.0328407    0.0328175    0.0321096
    0.0319831    0.0313913    0.0309061    0.0303435    0.0303204    0.0297381
    0.0295156    0.0288800    0.0282370    0.0276604    0.0274541    0.0275945
    0.0281711    0.0274928    0.0265275    0.0273824    0.0267639    0.0264898
    0.0265874    0.0256452    0.0259446    0.0262935    0.0255731    0.0252225
    0.0250079    0.0245824    0.0242364    0.0249653    0.0251166    0.0248188
    0.0248038    0.0250664    0.0248481    0.0241486    0.0237911    0.0233338
    0.0239522    0.0247133    0.0243598    0.0233402    0.0243080    0.0246905
    0.0241986    0.0245036    0.0244875    0.0245837    0.0240018    0.0240501
    0.0242801    0.0246298    0.0246198    0.0234898    0.0237422    0.0243202
    0.0241012    0.0237663    0.0247589    0.0236593    0.0228299    0.0233502
    0.0227783    0.0239591    0.0247309    0.0238096    0.0231626    0.0238337
    0.0233960    0.0228359    0.0238001    0.0244662    0.0239065    0.0229391
    0.0225083    0.0236983    0.0237717    0.0232431    0.0227195    0.0226500
    0.0226747    0.0240728    0.0249788    0.0238271    0.0230599    0.0224215
    0.0228574    0.0245630    0.0258931    0.0249433    0.0227653    0.0227520
    0.0240957    0.0237360    0.0233992    0.0242330    0.0245393    0.0243561
    0.0235893    0.0230447    0.0234076    0.0248993    0.0244437    0.0236038
    0.0238325    0.0233235    0.0231204    0.0231806    0.0238794    0.0242529
    0.0240516    0.0243171    0.0247859    0.0245872    0.0245783    0.0251540
    0.0251778    0.0242971    0.0232279    0.0226917    0.0231918    0.0236652
    0.0239127    0.0233811    0.0233480    0.0247362    0.0245646    0.0253516
    0.0256980    0.0244827    0.0242369    0.0246005    0.0232665    0.0229505
    0.0226528    0.0238099    0.0233623    0.0225383    0.0219284    0.0207103
    0.0197539    0.0211439    0.0206782    0.0203029    0.0201183    0.0199013
    0.0189242    0.0189801    0.0194932    0.0190286    0.0184911    0.0185413
    0.0178234    0.0166526    0.0167175    0.0163418    0.0155584    0.0135468
    0.0120526    0.0127907    0.0126428    0.0109221   0.00951764   0.00882899
   0.00939544
     -1.00000     -1.00000     -1.00000     -1.00000     -1.00000     -1.00000
     -1.00000     -1.00000     -1.00000     -1.00000     -1.00000     -1.00000
     -1.00000     -1.00000     -1.00000     -1.00000     -1.00000     -1.00000
     -1.00000     -1.00000     -1.00000     -1.00000     -1.00000     -1.00000
     -1.00000     -1.00000     -1.00000     -1.00000     -1.00000     -1.00000
     -1.00000     -1.00000     -1.00000     -1.00000     -1.00000     -1.00000
     -1.00000     -1.00000     -1.00000     -1.00000     -1.00000     -1.00000
     -1.00000     -1.00000     -1.00000     -1.00000     -1.00000     -1.00000
     -1.00000     -1.00000     -1.00000     -1.00000     -1.00000     -1.00000
     -1.00000     -1.00000     -1.00000     -1.00000     -1.00000     -1.00000
   0.00424621   0.00429770   0.00431256   0.00442701   0.00442761   0.00454037
   0.00471154   0.00482029   0.00486227   0.00492492   0.00517215   0.00533291
   0.00545411   0.00544700   0.00540813   0.00549148   0.00560379   0.00577040
   0.00590303   0.00591978   0.00601199   0.00603553   0.00614940   0.00626309
   0.00645257   0.00648098   0.00646557   0.00654052   0.00655059   0.00673341
   0.00696899   0.00706545   0.00711780   0.00720019   0.00728215   0.00733954
   0.00739596   0.00748386   0.00763519   0.00777912   0.00785290   0.00802006
   0.00813347   0.00836204   0.00839273   0.00863633   0.00909385   0.00901486
   0.00946087   0.00966881   0.00984000   0.00994912   0.00985849    0.0102040
    0.0105836    0.0109763    0.0112017    0.0112068    0.0118074    0.0120317
    0.0122384    0.0128266    0.0129911    0.0131615    0.0137088    0.0140772
    0.0141170    0.0144374    0.0144399    0.0143689    0.0151541    0.0160132
    0.0162768    0.0163364    0.0171513    0.0179123    0.0180638    0.0183944
    0.0189945    0.0200718    0.0204189    0.0212335    0.0219745    0.0231264
    0.0234877    0.0241549    0.0250900    0.0263985    0.0279068    0.0290169
    0.0295657    0.0306727    0.0331435    0.0354229    0.0372487    0.0385463
    0.0403538    0.0428743    0.0462043    0.0497705    0.0530977    0.0567327
    0.0610273    0.0672751    0.0754110    0.0853548    0.0979749     0.116089
     0.144306     0.189764     0.256095     0.337835     0.415551     0.460119
     0.456267     0.408876     0.331572     0.253458     0.191695     0.150488
     0.125275     0.108470    0.0958089    0.0875678    0.0810516    0.0754247
    0.0703318    0.0657725    0.0618313    0.0588692    0.0569674    0.0547484
    0.0524588    0.0504041    0.0484157    0.0469504    0.0459285    0.0453030
    0.0430707    0.0422121    0.0409367    0.0400907    0.0388192    0.0378156
    0.0375218    0.0370119    0.0363999    0.0355174    0.0346392    0.0339028
    0.0332942    0.0323996    0.0322540    0.0319795    0.0321647    0.0318419
    0.0311865    0.0309499    0.0313911    0.0306259    0.0292614    0.0286184
    0.0288924    0.0290597    0.0285689    0.0283291    0.0282840    0.0278497
    0.0272979    0.0272181    0.0276869    0.0273630    0.0263432    0.0258525
    0.0264922    0.0267071    0.0269227    0.0263018    0.0261632    0.0260092
    0.0259947    0.0264093    0.0267833    0.0261935    0.0266889    0.0260735
    0.0250138    0.0256885    0.0250289    0.0251453    0.0254317    0.0250187
    0.0254172    0.0259529    0.0256424    0.0257347    0.0258289    0.0259471
    0.0250594    0.0246327    0.0244930    0.0235502    0.0245745    0.0246398
    0.0242583    0.0247215    0.0254554    0.0258034    0.0251292    0.0250737
    0.0251868    0.0252360    0.0254804    0.0244135    0.0242804    0.0243367
    0.0246546    0.0243195    0.0246484    0.0244716    0.0247965    0.0249059
    0.0254500    0.0253994    0.0241165    0.0240369    0.0244635    0.0249490
    0.0264201    0.0260501    0.0254777    0.0251610    0.0239133    0.0239830
    0.0244021    0.0243085    0.0253948    0.0251631    0.0255699    0.0249937
    0.0249670    0.0253107    0.0251266    0.0252046    0.0248365    0.0249586
    0.0243676    0.0254219    0.0256354    0.0257227    0.0252802    0.0255582
    0.0264933    0.0265003    0.0259909    0.0254192    0.0258452    0.0255825
    0.0255078    0.0255775    0.0256238    0.0257598    0.0258913    0.0246979
    0.0256210    0.0259967    0.0255369    0.0255486    0.0268452    0.0259436
    0.0254313    0.0269174    0.0268643    0.0267431    0.0259043    0.0264109
    0.0274564    0.0272587    0.0272795    0.0259724    0.0265279    0.0265120
    0.0257541    0.0253060    0.0255598    0.0247368    0.0239912    0.0236339
    0.0237429    0.0236033    0.0242694    0.0254069    0.0255637    0.0245980
    0.0223530    0.0215531    0.0220302    0.0215847    0.0215586    0.0209540
    0.0199504    0.0191498    0.0192279    0.0195842    0.0186201    0.0186291
    0.0172266    0.0169526    0.0172125    0.0168373    0.0156553    0.0120876
   0.00894613
     -1.00000     -1.00000     -1.00000     -1.00000     -1.00000     -1.00000
     -1.00000     -1.00000     -1.00000     -1.00000     -1.00000     -1.00000
     -1.00000     -1.00000     -1.00000     -1.00000     -1.00000     -1.00000
     -1.00000     -1.00000     -1.00000     -1.00000     -1.00000     -1.00000
     -1.00000     -1.00000     -1.00000     -1.00000     -1.00000     -1.00000
     -1.00000     -1.00000     -1.00000     -1.00000     -1.00000     -1.00000
     -1.00000     -1.00000     -1.00000     -1.00000     -1.00000     -1.00000
     -1.00000     -1.00000     -1.00000     -1.00000     -1.00000     -1.00000
     -1.00000     -1.00000     -1.00000     -1.00000     -1.00000     -1.00000
   0.00381878   0.00386097   0.00391692   0.00410105   0.00425491   0.00430278
   0.00432899   0.00445071   0.00460833   0.00466073   0.00466852   0.00476498
   0.00484996   0.00490952   0.00513470   0.00526882   0.00527418   0.00526917
   0.00532076   0.00536716   0.00538662   0.00550220   0.00568200   0.00578989
   0.00585547   0.00600270   0.00613766   0.00624159   0.00620524   0.00631048
   0.00639242   0.00649246   0.00673818   0.00677313   0.00679363   0.00699457
   0.00699249   0.00697753   0.00718784   0.00748648   0.00768359   0.00763160
   0.00787281   0.00819411   0.00809215   0.00821786   0.00852281   0.00873714
   0.00878252   0.00911531   0.00907726   0.00927203   0.00952550   0.00985919
   0.00999342    0.0100459    0.0104702    0.0104997    0.0107389    0.0109687
    0.0111782    0.0118345    0.0118618    0.0121200    0.0127957    0.0124517
    0.0127690    0.0133488    0.0136078    0.0138594    0.0145876    0.0143703
    0.0146027    0.0155645    0.0158138    0.0156252    0.0165507    0.0174151
    0.0173502    0.0174930    0.0183139    0.0188298    0.0192689    0.0195787
    0.0204038    0.0211063    0.0212581    0.0219601    0.0230695    0.0240087
    0.0245331    0.0253765    0.0266107    0.0283740    0.0294224    0.0300961
    0.0315023    0.0333064    0.0354156    0.0368582    0.0381527    0.0393167
    0.0425418    0.0461458    0.0490208    0.0518254    0.0545210    0.0586019
    0.0648858    0.0717426    0.0794074    0.0888246     0.100203     0.118687
     0.148524     0.195402     0.259052     0.332820     0.402096     0.439449
     0.434114     0.390872     0.325764     0.256981     0.196959     0.156271
     0.129969     0.113095     0.100526    0.0904080    0.0835282    0.0781836
    0.0727445    0.0685755    0.0647484    0.0616378    0.0589336    0.0573369
    0.0553728    0.0533671    0.0510965    0.0492833    0.0481156    0.0460056
    0.0450576    0.0435588    0.0423623    0.0416410    0.0404744    0.0394399
    0.0390649    0.0381562    0.0378788    0.0381677    0.0373267    0.0358606
    0.0350330    0.0355435    0.0351089    0.0344383    0.0340357    0.0328832
    0.0325921    0.0320827    0.0316187    0.0314255    0.0310651    0.0309958
    0.0305851    0.0312444    0.0312647    0.0298322    0.0297975    0.0297811
    0.0284389    0.0283676    0.0291815    0.0294665    0.0282984    0.0273989
    0.0283058    0.0286609    0.0282705    0.0282936    0.0282417    0.0281516
    0.0280705    0.0280346    0.0289322    0.0275760    0.0268799    0.0264317
    0.0264658    0.0264301    0.0263090    0.0261501    0.0265172    0.0275795
    0.0278910    0.0271743    0.0268597    0.0270264    0.0261486    0.0257811
    0.0263742    0.0277547    0.0266720    0.0266434    0.0264982    0.0253651
    0.0257604    0.0262508    0.0256962    0.0259751    0.0272519    0.0283784
    0.0274448    0.0273772    0.0265776    0.0265734    0.0265308    0.0256339
    0.0270520    0.0265390    0.0257020    0.0262718    0.0263524    0.0266495
    0.0249058    0.0251523    0.0254643    0.0257907    0.0265052    0.0274665
    0.0266342    0.0262479    0.0255191    0.0258932    0.0266614    0.0267340
    0.0272738    0.0262809    0.0250209    0.0251617    0.0266169    0.0267524
    0.0262906    0.0263732    0.0263891    0.0273868    0.0268138    0.0255193
    0.0256250    0.0264552    0.0269290    0.0273276    0.0271253    0.0265684
    0.0268141    0.0279261    0.0282836    0.0270159    0.0275972    0.0280677
    0.0269098    0.0270084    0.0279027    0.0282879    0.0263406    0.0272640
    0.0272160    0.0278038    0.0285068    0.0276833    0.0278922    0.0277138
    0.0277687    0.0278996    0.0269958    0.0262698    0.0263401    0.0271308
    0.0268676    0.0271780    0.0280406    0.0294278    0.0305429    0.0285815
    0.0268505    0.0260912    0.0259303    0.0257358    0.0269096    0.0260619
    0.0265327    0.0266748    0.0258873    0.0249168    0.0245788    0.0239681
    0.0250614    0.0241917    0.0240069    0.0231629    0.0231909    0.0235221
    0.0233851    0.0224858    0.0200734    0.0198365    0.0190275    0.0204796
    0.0192295    0.0181281    0.0165454    0.0160052    0.0167631    0.0143564
    0.0135236
     -1.00000     -1.00000     -1.00000     -1.00000     -1.00000     -1.00000
     -1.00000     -1.00000     -1.00000     -1.00000     -1.00000     -1.00000
     -1.00000     -1.00000     -1.00000     -1.00000     -1.00000     -1.00000
     -1.00000     -1.00000     -1.00000     -1.00000     -1.00000     -1.00000
     -1.00000     -1.00000     -1.00000     -1.00000     -1.00000     -1.00000
     -1.00000     -1.00000     -1.00000     -1.00000     -1.00000     -1.00000
     -1.00000     -1.00000     -1.00000     -1.00000     -1.00000     -1.00000
     -1.00000     -1.00000     -1.00000     -1.00000     -1.00000     -1.00000
   0.00355950   0.00360674   0.00366108   0.00385275   0.00398493   0.00404708
   0.00415835   0.00423896   0.00434200   0.00441884   0.00445026   0.00448513
   0.00464249   0.00476884   0.00476252   0.00486352   0.00492401   0.00498064
   0.00499256   0.00505960   0.00514548   0.00518718   0.00523542   0.00532998
   0.00538422   0.00547654   0.00555376   0.00561642   0.00574355   0.00584207
   0.00597438   0.00613422   0.00618728   0.00609389   0.00631206   0.00656909
   0.00664953   0.00680323   0.00692384   0.00706461   0.00707927   0.00734590
   0.00751027   0.00776108   0.00798223   0.00795510   0.00790938   0.00803671
   0.00855055   0.00857324   0.00870268   0.00856610   0.00883544   0.00899495
   0.00931568   0.00945135   0.00947647   0.00955428   0.00970954    0.0103691
    0.0102615    0.0106535    0.0109491    0.0108981    0.0114702    0.0115361
    0.0117474    0.0121834    0.0123606    0.0129741    0.0132688    0.0131618
    0.0135093    0.0140988    0.0140264    0.0143055    0.0149824    0.0150616
    0.0155650    0.0161750    0.0158638    0.0161272    0.0173923    0.0178366
    0.0177787    0.0183874    0.0194324    0.0195294    0.0197178    0.0207144
    0.0216608    0.0218675    0.0220607    0.0229872    0.0241317    0.0245977
    0.0253026    0.0261397    0.0282435    0.0292386    0.0296900    0.0313013
    0.0330169    0.0352907    0.0367168    0.0381830    0.0401071    0.0423633
    0.0454659    0.0481928    0.0507954    0.0535109    0.0571938    0.0622485
    0.0678229    0.0750389    0.0820039    0.0915784     0.105869     0.126387
     0.154848     0.198210     0.257061     0.323092     0.383675     0.422780
     0.423288     0.381906     0.320838     0.257182     0.201368     0.161685
     0.135404     0.118001     0.104745    0.0946583    0.0872499    0.0811792
    0.0763339    0.0719036    0.0685297    0.0659286    0.0623935    0.0592640
    0.0570921    0.0547450    0.0532099    0.0514017    0.0501295    0.0490539
    0.0474901    0.0463935    0.0448903    0.0436488    0.0424694    0.0414150
    0.0410676    0.0394360    0.0393158    0.0392904    0.0379178    0.0377175
    0.0380973    0.0370800    0.0361701    0.0358880    0.0355765    0.0346025
    0.0335786    0.0335327    0.0337890    0.0337162    0.0320178    0.0317097
    0.0321660    0.0314565    0.0315446    0.0316684    0.0302532    0.0302761
    0.0303459    0.0306145    0.0314010    0.0313201    0.0311735    0.0308049
    0.0299483    0.0297178    0.0300927    0.0287921    0.0288385    0.0295537
    0.0291472    0.0290473    0.0291994    0.0287831    0.0285512    0.0291828
    0.0291977    0.0278084    0.0277131    0.0276048    0.0266098    0.0269398
    0.0284182    0.0290649    0.0273988    0.0265125    0.0271432    0.0278323
    0.0278060    0.0282522    0.0279135    0.0280476    0.0287348    0.0282669
    0.0272791    0.0271162    0.0274612    0.0277838    0.0272987    0.0272077
    0.0267715    0.0268872    0.0269852    0.0266434    0.0272245    0.0269676
    0.0268822    0.0277400    0.0275246    0.0261959    0.0255938    0.0263925
    0.0261135    0.0258937    0.0260725    0.0264140    0.0278302    0.0281139
    0.0265920    0.0269836    0.0283810    0.0279589    0.0268826    0.0275165
    0.0278710    0.0287087    0.0284965    0.0282003    0.0274404    0.0265060
    0.0283243    0.0290461    0.0266343    0.0268603    0.0278570    0.0279510
    0.0274777    0.0275644    0.0280332    0.0286886    0.0281409    0.0284028
    0.0266667    0.0264578    0.0275053    0.0275540    0.0279187    0.0284555
    0.0282539    0.0285048    0.0281259    0.0280014    0.0270004    0.0260283
    0.0266493    0.0280960    0.0287907    0.0300828    0.0288010    0.0275810
    0.0285355    0.0307640    0.0302683    0.0292447    0.0301192    0.0301940
    0.0308313    0.0309003    0.0302178    0.0303157    0.0308439    0.0298094
    0.0290924    0.0281014    0.0270617    0.0286077    0.0288540    0.0284656
    0.0278416    0.0280785    0.0281236    0.0274271    0.0268048    0.0272820
    0.0258328    0.0257719    0.0252361    0.0232509    0.0244017    0.0253382
    0.0243669    0.0248822    0.0246305    0.0215777    0.0213772    0.0209073
    0.0209851    0.0201742    0.0185821    0.0166180    0.0166062    0.0129420
    0.0140733
     -1.00000     -1.00000     -1.00000     -1.00000     -1.00000     -1.00000
     -1.00000     -1.00000     -1.00000     -1.00000     -1.00000     -1.00000
     -1.00000     -1.00000     -1.00000     -1.00000     -1.00000     -1.00000
     -1.00000     -1.00000     -1.00000     -1.00000     -1.00000     -1.00000
     -1.00000     -1.00000     -1.00000     -1.00000     -1.00000     -1.00000
     -1.00000     -1.00000     -1.00000     -1.00000     -1.00000     -1.00000
     -1.00000     -1.00000     -1.00000     -1.00000     -1.00000     -1.00000
     -1.00000   0.00330963   0.00339238   0.00345185   0.00360040   0.00370849
   0.00378999   0.00393838   0.00406944   0.00413507   0.00418655   0.00426050
   0.00432772   0.00434247   0.00446595   0.00451177   0.00461499   0.00464930
   0.00468660   0.00483199   0.00489482   0.00492701   0.00487039   0.00485232
   0.00501065   0.00511786   0.00514557   0.00528588   0.00537828   0.00535104
   0.00551306   0.00562937   0.00585865   0.00617863   0.00621928   0.00618653
   0.00638272   0.00653873   0.00655652   0.00661479   0.00684771   0.00711192
   0.00718459   0.00732853   0.00751763   0.00752944   0.00765594   0.00774452
   0.00806195   0.00813881   0.00821655   0.00831082   0.00855188   0.00860388
   0.00879030   0.00891416   0.00915348   0.00964270   0.00976219   0.00970710
   0.00990265   0.00968061   0.00996301    0.0101753    0.0103731    0.0104472
    0.0107436    0.0114857    0.0114240    0.0114658    0.0118569    0.0117809
    0.0124720    0.0128199    0.0129489    0.0133850    0.0136556    0.0139003
    0.0143418    0.0145816    0.0148336    0.0156191    0.0154681    0.0154473
    0.0160796    0.0164292    0.0162140    0.0169286    0.0181931    0.0185020
    0.0185843    0.0194056    0.0199324    0.0200984    0.0209156    0.0218372
    0.0222624    0.0228731    0.0240237    0.0247441    0.0251437    0.0259998
    0.0270859    0.0283702    0.0294573    0.0299092    0.0309694    0.0324838
    0.0343229    0.0361314    0.0374083    0.0396051    0.0421689    0.0442556
    0.0464925    0.0487376    0.0520891    0.0560608    0.0604669    0.0651824
    0.0708047    0.0772913    0.0854041    0.0963156     0.110155     0.130135
     0.156962     0.198073     0.253079     0.315953     0.371281     0.405522
     0.404622     0.366661     0.311632     0.254230     0.203261     0.165263
     0.139422     0.122521     0.109096    0.0988071    0.0914892    0.0850023
    0.0789478    0.0744103    0.0700127    0.0674652    0.0646666    0.0622802
    0.0598074    0.0575230    0.0551159    0.0524399    0.0510206    0.0501602
    0.0489123    0.0476685    0.0470748    0.0458664    0.0449859    0.0438058
    0.0420523    0.0415461    0.0406992    0.0402594    0.0401611    0.0396521
    0.0396888    0.0389993    0.0377555    0.0372717    0.0366620    0.0360122
    0.0356091    0.0347256    0.0333974    0.0329083    0.0334513    0.0337787
    0.0336282    0.0336071    0.0323918    0.0311124    0.0315910    0.0329575
    0.0322864    0.0317603    0.0319556    0.0315972    0.0308513    0.0306927
    0.0311607    0.0308626    0.0311615    0.0305447    0.0293866    0.0291651
    0.0301793    0.0295432    0.0291161    0.0281628    0.0285408    0.0292978
    0.0295126    0.0286574    0.0285564    0.0278965    0.0284221    0.0283403
    0.0276038    0.0286696    0.0291821    0.0285766    0.0284625    0.0278959
    0.0279277    0.0282856    0.0282459    0.0289341    0.0288466    0.0278254
    0.0276412    0.0287869    0.0287872    0.0276735    0.0279079    0.0280008
    0.0272213    0.0273633    0.0276175    0.0285378    0.0283963    0.0285560
    0.0291534    0.0286340    0.0269989    0.0265270    0.0287398    0.0290589
    0.0271644    0.0273167    0.0290965    0.0296868    0.0286830    0.0281320
    0.0269451    0.0279004    0.0291102    0.0290288    0.0287479    0.0286357
    0.0295508    0.0286481    0.0299000    0.0296441    0.0290071    0.0274907
    0.0281473    0.0288243    0.0293796    0.0277283    0.0278311    0.0282868
    0.0295922    0.0286306    0.0289767    0.0291868    0.0292965    0.0288328
    0.0276112    0.0278342    0.0307745    0.0308734    0.0282719    0.0279241
    0.0286839    0.0290678    0.0298008    0.0294620    0.0285043    0.0296747
    0.0295181    0.0294390    0.0285210    0.0282214    0.0300062    0.0311998
    0.0314051    0.0297864    0.0291562    0.0296868    0.0306073    0.0312732
    0.0317604    0.0307665    0.0317659    0.0312748    0.0299377    0.0296925
    0.0302600    0.0286072    0.0293992    0.0286257    0.0280335    0.0281997
    0.0278213    0.0280543    0.0277255    0.0285933    0.0272320    0.0279397
    0.0263990    0.0252976    0.0256743    0.0272387    0.0272891    0.0270254
    0.0244187    0.0230633    0.0231914    0.0228006    0.0221997    0.0226039
    0.0219146    0.0199037    0.0175594    0.0178179    0.0167728    0.0141013
    0.0134348
     -1.00000     -1.00000     -1.00000     -1.00000     -1.00000     -1.00000
     -1.00000     -1.00000     -1.00000     -1.00000     -1.00000     -1.00000
     -1.00000     -1.00000     -1.00000     -1.00000     -1.00000     -1.00000
     -1.00000     -1.00000     -1.00000     -1.00000     -1.00000     -1.00000
     -1.00000     -1.00000     -1.00000     -1.00000     -1.00000     -1.00000
     -1.00000     -1.00000     -1.00000     -1.00000     -1.00000     -1.00000
     -1.00000   0.00301148   0.00310213   0.00314811   0.00328251   0.00341513
   0.00352225   0.00354877   0.00367296   0.00376821   0.00379801   0.00391699
   0.00405549   0.00412492   0.00420613   0.00423872   0.00424700   0.00428225
   0.00426425   0.00440180   0.00461749   0.00461372   0.00462088   0.00479609
   0.00489026   0.00495619   0.00496473   0.00496398   0.00506306   0.00518652
   0.00541374   0.00550365   0.00552008   0.00569892   0.00585034   0.00581392
   0.00591183   0.00620866   0.00635904   0.00629231   0.00648115   0.00686663
   0.00697291   0.00687873   0.00694422   0.00695325   0.00713341   0.00737061
   0.00757233   0.00764470   0.00788746   0.00804352   0.00816017   0.00834843
   0.00843269   0.00854929   0.00852664   0.00883500   0.00875533   0.00901154
   0.00899401   0.00938899   0.00951650    0.0100040   0.00997162    0.0101087
   0.00991074    0.0101549    0.0106338    0.0104488    0.0111270    0.0110958
    0.0110838    0.0117548    0.0118338    0.0120607    0.0121909    0.0124225
    0.0130750    0.0129529    0.0133319    0.0139606    0.0138421    0.0140605
    0.0149887    0.0148973    0.0153909    0.0158677    0.0155130    0.0163493
    0.0172781    0.0170761    0.0171909    0.0181729    0.0189108    0.0189890
    0.0194295    0.0205348    0.0205416    0.0205391    0.0218042    0.0223112
    0.0230759    0.0236490    0.0244209    0.0251563    0.0257042    0.0268145
    0.0281289    0.0291762    0.0299461    0.0312416    0.0331102    0.0345745
    0.0357413    0.0371818    0.0392676    0.0413471    0.0429649    0.0447522
    0.0470865    0.0511090    0.0549994    0.0586299    0.0624612    0.0668237
    0.0732075    0.0800856    0.0880928    0.0994646     0.113087     0.132609
     0.161710     0.200153     0.250918     0.308201     0.356925     0.388055
     0.389302     0.354848     0.305005     0.253382     0.206258     0.169530
     0.144316     0.125755     0.111555     0.101721    0.0941095    0.0874876
    0.0819250    0.0780400    0.0737740    0.0694212    0.0665875    0.0643675
    0.0620730    0.0599328    0.0579370    0.0560587    0.0536244    0.0516484
    0.0503998    0.0496169    0.0492063    0.0490939    0.0476149    0.0458175
    0.0448309    0.0434888    0.0426573    0.0419236    0.0418731    0.0407124
    0.0398688    0.0395583    0.0394979    0.0393188    0.0386452    0.0372272
    0.0361302    0.0358333    0.0361614    0.0360630    0.0357432    0.0352441
    0.0342649    0.0334148    0.0337507    0.0341527    0.0342278    0.0338105
    0.0335744    0.0332176    0.0324318    0.0316976    0.0322584    0.0323224
    0.0312795    0.0309749    0.0318548    0.0322326    0.0315214    0.0310876
    0.0307328    0.0302907    0.0303914    0.0301731    0.0301092    0.0303004
    0.0293610    0.0293032    0.0295782    0.0302322    0.0298816    0.0294692
    0.0292965    0.0299749    0.0297686    0.0299983    0.0302013    0.0301201
    0.0299234    0.0294014    0.0295249    0.0295765    0.0293788    0.0291385
    0.0297955    0.0302523    0.0293956    0.0298221    0.0296212    0.0290331
    0.0282488    0.0293002    0.0303536    0.0299754    0.0284092    0.0270673
    0.0277275    0.0281724    0.0294128    0.0300466    0.0292806    0.0292535
    0.0293142    0.0289770    0.0293938    0.0288957    0.0285387    0.0283770
    0.0299883    0.0291932    0.0290063    0.0281470    0.0275266    0.0277259
    0.0288699    0.0290620    0.0295957    0.0302132    0.0301379    0.0303642
    0.0290431    0.0280949    0.0298128    0.0302180    0.0292197    0.0281311
    0.0293770    0.0304331    0.0303951    0.0295557    0.0301157    0.0287693
    0.0276163    0.0291727    0.0296805    0.0302878    0.0303897    0.0290158
    0.0293064    0.0299936    0.0299525    0.0295251    0.0291346    0.0296194
    0.0292259    0.0298539    0.0311705    0.0315348    0.0304765    0.0307551
    0.0305884    0.0307160    0.0312248    0.0318613    0.0316108    0.0312523
    0.0311135    0.0315052    0.0315700    0.0318316    0.0315438    0.0303081
    0.0303539    0.0300526    0.0300305    0.0309093    0.0300570    0.0297888
    0.0304484    0.0286307    0.0289613    0.0283176    0.0270161    0.0286892
    0.0279553    0.0277157    0.0272231    0.0253767    0.0271897    0.0262922
    0.0254431    0.0245836    0.0244676    0.0241336    0.0224391    0.0215398
    0.0213210    0.0220805    0.0200790    0.0175116    0.0165156    0.0155394
    0.0133634
     -1.00000     -1.00000     -1.00000     -1.00000     -1.00000     -1.00000
     -1.00000     -1.00000     -1.00000     -1.00000     -1.00000     -1.00000
     -1.00000     -1.00000     -1.00000     -1.00000     -1.00000     -1.00000
     -1.00000     -1.00000     -1.00000     -1.00000     -1.00000     -1.00000
     -1.00000     -1.00000     -1.00000     -1.00000     -1.00000     -1.00000
     -1.00000     -1.00000     -1.00000   0.00288307   0.00298385   0.00308864
   0.00320897   0.00329440   0.00339475   0.00343789   0.00349335   0.00358393
   0.00359168   0.00376067   0.00393114   0.00393333   0.00400873   0.00407066
   0.00408310   0.00420200   0.00420116   0.00422242   0.00427152   0.00438762
   0.00458908   0.00467592   0.00461680   0.00469984   0.00486308   0.00492360
   0.00502702   0.00515074   0.00525015   0.00533621   0.00551492   0.00559276
   0.00570005   0.00570880   0.00591160   0.00603950   0.00609156   0.00632242
   0.00656916   0.00664993   0.00674987   0.00678714   0.00689515   0.00706176
   0.00725239   0.00727870   0.00739282   0.00734832   0.00752991   0.00778901
   0.00797173   0.00807611   0.00814081   0.00812888   0.00801076   0.00840724
   0.00857619   0.00862733   0.00887073   0.00909739   0.00920463   0.00939414
   0.00944601   0.00988746   0.00975075   0.00988934   0.00983922    0.0103022
    0.0104136    0.0108007    0.0110018    0.0110522    0.0114846    0.0112438
    0.0118002    0.0121978    0.0122616    0.0127039    0.0124533    0.0129622
    0.0135750    0.0135606    0.0141945    0.0145304    0.0146645    0.0153597
    0.0155248    0.0158736    0.0165539    0.0167164    0.0167479    0.0174579
    0.0177108    0.0176436    0.0186461    0.0190823    0.0190057    0.0192444
    0.0199646    0.0204193    0.0209562    0.0219437    0.0225550    0.0228439
    0.0235880    0.0246493    0.0253994    0.0258217    0.0271540    0.0285949
    0.0291952    0.0297987    0.0309834    0.0330736    0.0347168    0.0354350
    0.0367805    0.0388055    0.0408438    0.0430898    0.0445594    0.0470286
    0.0500561    0.0528093    0.0561271    0.0595373    0.0644276    0.0698435
    0.0756924    0.0834367    0.0916824     0.102716     0.117116     0.136753
     0.164637     0.200848     0.248365     0.301223     0.346250     0.375091
     0.376677     0.346847     0.301970     0.251582     0.206785     0.172793
     0.149111     0.130763     0.116914     0.106111    0.0968807    0.0895323
    0.0840830    0.0798101    0.0762945    0.0733670    0.0699075    0.0663677
    0.0631339    0.0609548    0.0597175    0.0584726    0.0568356    0.0550469
    0.0529164    0.0514036    0.0496370    0.0485634    0.0481983    0.0473194
    0.0463020    0.0444543    0.0435236    0.0431359    0.0420934    0.0418749
    0.0413793    0.0411734    0.0410142    0.0405373    0.0393596    0.0382448
    0.0379281    0.0369999    0.0364997    0.0365681    0.0365346    0.0362732
    0.0360024    0.0359015    0.0359080    0.0350866    0.0342567    0.0338411
    0.0329729    0.0328091    0.0334513    0.0329630    0.0322041    0.0328821
    0.0342180    0.0340271    0.0329062    0.0321860    0.0323634    0.0327060
    0.0327969    0.0319782    0.0309995    0.0310998    0.0317957    0.0314765
    0.0307918    0.0300938    0.0300149    0.0302338    0.0305774    0.0306846
    0.0301557    0.0309721    0.0307681    0.0307643    0.0296736    0.0291367
    0.0306214    0.0305315    0.0304037    0.0304489    0.0304853    0.0297548
    0.0301034    0.0293865    0.0290464    0.0292772    0.0295880    0.0292041
    0.0289424    0.0296244    0.0299316    0.0294342    0.0291325    0.0298055
    0.0294354    0.0296249    0.0301103    0.0296863    0.0298501    0.0299237
    0.0300598    0.0306088    0.0304743    0.0292664    0.0296081    0.0297794
    0.0299630    0.0298100    0.0300131    0.0287425    0.0291071    0.0298415
    0.0309013    0.0307122    0.0296424    0.0283966    0.0292762    0.0304454
    0.0305727    0.0310620    0.0314371    0.0300494    0.0291712    0.0303009
    0.0308073    0.0302739    0.0305615    0.0317992    0.0314669    0.0312238
    0.0307672    0.0295407    0.0305151    0.0316232    0.0318430    0.0311486
    0.0313382    0.0320932    0.0319752    0.0307646    0.0295616    0.0284603
    0.0291506    0.0316270    0.0327205    0.0315702    0.0310038    0.0312459
    0.0325926    0.0320102    0.0311535    0.0305696    0.0305893    0.0313591
    0.0331931    0.0330524    0.0329703    0.0329382    0.0315137    0.0308009
    0.0307024    0.0303228    0.0318641    0.0308178    0.0299889    0.0302708
    0.0290409    0.0292809    0.0291199    0.0280393    0.0273369    0.0285857
    0.0277405    0.0263871    0.0256619    0.0261516    0.0272986    0.0263014
    0.0254098    0.0251971    0.0253584    0.0253221    0.0241306    0.0233004
    0.0227463    0.0217198    0.0217435    0.0207944    0.0182549    0.0145270
    0.0105252
     -1.00000     -1.00000     -1.00000     -1.00000     -1.00000     -1.00000
     -1.00000     -1.00000     -1.00000     -1.00000     -1.00000     -1.00000
     -1.00000     -1.00000     -1.00000     -1.00000     -1.00000     -1.00000
     -1.00000     -1.00000     -1.00000     -1.00000     -1.00000     -1.00000
     -1.00000     -1.00000     -1.00000     -1.00000   0.00260533   0.00268394
   0.00277033   0.00292703   0.00306721   0.00321812   0.00328322   0.00333040
   0.00339831   0.00348439   0.00355530   0.00367324   0.00371913   0.00365031
   0.00366259   0.00371450   0.00383973   0.00388937   0.00392004   0.00401403
   0.00411342   0.00418951   0.00430565   0.00444080   0.00456183   0.00470592
   0.00480591   0.00485641   0.00496508   0.00517881   0.00532893   0.00528236
   0.00532778   0.00539828   0.00556929   0.00574959   0.00587633   0.00605572
   0.00616484   0.00621759   0.00627004   0.00631061   0.00636990   0.00644314
   0.00650723   0.00666023   0.00677846   0.00697433   0.00711867   0.00707165
   0.00737637   0.00765674   0.00760955   0.00770446   0.00786021   0.00799390
   0.00792718   0.00835697   0.00846231   0.00838570   0.00873062   0.00887652
   0.00898312   0.00911891   0.00923635   0.00930313   0.00969089   0.00996162
    0.0100053    0.0101162    0.0102502    0.0104647    0.0106824    0.0109999
    0.0106597    0.0110582    0.0110858    0.0114094    0.0118084    0.0118559
    0.0123264    0.0121301    0.0124700    0.0130309    0.0130715    0.0135988
    0.0139046    0.0143381    0.0150784    0.0147117    0.0152589    0.0159283
    0.0159272    0.0159554    0.0164578    0.0166062    0.0171966    0.0178929
    0.0178649    0.0182948    0.0190915    0.0193114    0.0200010    0.0204541
    0.0210264    0.0213510    0.0222598    0.0232808    0.0235969    0.0242162
    0.0249048    0.0257885    0.0262527    0.0266607    0.0281103    0.0290128
    0.0297825    0.0315379    0.0326738    0.0336143    0.0349192    0.0366389
    0.0385667    0.0403459    0.0420893    0.0445303    0.0468298    0.0490883
    0.0521084    0.0546882    0.0583235    0.0618971    0.0661326    0.0711462
    0.0772703    0.0847460    0.0935129     0.105312     0.119660     0.138735
     0.164986     0.198782     0.242342     0.291084     0.332101     0.357541
     0.354951     0.329578     0.291569     0.248000     0.207734     0.174201
     0.149187     0.131946     0.119338     0.109917     0.101396    0.0929114
    0.0860388    0.0818298    0.0779255    0.0752069    0.0722635    0.0689455
    0.0653434    0.0624248    0.0610576    0.0593012    0.0581381    0.0563623
    0.0545590    0.0532185    0.0516982    0.0504665    0.0493682    0.0490480
    0.0488941    0.0479850    0.0468350    0.0447931    0.0438299    0.0436798
    0.0426988    0.0420056    0.0421764    0.0420027    0.0403826    0.0393864
    0.0390755    0.0386229    0.0374543    0.0371997    0.0384045    0.0385708
    0.0381477    0.0373913    0.0359897    0.0356311    0.0359763    0.0357327
    0.0358016    0.0355296    0.0351767    0.0341667    0.0343616    0.0345845
    0.0342285    0.0339382    0.0338119    0.0331314    0.0325796    0.0328769
    0.0325382    0.0328860    0.0328605    0.0327280    0.0327586    0.0319831
    0.0320834    0.0317923    0.0323804    0.0325469    0.0321847    0.0316763
    0.0314705    0.0313854    0.0308027    0.0299518    0.0308856    0.0310176
    0.0313309    0.0319267    0.0316414    0.0316889    0.0314169    0.0314537
    0.0321353    0.0332233    0.0325284    0.0315122    0.0319063    0.0310242
    0.0303162    0.0308012    0.0310768    0.0308454    0.0319860    0.0323681
    0.0325923    0.0325492    0.0326242    0.0324360    0.0322303    0.0315074
    0.0316976    0.0322402    0.0326692    0.0329099    0.0317708    0.0323049
    0.0329543    0.0319989    0.0319284    0.0320940    0.0324359    0.0325512
    0.0322996    0.0322728    0.0320332    0.0316587    0.0312590    0.0308532
    0.0316740    0.0318131    0.0321473    0.0316374    0.0320182    0.0317493
    0.0312823    0.0317673    0.0330052    0.0325113    0.0310062    0.0317876
    0.0320348    0.0316253    0.0311142    0.0317675    0.0324374    0.0325784
    0.0319778    0.0316441    0.0322718    0.0316637    0.0325045    0.0328741
    0.0330646    0.0345661    0.0346525    0.0334451    0.0320402    0.0315555
    0.0324145    0.0328294    0.0334487    0.0335315    0.0341014    0.0321660
    0.0318744    0.0337387    0.0340075    0.0337520    0.0354753    0.0350622
    0.0347026    0.0330813    0.0324432    0.0310504    0.0301043    0.0313154
    0.0327419    0.0329966    0.0334216    0.0329994    0.0317968    0.0323032
    0.0331432    0.0317117    0.0301147    0.0301778    0.0290845    0.0286919
    0.0291778    0.0287050    0.0278859    0.0268025    0.0259486    0.0245347
    0.0252068    0.0252618    0.0236527    0.0219142    0.0210134    0.0164171
    0.0169436
     -1.00000     -1.00000     -1.00000     -1.00000     -1.00000     -1.00000
     -1.00000     -1.00000     -1.00000     -1.00000     -1.00000     -1.00000
     -1.00000     -1.00000     -1.00000     -1.00000     -1.00000     -1.00000
     -1.00000     -1.00000     -1.00000     -1.00000     -1.00000   0.00231329
   0.00242973   0.00252822   0.00266703   0.00275892   0.00284568   0.00290387
   0.00298774   0.00307811   0.00319790   0.00325425   0.00327807   0.00337173
   0.00339105   0.00341075   0.00350654   0.00361593   0.00369809   0.00375111
   0.00378878   0.00388818   0.00406331   0.00414097   0.00423953   0.00436975
   0.00438483   0.00455406   0.00470616   0.00479485   0.00484079   0.00482530
   0.00503861   0.00510864   0.00508582   0.00533317   0.00547396   0.00558375
   0.00562366   0.00584242   0.00584807   0.00594763   0.00614290   0.00616897
   0.00628057   0.00645930   0.00656203   0.00661991   0.00661843   0.00678336
   0.00691614   0.00705587   0.00717832   0.00713384   0.00749975   0.00752341
   0.00764833   0.00785742   0.00799138   0.00800315   0.00816477   0.00837110
   0.00856379   0.00855511   0.00881306   0.00870099   0.00918253   0.00910218
   0.00942572   0.00939817   0.00964476   0.00952522   0.00983709    0.0100381
    0.0102159    0.0101674    0.0105370    0.0107583    0.0111145    0.0112366
    0.0112281    0.0117795    0.0115615    0.0120541    0.0122628    0.0125050
    0.0129441    0.0129565    0.0132988    0.0134365    0.0135473    0.0142369
    0.0143510    0.0148118    0.0152452    0.0151954    0.0159813    0.0161559
    0.0161096    0.0170316    0.0172016    0.0171398    0.0176104    0.0183664
    0.0189266    0.0193739    0.0196639    0.0200014    0.0206473    0.0215514
    0.0215612    0.0219065    0.0229009    0.0228341    0.0233838    0.0248780
    0.0260146    0.0262017    0.0271248    0.0280072    0.0285868    0.0293434
    0.0309428    0.0322292    0.0332261    0.0338860    0.0359573    0.0379604
    0.0395766    0.0411183    0.0431783    0.0447750    0.0473356    0.0499613
    0.0531343    0.0555108    0.0595103    0.0636905    0.0683698    0.0735803
    0.0796658    0.0875867    0.0965670     0.108244     0.121857     0.141142
     0.167493     0.200266     0.240591     0.282481     0.323161     0.350670
     0.350889     0.326399     0.285428     0.244714     0.209300     0.179686
     0.155941     0.136195     0.122097     0.112338     0.104836    0.0975308
    0.0905214    0.0842250    0.0796676    0.0766938    0.0747496    0.0729980
    0.0687941    0.0652757    0.0632849    0.0611821    0.0599618    0.0597542
    0.0576422    0.0555040    0.0534287    0.0519364    0.0507323    0.0502441
    0.0499026    0.0492521    0.0478348    0.0463129    0.0445102    0.0437417
    0.0438758    0.0449819    0.0446761    0.0431401    0.0414146    0.0405801
    0.0406845    0.0408381    0.0407718    0.0410048    0.0404125    0.0392949
    0.0387242    0.0384294    0.0382028    0.0382588    0.0385805    0.0383424
    0.0376337    0.0378249    0.0375855    0.0371119    0.0368593    0.0363929
    0.0363092    0.0359867    0.0355618    0.0357357    0.0349107    0.0345365
    0.0348710    0.0352101    0.0348347    0.0338216    0.0332689    0.0333778
    0.0342183    0.0341070    0.0335964    0.0324038    0.0318170    0.0319951
    0.0328072    0.0340673    0.0336722    0.0332637    0.0330329    0.0335484
    0.0332188    0.0326733    0.0323785    0.0322384    0.0327926    0.0335201
    0.0342534    0.0338790    0.0349635    0.0342089    0.0333230    0.0327611
    0.0330491    0.0337294    0.0328339    0.0319345    0.0310096    0.0318208
    0.0330303    0.0327834    0.0321718    0.0304509    0.0309766    0.0323636
    0.0329902    0.0328431    0.0313896    0.0313568    0.0319040    0.0328231
    0.0338634    0.0337107    0.0336480    0.0331588    0.0332326    0.0325774
    0.0326391    0.0322833    0.0318063    0.0315023    0.0330010    0.0338381
    0.0331028    0.0327805    0.0320149    0.0328588    0.0336012    0.0329385
    0.0325996    0.0324839    0.0320406    0.0332368    0.0339573    0.0334597
    0.0330358    0.0333315    0.0333200    0.0337064    0.0345572    0.0329210
    0.0316585    0.0315004    0.0327371    0.0332899    0.0327772    0.0316519
    0.0324119    0.0326077    0.0325535    0.0338801    0.0343992    0.0349164
    0.0343645    0.0343433    0.0346659    0.0338532    0.0337800    0.0333076
    0.0342799    0.0344496    0.0354456    0.0352791    0.0348006    0.0341522
    0.0336298    0.0345963    0.0348570    0.0339817    0.0327583    0.0326172
    0.0323070    0.0318220    0.0315603    0.0323568    0.0320051    0.0312883
    0.0315776    0.0301288    0.0286376    0.0298128    0.0307155    0.0289891
    0.0269649    0.0267126    0.0274093    0.0265798    0.0262222    0.0253136
    0.0257705    0.0238745    0.0217847    0.0213788    0.0202487    0.0167603
    0.0172328
     -1.00000     -1.00000     -1.00000     -1.00000     -1.00000     -1.00000
     -1.00000     -1.00000     -1.00000     -1.00000     -1.00000     -1.00000
     -1.00000     -1.00000     -1.00000     -1.00000     -1.00000     -1.00000
     -1.00000   0.00216430   0.00224530   0.00234642   0.00243812   0.00252825
   0.00260248   0.00272225   0.00278974   0.00292263   0.00305490   0.00306589
   0.00303415   0.00314334   0.00325417   0.00334850   0.00337128   0.00338512
   0.00349371   0.00355281   0.00369314   0.00378365   0.00382831   0.00395986
   0.00404741   0.00419000   0.00434062   0.00444130   0.00443936   0.00456963
   0.00478858   0.00493078   0.00492664   0.00503652   0.00507500   0.00518596
   0.00527016   0.00539274   0.00558876   0.00569355   0.00575053   0.00579996
   0.00594194   0.00604267   0.00599403   0.00602036   0.00621074   0.00641535
   0.00647793   0.00662283   0.00671934   0.00676763   0.00689951   0.00729032
   0.00726072   0.00733100   0.00757911   0.00765218   0.00760152   0.00794314
   0.00791202   0.00826223   0.00824626   0.00830616   0.00840936   0.00853479
   0.00880372   0.00864085   0.00885216   0.00894246   0.00954377   0.00954719
   0.00956437   0.00947460   0.00993628    0.0100041    0.0103500    0.0102591
    0.0109773    0.0107554    0.0110911    0.0111098    0.0112887    0.0113439
    0.0113819    0.0116455    0.0119509    0.0121712    0.0120777    0.0125782
    0.0129799    0.0131618    0.0138420    0.0137343    0.0142031    0.0148107
    0.0148910    0.0154460    0.0156284    0.0158297    0.0162325    0.0161272
    0.0166559    0.0173604    0.0172415    0.0176072    0.0183153    0.0185782
    0.0190390    0.0197023    0.0200903    0.0206793    0.0209445    0.0212727
    0.0223798    0.0230574    0.0231412    0.0238358    0.0247788    0.0256125
    0.0263299    0.0273594    0.0280366    0.0284742    0.0293031    0.0306181
    0.0321948    0.0332012    0.0342599    0.0354798    0.0371404    0.0385735
    0.0406789    0.0428001    0.0449340    0.0468224    0.0497672    0.0520135
    0.0550862    0.0580979    0.0620847    0.0657445    0.0708874    0.0765953
    0.0832763    0.0901143    0.0991685     0.111415     0.126184     0.144459
     0.167317     0.199617     0.239490     0.279374     0.312469     0.333987
     0.337058     0.318344     0.283257     0.241699     0.206525     0.179435
     0.158940     0.140474     0.124736     0.113225     0.104856    0.0998539
    0.0946712    0.0876767    0.0824474    0.0785570    0.0757240    0.0745210
    0.0710135    0.0674087    0.0650335    0.0630401    0.0613774    0.0601503
    0.0580921    0.0567357    0.0552975    0.0539882    0.0528164    0.0522003
    0.0514797    0.0503011    0.0485963    0.0476755    0.0472308    0.0470976
    0.0473019    0.0458316    0.0443190    0.0437798    0.0434629    0.0432891
    0.0428645    0.0421612    0.0417839    0.0412430    0.0401181    0.0394792
    0.0396182    0.0393261    0.0387944    0.0383904    0.0389991    0.0397393
    0.0387923    0.0378108    0.0376885    0.0373143    0.0375917    0.0373108
    0.0365621    0.0355223    0.0354993    0.0354872    0.0356072    0.0354980
    0.0345058    0.0348379    0.0348903    0.0343789    0.0345965    0.0343720
    0.0343941    0.0347653    0.0348633    0.0328223    0.0332910    0.0337091
    0.0342683    0.0334816    0.0334861    0.0346466    0.0346819    0.0335330
    0.0331721    0.0332445    0.0330438    0.0327540    0.0315190    0.0319040
    0.0335591    0.0333643    0.0334470    0.0336160    0.0335190    0.0337641
    0.0336088    0.0330468    0.0331988    0.0319701    0.0307621    0.0317778
    0.0326264    0.0331754    0.0331635    0.0336411    0.0348172    0.0333699
    0.0323384    0.0330494    0.0330240    0.0333638    0.0331384    0.0333664
    0.0329224    0.0332188    0.0331690    0.0325471    0.0327133    0.0337960
    0.0333428    0.0326249    0.0334861    0.0338566    0.0335370    0.0322802
    0.0336665    0.0349100    0.0347013    0.0345761    0.0336247    0.0337715
    0.0349072    0.0346615    0.0330342    0.0322659    0.0329474    0.0335311
    0.0337259    0.0346319    0.0336211    0.0341807    0.0349160    0.0351662
    0.0361186    0.0351445    0.0340931    0.0353616    0.0362680    0.0362745
    0.0356314    0.0357970    0.0362182    0.0350017    0.0336324    0.0339989
    0.0348712    0.0338641    0.0347156    0.0360571    0.0355115    0.0349525
    0.0355008    0.0349793    0.0350327    0.0364269    0.0356355    0.0353836
    0.0355377    0.0354139    0.0353097    0.0344077    0.0342816    0.0352113
    0.0348562    0.0344465    0.0325946    0.0321323    0.0302830    0.0306658
    0.0314913    0.0307539    0.0296740    0.0291128    0.0298295    0.0295163
    0.0293203    0.0302437    0.0301187    0.0279491    0.0251912    0.0250802
    0.0243392    0.0232001    0.0214298    0.0203521    0.0220278    0.0195944
    0.0161315
     -1.00000     -1.00000     -1.00000     -1.00000     -1.00000     -1.00000
     -1.00000     -1.00000     -1.00000     -1.00000     -1.00000     -1.00000
     -1.00000     -1.00000     -1.00000   0.00198679   0.00209160   0.00219627
   0.00229565   0.00241753   0.00249376   0.00251198   0.00257157   0.00265804
   0.00274684   0.00283059   0.00288125   0.00290385   0.00296281   0.00303676
   0.00314746   0.00316976   0.00327753   0.00341235   0.00354919   0.00365448
   0.00373089   0.00385100   0.00387667   0.00399470   0.00414519   0.00425293
   0.00432725   0.00438933   0.00454143   0.00462973   0.00478239   0.00480246
   0.00489801   0.00510307   0.00517056   0.00519439   0.00532136   0.00540166
   0.00557345   0.00564206   0.00583417   0.00585326   0.00591179   0.00603676
   0.00611923   0.00622306   0.00626257   0.00639174   0.00648160   0.00668007
   0.00675094   0.00672719   0.00688034   0.00713766   0.00717678   0.00726154
   0.00744540   0.00748935   0.00768300   0.00799549   0.00791110   0.00825513
   0.00837097   0.00851824   0.00851368   0.00846211   0.00886906   0.00882110
   0.00915269   0.00915730   0.00921838   0.00929479   0.00951930   0.00974979
   0.00986483   0.00995491    0.0102485    0.0104049    0.0107213    0.0108689
    0.0110708    0.0109924    0.0115839    0.0113766    0.0117025    0.0117140
    0.0122028    0.0123238    0.0124529    0.0126285    0.0127251    0.0133143
    0.0131673    0.0135892    0.0140710    0.0142508    0.0147148    0.0147252
    0.0152818    0.0157159    0.0158973    0.0165931    0.0167934    0.0169419
    0.0176158    0.0178076    0.0182125    0.0185656    0.0187623    0.0194043
    0.0201758    0.0201787    0.0207433    0.0216840    0.0217580    0.0222412
    0.0228482    0.0235911    0.0243881    0.0253059    0.0264398    0.0268612
    0.0276180    0.0283651    0.0292350    0.0300786    0.0307131    0.0322222
    0.0335098    0.0343174    0.0355260    0.0369849    0.0390230    0.0402773
    0.0418411    0.0437685    0.0460016    0.0476317    0.0501955    0.0530354
    0.0557380    0.0589785    0.0634339    0.0673142    0.0715995    0.0769711
    0.0842710    0.0922022     0.100656     0.110937     0.125796     0.145209
     0.167951     0.194589     0.229622     0.272206     0.307717     0.323933
     0.322873     0.306458     0.277664     0.239099     0.204155     0.177559
     0.158010     0.142956     0.127355     0.115289     0.106597     0.100367
    0.0962227    0.0894004    0.0836063    0.0796525    0.0773739    0.0750223
    0.0721529    0.0688427    0.0663741    0.0644860    0.0632523    0.0623885
    0.0601196    0.0576965    0.0557853    0.0555746    0.0554092    0.0542961
    0.0526942    0.0506288    0.0495138    0.0503470    0.0495282    0.0482664
    0.0473062    0.0465192    0.0452274    0.0449558    0.0455537    0.0450504
    0.0446282    0.0436852    0.0433355    0.0433109    0.0427848    0.0423591
    0.0409124    0.0401195    0.0396127    0.0402504    0.0408297    0.0406319
    0.0392225    0.0379361    0.0375079    0.0380572    0.0380826    0.0382906
    0.0383045    0.0369051    0.0362730    0.0366222    0.0368214    0.0361664
    0.0367093    0.0367880    0.0364634    0.0356794    0.0351360    0.0352027
    0.0351878    0.0361512    0.0363259    0.0359662    0.0355153    0.0359670
    0.0354927    0.0344331    0.0356573    0.0356538    0.0347886    0.0353950
    0.0363364    0.0354057    0.0342040    0.0337134    0.0332065    0.0337479
    0.0349720    0.0347708    0.0340196    0.0332471    0.0326343    0.0338942
    0.0344008    0.0343012    0.0344562    0.0337001    0.0333725    0.0336845
    0.0345827    0.0345138    0.0340053    0.0346819    0.0344796    0.0331934
    0.0327632    0.0330727    0.0336597    0.0339293    0.0336853    0.0329254
    0.0316114    0.0330589    0.0337168    0.0329665    0.0329412    0.0338812
    0.0337369    0.0326762    0.0329794    0.0332746    0.0336260    0.0335514
    0.0326519    0.0332935    0.0341019    0.0335829    0.0343618    0.0342622
    0.0344703    0.0333598    0.0327343    0.0329771    0.0340836    0.0341154
    0.0335524    0.0348042    0.0358482    0.0351963    0.0350897    0.0340927
    0.0344527    0.0351935    0.0351827    0.0354079    0.0344078    0.0343613
    0.0351323    0.0342309    0.0329902    0.0340659    0.0335027    0.0347001
    0.0343503    0.0350053    0.0350875    0.0348288    0.0349544    0.0355709
    0.0356718    0.0361715    0.0366304    0.0352970    0.0344071    0.0331945
    0.0332421    0.0352143    0.0353222    0.0354144    0.0349462    0.0337029
    0.0337818    0.0347435    0.0337445    0.0318904    0.0310048    0.0317398
    0.0315999    0.0315323    0.0315435    0.0311010    0.0313265    0.0313754
    0.0299861    0.0284435    0.0284581    0.0260220    0.0261949    0.0262908
    0.0255382    0.0228867    0.0221726    0.0206930    0.0188561    0.0171984
    0.0133486
     -1.00000     -1.00000     -1.00000     -1.00000     -1.00000     -1.00000
     -1.00000     -1.00000     -1.00000     -1.00000     -1.00000   0.00181131
   0.00192276   0.00201267   0.00207657   0.00217199   0.00224940   0.00234738
   0.00243363   0.00251189   0.00255936   0.00261337   0.00263827   0.00269872
   0.00275543   0.00283350   0.00296233   0.00305512   0.00319142   0.00329211
   0.00332368   0.00340762   0.00354012   0.00369960   0.00374781   0.00384059
   0.00389139   0.00401425   0.00418563   0.00430897   0.00436755   0.00439775
   0.00454156   0.00473703   0.00482850   0.00491085   0.00492020   0.00495990
   0.00511834   0.00517564   0.00525974   0.00540632   0.00552575   0.00575513
   0.00588480   0.00592353   0.00607487   0.00613953   0.00615680   0.00627834
   0.00635353   0.00655402   0.00670473   0.00680937   0.00686188   0.00690060
   0.00715151   0.00719257   0.00717667   0.00745854   0.00757007   0.00758739
   0.00767145   0.00774546   0.00782692   0.00826023   0.00835448   0.00861640
   0.00873703   0.00865944   0.00890021   0.00876202   0.00899606   0.00920643
   0.00947609   0.00950769   0.00972662   0.00985389   0.00980403   0.00989902
   0.00978267    0.0102596    0.0107554    0.0110219    0.0109389    0.0109180
    0.0110623    0.0113347    0.0114769    0.0115849    0.0120894    0.0121026
    0.0125199    0.0125241    0.0131165    0.0130956    0.0132279    0.0135719
    0.0136148    0.0141781    0.0143999    0.0150062    0.0151856    0.0152574
    0.0157870    0.0160752    0.0166383    0.0171492    0.0171942    0.0176670
    0.0178773    0.0182466    0.0190295    0.0192084    0.0197241    0.0202911
    0.0204445    0.0207348    0.0210883    0.0215776    0.0228055    0.0232303
    0.0233981    0.0242716    0.0247996    0.0256585    0.0262932    0.0269655
    0.0280494    0.0287329    0.0295551    0.0306315    0.0315406    0.0326189
    0.0335173    0.0351841    0.0364842    0.0371855    0.0393102    0.0408855
    0.0424210    0.0441476    0.0467181    0.0494284    0.0515664    0.0544544
    0.0573591    0.0605237    0.0634429    0.0682074    0.0738802    0.0791527
    0.0848459    0.0935773     0.103805     0.113792     0.126428     0.145012
     0.169676     0.195149     0.226149     0.264004     0.303591     0.323634
     0.318984     0.299570     0.272288     0.240358     0.205871     0.178919
     0.159418     0.146004     0.131304     0.118432     0.109182     0.103013
    0.0995425    0.0925440    0.0871624    0.0834349    0.0805771    0.0778483
    0.0736383    0.0701210    0.0681581    0.0672335    0.0655771    0.0627743
    0.0604526    0.0589684    0.0586368    0.0575991    0.0560337    0.0548725
    0.0531726    0.0523270    0.0516114    0.0498141    0.0494075    0.0485739
    0.0475352    0.0473886    0.0466655    0.0463260    0.0449477    0.0438913
    0.0438176    0.0435450    0.0430222    0.0427846    0.0422883    0.0416311
    0.0411162    0.0409253    0.0407058    0.0399087    0.0396287    0.0401225
    0.0394339    0.0394161    0.0397546    0.0387710    0.0382750    0.0386863
    0.0378819    0.0367416    0.0365437    0.0360266    0.0359874    0.0352018
    0.0354803    0.0358573    0.0364945    0.0368232    0.0368655    0.0364754
    0.0360639    0.0358474    0.0356577    0.0356366    0.0354867    0.0344384
    0.0342466    0.0347620    0.0347258    0.0352355    0.0363479    0.0355362
    0.0355071    0.0352531    0.0341078    0.0343545    0.0343084    0.0339947
    0.0344881    0.0347984    0.0358142    0.0359936    0.0346190    0.0338998
    0.0332216    0.0340331    0.0345858    0.0342211    0.0339087    0.0347692
    0.0352658    0.0346470    0.0351969    0.0362686    0.0353133    0.0338505
    0.0354704    0.0360189    0.0342775    0.0343597    0.0347174    0.0332046
    0.0332384    0.0337316    0.0337616    0.0334128    0.0341520    0.0349123
    0.0344183    0.0355382    0.0371518    0.0365338    0.0354952    0.0342270
    0.0352829    0.0346198    0.0334684    0.0346253    0.0340992    0.0331223
    0.0344533    0.0364371    0.0355655    0.0358697    0.0358117    0.0355681
    0.0353778    0.0360220    0.0356092    0.0352304    0.0355079    0.0364387
    0.0355880    0.0349255    0.0353767    0.0359415    0.0362614    0.0369560
    0.0367992    0.0370413    0.0365047    0.0351051    0.0368639    0.0390541
    0.0369065    0.0360395    0.0385054    0.0371325    0.0364706    0.0374377
    0.0372996    0.0360668    0.0353230    0.0353515    0.0370021    0.0377629
    0.0378021    0.0373155    0.0364906    0.0361412    0.0377199    0.0372632
    0.0350573    0.0334548    0.0339545    0.0348992    0.0353372    0.0340479
    0.0316786    0.0328464    0.0314584    0.0309728    0.0306097    0.0316445
    0.0308199    0.0285358    0.0283167    0.0294460    0.0295622    0.0290639
    0.0266570    0.0262678    0.0253446    0.0228052    0.0213598    0.0179294
    0.0157660
     -1.00000     -1.00000     -1.00000     -1.00000     -1.00000     -1.00000
     -1.00000   0.00167504   0.00174299   0.00184541   0.00194278   0.00201144
   0.00208457   0.00213965   0.00219829   0.00228353   0.00232859   0.00237723
   0.00249422   0.00252218   0.00254287   0.00262621   0.00274464   0.00289281
   0.00299008   0.00308614   0.00319966   0.00326490   0.00334880   0.00341740
   0.00357433   0.00374560   0.00383101   0.00388606   0.00401818   0.00415608
   0.00419494   0.00429111   0.00439264   0.00444663   0.00445719   0.00458369
   0.00473182   0.00483200   0.00491321   0.00497344   0.00509119   0.00519838
   0.00534568   0.00553584   0.00560490   0.00564123   0.00572706   0.00584854
   0.00583797   0.00603186   0.00624022   0.00625330   0.00631582   0.00648829
   0.00669303   0.00675219   0.00676659   0.00693582   0.00696590   0.00712343
   0.00726657   0.00738921   0.00749626   0.00760467   0.00783506   0.00792173
   0.00801662   0.00813200   0.00803716   0.00829705   0.00846944   0.00866186
   0.00879078   0.00875356   0.00904021   0.00902172   0.00934415   0.00932259
   0.00941528   0.00960237   0.00949450   0.00989191   0.00993243    0.0103848
    0.0104861    0.0109295    0.0106839    0.0109721    0.0109773    0.0114290
    0.0115963    0.0119077    0.0117873    0.0119984    0.0120448    0.0123055
    0.0126216    0.0130769    0.0137272    0.0135620    0.0142306    0.0142851
    0.0145180    0.0147240    0.0149940    0.0152503    0.0153060    0.0158298
    0.0164041    0.0166167    0.0168164    0.0171548    0.0176906    0.0179127
    0.0180384    0.0185821    0.0189932    0.0195372    0.0201465    0.0206002
    0.0208812    0.0213315    0.0216549    0.0224286    0.0228689    0.0231483
    0.0242318    0.0251343    0.0258612    0.0267315    0.0269454    0.0275795
    0.0283312    0.0289912    0.0300042    0.0313636    0.0325527    0.0335663
    0.0345494    0.0354759    0.0370097    0.0384939    0.0397501    0.0419573
    0.0446278    0.0460768    0.0476349    0.0506958    0.0535861    0.0553081
    0.0580336    0.0622817    0.0657951    0.0692122    0.0751655    0.0822068
    0.0873136    0.0944383     0.104899     0.116623     0.127870     0.144035
     0.167832     0.194772     0.221555     0.255648     0.293211     0.318205
     0.313422     0.291547     0.263802     0.233936     0.200368     0.175690
     0.157618     0.144189     0.129513     0.117465     0.108878     0.103865
    0.0977629    0.0907295    0.0867674    0.0835296    0.0809840    0.0770268
    0.0724919    0.0706392    0.0687443    0.0662388    0.0642483    0.0620253
    0.0603941    0.0595770    0.0588186    0.0570210    0.0551748    0.0540401
    0.0532119    0.0524154    0.0514244    0.0501750    0.0495250    0.0491109
    0.0479302    0.0478268    0.0471733    0.0467490    0.0463223    0.0451654
    0.0456729    0.0451556    0.0440340    0.0439814    0.0439091    0.0430089
    0.0422690    0.0409811    0.0409710    0.0412324    0.0407237    0.0403773
    0.0409973    0.0408740    0.0400857    0.0393362    0.0395287    0.0391220
    0.0386175    0.0383578    0.0382686    0.0377396    0.0381119    0.0380727
    0.0375170    0.0376251    0.0378201    0.0381086    0.0378753    0.0370291
    0.0367136    0.0364358    0.0368610    0.0375281    0.0374793    0.0369099
    0.0370858    0.0367365    0.0366704    0.0371895    0.0372965    0.0368241
    0.0356740    0.0356814    0.0358803    0.0360498    0.0358439    0.0353585
    0.0354890    0.0361561    0.0351630    0.0338380    0.0340452    0.0347570
    0.0350663    0.0355124    0.0354696    0.0349517    0.0339439    0.0343531
    0.0352649    0.0367192    0.0365418    0.0363858    0.0362079    0.0365969
    0.0354198    0.0336861    0.0334730    0.0344691    0.0347408    0.0349319
    0.0353411    0.0345892    0.0343292    0.0344514    0.0351728    0.0358901
    0.0352754    0.0345950    0.0339457    0.0354316    0.0365711    0.0374038
    0.0367136    0.0351710    0.0357338    0.0346223    0.0336739    0.0339832
    0.0340912    0.0344472    0.0341797    0.0343674    0.0355493    0.0346274
    0.0352664    0.0346526    0.0336176    0.0354489    0.0356426    0.0369246
    0.0367755    0.0363394    0.0367889    0.0369860    0.0364915    0.0351700
    0.0362515    0.0375594    0.0377608    0.0375333    0.0353076    0.0367167
    0.0368972    0.0364106    0.0376136    0.0381093    0.0366721    0.0365184
    0.0365252    0.0378504    0.0372703    0.0376488    0.0369421    0.0361068
    0.0355285    0.0357666    0.0344473    0.0346791    0.0357958    0.0351598
    0.0338928    0.0334372    0.0324182    0.0327847    0.0325803    0.0332677
    0.0321979    0.0318655    0.0315412    0.0331459    0.0324927    0.0316901
    0.0308689    0.0282005    0.0280075    0.0287138    0.0269584    0.0280095
    0.0280901    0.0240206    0.0233738    0.0235504    0.0239144    0.0180518
   0.00841980
     -1.00000     -1.00000     -1.00000     -1.00000   0.00156615   0.00161061
   0.00169030   0.00178919   0.00188418   0.00197539   0.00205144   0.00210593
   0.00213714   0.00216505   0.00228154   0.00237040   0.00237866   0.00245291
   0.00254568   0.00262016   0.00276009   0.00286344   0.00293120   0.00307808
   0.00320003   0.00322294   0.00331928   0.00343441   0.00362407   0.00368927
   0.00372449   0.00377885   0.00384566   0.00401423   0.00417625   0.00425746
   0.00436699   0.00444769   0.00451652   0.00461823   0.00472785   0.00485840
   0.00490022   0.00502556   0.00517843   0.00532467   0.00535898   0.00541021
   0.00554822   0.00563002   0.00577091   0.00595624   0.00600544   0.00612453
   0.00618738   0.00619894   0.00632440   0.00653608   0.00649803   0.00652964
   0.00688521   0.00707441   0.00712861   0.00710467   0.00730643   0.00753773
   0.00753644   0.00762891   0.00770521   0.00776158   0.00786596   0.00788758
   0.00801162   0.00835503   0.00835181   0.00846783   0.00873097   0.00872054
   0.00890789   0.00893126   0.00915863   0.00943045   0.00944508   0.00989489
   0.00984657    0.0100734   0.00993209    0.0102570    0.0104359    0.0108634
    0.0109664    0.0112498    0.0112414    0.0114556    0.0115556    0.0116971
    0.0119034    0.0125702    0.0124422    0.0125871    0.0126279    0.0131698
    0.0130662    0.0134531    0.0135904    0.0137732    0.0139435    0.0141447
    0.0148014    0.0149299    0.0153351    0.0152828    0.0156706    0.0161954
    0.0166828    0.0171591    0.0173329    0.0176520    0.0178664    0.0181399
    0.0186766    0.0191570    0.0196420    0.0201030    0.0203758    0.0209298
    0.0214920    0.0221354    0.0225538    0.0231973    0.0238224    0.0242699
    0.0250596    0.0257544    0.0261267    0.0270784    0.0279526    0.0284623
    0.0293348    0.0298425    0.0305333    0.0322207    0.0331606    0.0339360
    0.0356189    0.0367236    0.0374585    0.0392305    0.0411559    0.0421940
    0.0443339    0.0468687    0.0485640    0.0502685    0.0533663    0.0557955
    0.0582626    0.0618774    0.0661762    0.0694421    0.0741192    0.0809878
    0.0871816    0.0925330     0.101719     0.114544     0.125590     0.140264
     0.161481     0.187855     0.212927     0.245569     0.284216     0.311611
     0.307341     0.284926     0.256281     0.225189     0.194408     0.172577
     0.157087     0.143001     0.129411     0.118870     0.111633     0.104613
    0.0974402    0.0916044    0.0879850    0.0850286    0.0810524    0.0766285
    0.0736968    0.0728173    0.0706761    0.0679429    0.0663480    0.0648061
    0.0621226    0.0610765    0.0593938    0.0585551    0.0572138    0.0558778
    0.0555124    0.0546859    0.0538095    0.0522198    0.0510617    0.0500987
    0.0494562    0.0489292    0.0483271    0.0477653    0.0475559    0.0470418
    0.0464724    0.0448187    0.0445143    0.0448423    0.0447112    0.0441587
    0.0436738    0.0423966    0.0415715    0.0420189    0.0414562    0.0410594
    0.0404544    0.0400126    0.0403033    0.0409313    0.0403109    0.0393179
    0.0390514    0.0389301    0.0383449    0.0390011    0.0385775    0.0384803
    0.0373565    0.0375627    0.0380449    0.0374814    0.0369956    0.0369638
    0.0373593    0.0379261    0.0379298    0.0383906    0.0375786    0.0365490
    0.0359738    0.0361613    0.0364987    0.0353145    0.0353398    0.0352047
    0.0350438    0.0357135    0.0364018    0.0368644    0.0372735    0.0364892
    0.0364569    0.0365879    0.0364310    0.0365303    0.0364179    0.0346409
    0.0349231    0.0350731    0.0353338    0.0348565    0.0349415    0.0356456
    0.0363227    0.0354486    0.0354231    0.0355812    0.0357360    0.0346340
    0.0353066    0.0359002    0.0354208    0.0348181    0.0352164    0.0362649
    0.0352191    0.0352086    0.0366830    0.0358052    0.0353466    0.0358315
    0.0356520    0.0362363    0.0371909    0.0360688    0.0350550    0.0343971
    0.0359529    0.0367187    0.0365065    0.0363099    0.0352733    0.0346368
    0.0338912    0.0349892    0.0355066    0.0361077    0.0362583    0.0366070
    0.0359869    0.0366232    0.0358088    0.0349775    0.0352277    0.0353157
    0.0349178    0.0352169    0.0366989    0.0354553    0.0355318    0.0344589
    0.0352558    0.0384671    0.0384270    0.0389764    0.0386599    0.0383630
    0.0372423    0.0366513    0.0363252    0.0370598    0.0361438    0.0358117
    0.0368391    0.0376440    0.0374518    0.0364386    0.0376397    0.0378776
    0.0360813    0.0347223    0.0352807    0.0351654    0.0369211    0.0355056
    0.0337644    0.0332847    0.0331381    0.0338699    0.0355446    0.0357432
    0.0340550    0.0316366    0.0318207    0.0324175    0.0317990    0.0318724
    0.0319095    0.0322307    0.0308141    0.0300645    0.0272105    0.0254761
    0.0276503    0.0259286    0.0250777    0.0248095    0.0248956    0.0212688
    0.0158519
   0.00137957   0.00145726   0.00153232   0.00164838   0.00168976   0.00177478
   0.00185739   0.00191496   0.00192635   0.00197232   0.00204144   0.00207693
   0.00216904   0.00229247   0.00236522   0.00246639   0.00256391   0.00262190
   0.00273775   0.00285627   0.00294258   0.00302663   0.00313753   0.00322325
   0.00326419   0.00337642   0.00353660   0.00361606   0.00373899   0.00379028
   0.00395247   0.00402657   0.00407201   0.00419262   0.00431763   0.00445215
   0.00446905   0.00460495   0.00474929   0.00479622   0.00486989   0.00496516
   0.00505764   0.00514370   0.00528253   0.00542753   0.00555458   0.00553083
   0.00571700   0.00591196   0.00600083   0.00608980   0.00621649   0.00638961
   0.00651511   0.00660898   0.00670984   0.00679763   0.00679156   0.00681323
   0.00684340   0.00700271   0.00713268   0.00719201   0.00736066   0.00762911
   0.00760777   0.00770424   0.00804825   0.00821657   0.00837438   0.00836787
   0.00824253   0.00852738   0.00876508   0.00874197   0.00905651   0.00917130
   0.00942848   0.00941670   0.00956485   0.00986842   0.00982405    0.0100883
    0.0101317    0.0105120    0.0106890    0.0106322    0.0107249    0.0108863
    0.0112971    0.0112745    0.0113569    0.0114705    0.0118363    0.0120972
    0.0123366    0.0121788    0.0124384    0.0128274    0.0131134    0.0131102
    0.0133291    0.0138762    0.0141141    0.0143584    0.0142752    0.0147324
    0.0150088    0.0155103    0.0155858    0.0158121    0.0162371    0.0165952
    0.0170240    0.0172521    0.0177985    0.0180365    0.0184825    0.0190748
    0.0195383    0.0199946    0.0202058    0.0205446    0.0206898    0.0212654
    0.0218576    0.0223061    0.0227578    0.0231219    0.0239244    0.0246719
    0.0248932    0.0255360    0.0263658    0.0270296    0.0282021    0.0287885
    0.0288391    0.0301066    0.0312139    0.0316984    0.0331685    0.0342713
    0.0347221    0.0363245    0.0375622    0.0391493    0.0415049    0.0427720
    0.0439026    0.0464851    0.0489006    0.0500629    0.0528912    0.0569877
    0.0588600    0.0620780    0.0674047    0.0704233    0.0746217    0.0815141
    0.0883516    0.0940084     0.102993     0.115535     0.126748     0.140747
     0.161059     0.185465     0.210353     0.244480     0.286434     0.311241
     0.308790     0.288057     0.256965     0.220460     0.192351     0.172717
     0.157078     0.141377     0.129162     0.121010     0.113071     0.104820
    0.0982998    0.0947746    0.0898690    0.0856596    0.0820340    0.0790176
    0.0760695    0.0737774    0.0708129    0.0690331    0.0668465    0.0651713
    0.0635555    0.0616656    0.0597438    0.0590800    0.0585250    0.0574856
    0.0561033    0.0546770    0.0537508    0.0531185    0.0524374    0.0507641
    0.0501964    0.0502576    0.0498261    0.0484128    0.0472065    0.0462571
    0.0457196    0.0457759    0.0453674    0.0449068    0.0441657    0.0441650
    0.0439720    0.0431956    0.0435902    0.0437600    0.0436785    0.0424923
    0.0423050    0.0416592    0.0411434    0.0416102    0.0400375    0.0395020
    0.0389698    0.0396484    0.0399545    0.0394967    0.0384746    0.0387579
    0.0382958    0.0395727    0.0392045    0.0376522    0.0384993    0.0385636
    0.0389094    0.0378649    0.0376523    0.0368449    0.0366642    0.0365938
    0.0380379    0.0380214    0.0365641    0.0364713    0.0372227    0.0372088
    0.0364682    0.0370827    0.0369872    0.0359375    0.0366929    0.0365070
    0.0371195    0.0356308    0.0361636    0.0366618    0.0372449    0.0370090
    0.0355830    0.0347153    0.0349210    0.0369311    0.0370897    0.0364248
    0.0353928    0.0356584    0.0361872    0.0359456    0.0374579    0.0374181
    0.0355258    0.0342519    0.0343391    0.0357387    0.0355166    0.0366112
    0.0368332    0.0360720    0.0363999    0.0349661    0.0359598    0.0356752
    0.0354664    0.0370879    0.0361568    0.0361786    0.0360809    0.0354242
    0.0363749    0.0360588    0.0367246    0.0361874    0.0371080    0.0375986
    0.0367269    0.0369942    0.0370897    0.0368840    0.0370669    0.0366008
    0.0377811    0.0392685    0.0387514    0.0377847    0.0379861    0.0403067
    0.0384668    0.0367265    0.0372985    0.0381199    0.0384883    0.0381823
    0.0372724    0.0361169    0.0404859    0.0407197    0.0388728    0.0397085
    0.0387208    0.0381237    0.0379150    0.0396355    0.0379623    0.0376720
    0.0390215    0.0398651    0.0402403    0.0389447    0.0386184    0.0359459
    0.0362098    0.0378115    0.0373274    0.0385439    0.0369768    0.0363494
    0.0386460    0.0366563    0.0376499    0.0371162    0.0383141    0.0367297
    0.0336066    0.0343848    0.0347599    0.0354372    0.0333130    0.0340821
    0.0322656    0.0308510    0.0313308    0.0295687    0.0276020    0.0283806
    0.0299357    0.0282761    0.0282512    0.0243132    0.0209784    0.0201742
    0.0140713
   0.00151521   0.00156969   0.00165224   0.00171065   0.00177230   0.00179012
   0.00186236   0.00189099   0.00195455   0.00202671   0.00212778   0.00224132
   0.00231987   0.00245011   0.00256618   0.00264694   0.00271968   0.00279600
   0.00292161   0.00299469   0.00299861   0.00316421   0.00333499   0.00341738
   0.00343297   0.00359184   0.00363958   0.00376020   0.00392620   0.00400817
   0.00421059   0.00428551   0.00424884   0.00433456   0.00453725   0.00458888
   0.00464189   0.00477973   0.00488087   0.00494147   0.00502593   0.00519870
   0.00534322   0.00540883   0.00538284   0.00555472   0.00561836   0.00580627
   0.00601004   0.00602208   0.00606151   0.00626144   0.00657460   0.00663555
   0.00659699   0.00665411   0.00679059   0.00684224   0.00692967   0.00702259
   0.00711567   0.00729529   0.00762695   0.00769519   0.00780597   0.00791849
   0.00793580   0.00809727   0.00827754   0.00821004   0.00833637   0.00865839
   0.00860850   0.00878097   0.00902388   0.00904456   0.00931659   0.00939338
   0.00939017   0.00963248   0.00993823    0.0101298   0.00990795    0.0101856
    0.0104882    0.0105164    0.0105826    0.0105189    0.0110156    0.0110028
    0.0115161    0.0116633    0.0119527    0.0117464    0.0120342    0.0121725
    0.0124521    0.0123675    0.0127451    0.0128916    0.0134115    0.0133371
    0.0137141    0.0140144    0.0144458    0.0145656    0.0148919    0.0151636
    0.0155294    0.0155880    0.0157162    0.0161852    0.0165449    0.0168542
    0.0172870    0.0175676    0.0180499    0.0183707    0.0187656    0.0189912
    0.0190907    0.0195335    0.0201805    0.0204844    0.0207995    0.0213529
    0.0221208    0.0223875    0.0225819    0.0234515    0.0238932    0.0245362
    0.0254376    0.0256341    0.0267846    0.0275222    0.0276582    0.0289058
    0.0295623    0.0304903    0.0318884    0.0322944    0.0333426    0.0347724
    0.0354535    0.0375047    0.0398444    0.0400623    0.0416010    0.0440544
    0.0451624    0.0474232    0.0507554    0.0516847    0.0538654    0.0578528
    0.0597409    0.0627468    0.0679054    0.0716198    0.0758964    0.0824915
    0.0887093    0.0948601     0.104197     0.116017     0.125271     0.139481
     0.159864     0.179902     0.204701     0.243516     0.285548     0.311238
     0.314762     0.291746     0.251329     0.215472     0.191489     0.171984
     0.154547     0.140438     0.130354     0.121197     0.111843     0.105537
    0.0993288    0.0946606    0.0900708    0.0858073    0.0816957    0.0792164
    0.0765246    0.0744182    0.0709718    0.0693533    0.0675629    0.0658317
    0.0638679    0.0628592    0.0609161    0.0596484    0.0583197    0.0582627
    0.0570723    0.0555515    0.0540738    0.0528003    0.0520706    0.0511984
    0.0504184    0.0495083    0.0500187    0.0498624    0.0481358    0.0465828
    0.0463794    0.0470964    0.0460034    0.0456781    0.0448780    0.0451694
    0.0455070    0.0440556    0.0435132    0.0439124    0.0435978    0.0421628
    0.0415862    0.0416031    0.0411634    0.0421046    0.0413455    0.0410089
    0.0410727    0.0415534    0.0409610    0.0404669    0.0398889    0.0390027
    0.0394750    0.0393050    0.0390118    0.0377406    0.0385573    0.0392477
    0.0397400    0.0387803    0.0375927    0.0379292    0.0386106    0.0380808
    0.0378783    0.0385121    0.0384645    0.0383412    0.0387260    0.0388276
    0.0378717    0.0367206    0.0373022    0.0365144    0.0370397    0.0394983
    0.0389544    0.0387526    0.0378780    0.0373546    0.0369527    0.0388782
    0.0379312    0.0366501    0.0366731    0.0368246    0.0373679    0.0377875
    0.0381435    0.0370474    0.0364369    0.0372651    0.0375199    0.0374895
    0.0366264    0.0364761    0.0375352    0.0375508    0.0362913    0.0379575
    0.0378135    0.0360465    0.0355033    0.0366315    0.0378868    0.0386075
    0.0385899    0.0384506    0.0382855    0.0378068    0.0387293    0.0377788
    0.0367868    0.0373448    0.0372001    0.0371812    0.0389233    0.0387272
    0.0369469    0.0376022    0.0376469    0.0381720    0.0379659    0.0383728
    0.0397488    0.0398118    0.0382504    0.0385550    0.0383530    0.0367799
    0.0373142    0.0388231    0.0388585    0.0371240    0.0369680    0.0372484
    0.0383299    0.0385654    0.0377652    0.0391890    0.0398307    0.0402287
    0.0390809    0.0363916    0.0362292    0.0386309    0.0377128    0.0394441
    0.0407181    0.0393650    0.0387421    0.0396337    0.0392508    0.0382502
    0.0385680    0.0381436    0.0386867    0.0375420    0.0380506    0.0354200
    0.0358056    0.0363976    0.0363976    0.0356629    0.0348981    0.0343533
    0.0323695    0.0313035    0.0328280    0.0339482    0.0330610    0.0326098
    0.0308719    0.0324425    0.0322651    0.0328949    0.0297110    0.0300775
    0.0296091    0.0287637    0.0262918    0.0242374    0.0221162    0.0203696
    0.0149835
   0.00157662   0.00160399   0.00167227   0.00171279   0.00177152   0.00191865
   0.00199798   0.00204695   0.00214346   0.00222185   0.00225998   0.00240009
   0.00253113   0.00258979   0.00268396   0.00272979   0.00283484   0.00291425
   0.00296759   0.00302763   0.00314052   0.00328930   0.00342467   0.00352408
   0.00361710   0.00376222   0.00384407   0.00382729   0.00392217   0.00408562
   0.00425821   0.00430587   0.00438474   0.00446151   0.00464979   0.00476930
   0.00494445   0.00501158   0.00505966   0.00521191   0.00529357   0.00528968
   0.00536923   0.00554227   0.00567830   0.00575775   0.00582278   0.00600215
   0.00615808   0.00616651   0.00627394   0.00632524   0.00647222   0.00659296
   0.00678693   0.00689069   0.00685972   0.00696497   0.00721117   0.00732788
   0.00738991   0.00749984   0.00777349   0.00794119   0.00781520   0.00807852
   0.00818500   0.00814959   0.00835557   0.00846326   0.00861342   0.00885662
   0.00894924   0.00899423   0.00920637   0.00928350   0.00935125   0.00967463
   0.00978884   0.00998510    0.0101697    0.0102701    0.0104906    0.0103324
    0.0106298    0.0108039    0.0110300    0.0111655    0.0114461    0.0116376
    0.0115569    0.0117101    0.0120010    0.0123655    0.0123863    0.0125875
    0.0127246    0.0129848    0.0130878    0.0133172    0.0133247    0.0136018
    0.0137170    0.0139006    0.0140359    0.0143986    0.0145834    0.0150296
    0.0152202    0.0155053    0.0157730    0.0161852    0.0164312    0.0167162
    0.0171466    0.0177590    0.0183567    0.0185170    0.0187360    0.0190709
    0.0199358    0.0201275    0.0206774    0.0208606    0.0213557    0.0217363
    0.0219610    0.0229518    0.0235070    0.0242053    0.0250033    0.0250156
    0.0258302    0.0267460    0.0275870    0.0289164    0.0289718    0.0293740
    0.0306646    0.0313474    0.0327060    0.0337469    0.0339382    0.0356923
    0.0361961    0.0370157    0.0396373    0.0405740    0.0421349    0.0443654
    0.0454033    0.0476264    0.0506315    0.0522045    0.0542702    0.0579662
    0.0601150    0.0635284    0.0687125    0.0719277    0.0762924    0.0831392
    0.0882312    0.0946776     0.103973     0.113389     0.123914     0.140045
     0.156571     0.174545     0.202608     0.239807     0.282129     0.317596
     0.321549     0.292482     0.248829     0.213249     0.187985     0.167722
     0.153202     0.139633     0.129590     0.120618     0.111861     0.105808
    0.0996676    0.0943718    0.0896876    0.0865819    0.0827425    0.0793992
    0.0764071    0.0744769    0.0715896    0.0686842    0.0675633    0.0663039
    0.0650372    0.0625284    0.0614456    0.0615822    0.0599392    0.0583995
    0.0570629    0.0565451    0.0549659    0.0536327    0.0533124    0.0537254
    0.0520505    0.0497973    0.0500390    0.0503281    0.0494911    0.0483070
    0.0480711    0.0476321    0.0467509    0.0460484    0.0455900    0.0464326
    0.0453922    0.0442546    0.0440606    0.0437245    0.0430647    0.0429573
    0.0429388    0.0430937    0.0434888    0.0434114    0.0422280    0.0417521
    0.0418991    0.0429147    0.0413523    0.0417182    0.0416308    0.0416527
    0.0417021    0.0410062    0.0415303    0.0402588    0.0396686    0.0406358
    0.0400724    0.0392385    0.0388298    0.0403831    0.0397818    0.0391356
    0.0383457    0.0375633    0.0387614    0.0398334    0.0394860    0.0388220
    0.0381943    0.0375862    0.0375606    0.0381096    0.0381812    0.0387479
    0.0387567    0.0381345    0.0375538    0.0366056    0.0377586    0.0379973
    0.0386762    0.0365617    0.0374399    0.0382887    0.0377126    0.0379481
    0.0380406    0.0367401    0.0358535    0.0361520    0.0381551    0.0374785
    0.0382834    0.0372984    0.0366469    0.0373479    0.0363404    0.0366536
    0.0377101    0.0361780    0.0367545    0.0355523    0.0358125    0.0375112
    0.0358820    0.0369156    0.0375455    0.0368320    0.0378481    0.0371351
    0.0367679    0.0372459    0.0384166    0.0389117    0.0386710    0.0401347
    0.0383804    0.0382476    0.0387236    0.0387542    0.0390226    0.0381039
    0.0381836    0.0387416    0.0389482    0.0397510    0.0378389    0.0377881
    0.0391699    0.0371484    0.0363686    0.0374435    0.0383368    0.0389968
    0.0385771    0.0391100    0.0396014    0.0387089    0.0388815    0.0395112
    0.0401047    0.0396766    0.0375968    0.0392829    0.0399388    0.0390970
    0.0392769    0.0397538    0.0401557    0.0393779    0.0383003    0.0384255
    0.0380333    0.0389271    0.0374963    0.0383003    0.0371615    0.0387774
    0.0369097    0.0367670    0.0375883    0.0348062    0.0369867    0.0377698
    0.0354482    0.0341081    0.0347015    0.0345937    0.0334729    0.0339310
    0.0300868    0.0314876    0.0307679    0.0294264    0.0299508    0.0293181
    0.0311018    0.0309315    0.0267116    0.0261605    0.0257284    0.0210043
    0.0136987
   0.00159386   0.00166337   0.00172590   0.00183087   0.00191178   0.00197138
   0.00206799   0.00218532   0.00228588   0.00238272   0.00243287   0.00248818
   0.00262194   0.00269230   0.00280837   0.00293692   0.00299610   0.00302666
   0.00312847   0.00324294   0.00332431   0.00343176   0.00346601   0.00356592
   0.00374940   0.00386906   0.00398167   0.00412607   0.00420015   0.00424099
   0.00443337   0.00448418   0.00455130   0.00471169   0.00477870   0.00486086
   0.00499750   0.00507967   0.00514539   0.00528592   0.00533094   0.00553972
   0.00568506   0.00569313   0.00585045   0.00606827   0.00612868   0.00613456
   0.00627780   0.00639421   0.00637955   0.00646744   0.00661386   0.00670180
   0.00684441   0.00702517   0.00722929   0.00734605   0.00748336   0.00757689
   0.00755637   0.00765465   0.00795414   0.00802494   0.00807441   0.00828201
   0.00847156   0.00848009   0.00842102   0.00880446   0.00894178   0.00892040
   0.00900119   0.00897041   0.00927023   0.00957271   0.00968083   0.00990329
   0.00992894    0.0101253    0.0102664    0.0101949    0.0106668    0.0108184
    0.0108816    0.0109119    0.0109097    0.0112992    0.0114446    0.0117240
    0.0118204    0.0119040    0.0117812    0.0120654    0.0121634    0.0124272
    0.0125563    0.0126864    0.0131676    0.0133815    0.0134934    0.0137970
    0.0140654    0.0142253    0.0145317    0.0149295    0.0150920    0.0156927
    0.0160033    0.0163280    0.0165554    0.0163926    0.0168864    0.0174500
    0.0179765    0.0183001    0.0186728    0.0187209    0.0191536    0.0197552
    0.0199780    0.0206226    0.0205409    0.0213185    0.0217153    0.0223436
    0.0227524    0.0227789    0.0236781    0.0238232    0.0248688    0.0255303
    0.0262334    0.0274733    0.0274536    0.0282223    0.0289291    0.0294650
    0.0313957    0.0315936    0.0325131    0.0336643    0.0340246    0.0358537
    0.0366708    0.0379272    0.0402160    0.0407866    0.0422749    0.0450271
    0.0461370    0.0483673    0.0512405    0.0523974    0.0551159    0.0582324
    0.0605330    0.0645723    0.0679085    0.0712312    0.0764597    0.0818699
    0.0873624    0.0952929     0.103225     0.111461     0.123349     0.136641
     0.150283     0.170794     0.196880     0.233131     0.281869     0.320631
     0.323837     0.292727     0.245944     0.209275     0.183419     0.164686
     0.151522     0.139582     0.129135     0.120656     0.113773     0.107094
     0.100417    0.0961347    0.0914865    0.0865342    0.0836733    0.0816566
    0.0774551    0.0751873    0.0744381    0.0720677    0.0687538    0.0678740
    0.0671811    0.0638899    0.0628268    0.0625919    0.0610891    0.0594793
    0.0578917    0.0572330    0.0560265    0.0540900    0.0542313    0.0541522
    0.0526788    0.0513621    0.0513727    0.0509830    0.0496850    0.0490484
    0.0490987    0.0484740    0.0471595    0.0471765    0.0468021    0.0463743
    0.0457132    0.0453348    0.0448153    0.0438282    0.0434954    0.0439064
    0.0441705    0.0435496    0.0427036    0.0421742    0.0422460    0.0419265
    0.0424667    0.0419292    0.0408952    0.0407183    0.0408398    0.0404044
    0.0404745    0.0408552    0.0410985    0.0409863    0.0397165    0.0395663
    0.0388458    0.0399188    0.0400215    0.0395740    0.0392810    0.0384886
    0.0382691    0.0376383    0.0386394    0.0394814    0.0398530    0.0386894
    0.0380419    0.0375157    0.0381734    0.0388286    0.0381066    0.0383497
    0.0387600    0.0379082    0.0377749    0.0381773    0.0378655    0.0384721
    0.0389870    0.0378458    0.0370845    0.0367031    0.0372528    0.0370197
    0.0370422    0.0366000    0.0376622    0.0370289    0.0375186    0.0366856
    0.0376875    0.0363601    0.0378607    0.0377430    0.0380227    0.0373150
    0.0371664    0.0372747    0.0360398    0.0364265    0.0361591    0.0369396
    0.0384319    0.0360317    0.0380393    0.0380547    0.0377005    0.0386265
    0.0375959    0.0381996    0.0391953    0.0382043    0.0370802    0.0374033
    0.0380248    0.0376884    0.0385146    0.0390268    0.0377106    0.0380708
    0.0388592    0.0387601    0.0387668    0.0390045    0.0385302    0.0403935
    0.0392526    0.0391594    0.0397668    0.0388553    0.0394153    0.0397390
    0.0392269    0.0389008    0.0388519    0.0399208    0.0400230    0.0388178
    0.0406530    0.0395965    0.0391837    0.0410654    0.0397858    0.0406404
    0.0415635    0.0415288    0.0412635    0.0385258    0.0410875    0.0389671
    0.0368040    0.0388360    0.0393856    0.0373015    0.0359766    0.0373904
    0.0402764    0.0375371    0.0370673    0.0371026    0.0377369    0.0360719
    0.0362748    0.0385724    0.0360224    0.0349158    0.0351861    0.0347993
    0.0347575    0.0358804    0.0335675    0.0327176    0.0303973    0.0302937
    0.0309296    0.0303909    0.0261954    0.0272035    0.0270567    0.0210542
    0.0150295
   0.00171360   0.00177863   0.00187576   0.00193440   0.00202798   0.00211045
   0.00218383   0.00227400   0.00237182   0.00247380   0.00255259   0.00269739
   0.00270423   0.00279163   0.00290610   0.00305833   0.00313733   0.00318610
   0.00323494   0.00332703   0.00344810   0.00350497   0.00360608   0.00379814
   0.00395453   0.00395298   0.00406628   0.00422813   0.00429375   0.00439526
   0.00448226   0.00459552   0.00466078   0.00475149   0.00482455   0.00496644
   0.00511897   0.00518448   0.00527988   0.00542860   0.00556020   0.00572407
   0.00583407   0.00600813   0.00606336   0.00620465   0.00632700   0.00643509
   0.00646764   0.00658098   0.00674612   0.00695694   0.00689083   0.00684634
   0.00705870   0.00727898   0.00741809   0.00734793   0.00747900   0.00768146
   0.00779199   0.00788057   0.00811469   0.00829116   0.00835323   0.00846388
   0.00883120   0.00887935   0.00888539   0.00900944   0.00907228   0.00907590
   0.00922601   0.00931554   0.00939060   0.00974624   0.00992462   0.00991198
    0.0100721    0.0100820    0.0103062    0.0103865    0.0102927    0.0106746
    0.0107783    0.0109390    0.0110033    0.0112730    0.0115891    0.0115253
    0.0115611    0.0118064    0.0123210    0.0122736    0.0125976    0.0129230
    0.0131326    0.0132400    0.0134445    0.0137916    0.0142361    0.0143491
    0.0143440    0.0143941    0.0148301    0.0149427    0.0152421    0.0156080
    0.0157993    0.0159918    0.0165209    0.0169045    0.0169450    0.0175239
    0.0180119    0.0184816    0.0185581    0.0189868    0.0193626    0.0202481
    0.0203751    0.0206855    0.0210745    0.0215181    0.0219032    0.0220271
    0.0232542    0.0232569    0.0241628    0.0242021    0.0251714    0.0260673
    0.0258657    0.0274949    0.0276727    0.0284104    0.0296277    0.0302442
    0.0311540    0.0315869    0.0324359    0.0335614    0.0340559    0.0360183
    0.0366144    0.0379901    0.0398234    0.0403411    0.0427984    0.0443990
    0.0461215    0.0488026    0.0502483    0.0529014    0.0557879    0.0575367
    0.0613413    0.0643016    0.0677835    0.0727929    0.0773256    0.0820023
    0.0885448    0.0955459     0.103848     0.112887     0.124230     0.136777
     0.151131     0.169212     0.194225     0.230449     0.281081     0.320916
     0.323058     0.294033     0.247069     0.205009     0.181686     0.164707
     0.149221     0.139059     0.130075     0.119730     0.113314     0.107456
    0.0997076    0.0955231    0.0927767    0.0868039    0.0833962    0.0818012
    0.0779150    0.0746231    0.0733910    0.0715307    0.0689656    0.0676662
    0.0658706    0.0633487    0.0618407    0.0617509    0.0604280    0.0581421
    0.0580543    0.0573200    0.0544238    0.0542068    0.0547304    0.0533757
    0.0525244    0.0523450    0.0521860    0.0503682    0.0504015    0.0499597
    0.0489740    0.0481823    0.0483163    0.0480495    0.0477408    0.0459430
    0.0459900    0.0453867    0.0451870    0.0452615    0.0446544    0.0445949
    0.0439721    0.0442387    0.0427258    0.0435472    0.0433033    0.0432809
    0.0422733    0.0424091    0.0423002    0.0415502    0.0405156    0.0408525
    0.0422237    0.0407079    0.0401050    0.0408382    0.0404154    0.0396738
    0.0400240    0.0400383    0.0394532    0.0386502    0.0386001    0.0384716
    0.0399055    0.0399366    0.0391484    0.0380007    0.0395576    0.0383723
    0.0384448    0.0389507    0.0378783    0.0390843    0.0389289    0.0385306
    0.0389845    0.0383538    0.0386501    0.0381438    0.0394403    0.0395910
    0.0370134    0.0373251    0.0376627    0.0378253    0.0376149    0.0379034
    0.0379859    0.0384819    0.0367534    0.0376237    0.0387128    0.0386726
    0.0384075    0.0398638    0.0391710    0.0387447    0.0385294    0.0396859
    0.0391673    0.0379717    0.0402077    0.0380226    0.0387620    0.0406055
    0.0392345    0.0382456    0.0384863    0.0392581    0.0393103    0.0385975
    0.0387291    0.0396309    0.0411819    0.0407752    0.0387440    0.0387616
    0.0402372    0.0398776    0.0396511    0.0400325    0.0408087    0.0395726
    0.0403029    0.0405850    0.0389246    0.0397416    0.0404205    0.0384192
    0.0392686    0.0391644    0.0383128    0.0412169    0.0409971    0.0395276
    0.0412915    0.0419153    0.0401498    0.0425219    0.0411187    0.0394853
    0.0413607    0.0418971    0.0432132    0.0419885    0.0427641    0.0424433
    0.0439774    0.0435017    0.0430144    0.0440538    0.0437328    0.0426936
    0.0399843    0.0409288    0.0426187    0.0409736    0.0408557    0.0397484
    0.0400837    0.0423368    0.0408683    0.0399898    0.0404579    0.0410308
    0.0386914    0.0405609    0.0392832    0.0396904    0.0369275    0.0350167
    0.0359264    0.0353890    0.0358686    0.0339144    0.0333252    0.0342186
    0.0307951    0.0298896    0.0309628    0.0264392    0.0247914    0.0211311
    0.0166941
   0.00182033   0.00190171   0.00201173   0.00208284   0.00213017   0.00223442
   0.00231215   0.00237846   0.00244572   0.00255992   0.00268856   0.00274760
   0.00284473   0.00288240   0.00297694   0.00308547   0.00323433   0.00333615
   0.00340065   0.00348174   0.00359092   0.00374929   0.00384547   0.00390978
   0.00402231   0.00413737   0.00418450   0.00430731   0.00441870   0.00451773
   0.00453000   0.00464076   0.00475959   0.00481932   0.00496177   0.00514879
   0.00523932   0.00532505   0.00548017   0.00557850   0.00564778   0.00569855
   0.00586532   0.00606757   0.00618483   0.00616984   0.00620811   0.00636530
   0.00649336   0.00659257   0.00662820   0.00676508   0.00692941   0.00708123
   0.00717804   0.00716634   0.00736254   0.00766406   0.00773306   0.00787608
   0.00801842   0.00809780   0.00817343   0.00832765   0.00844876   0.00860089
   0.00866757   0.00884901   0.00887790   0.00893101   0.00915990   0.00904957
   0.00904580   0.00923616   0.00936962   0.00963227    0.0100416    0.0100571
    0.0100524    0.0100823    0.0105700    0.0108180    0.0107577    0.0108444
    0.0110252    0.0111153    0.0113919    0.0117171    0.0117601    0.0120591
    0.0123828    0.0122830    0.0124352    0.0126494    0.0128563    0.0132152
    0.0133873    0.0135045    0.0136582    0.0139734    0.0140120    0.0139882
    0.0144019    0.0148191    0.0149641    0.0152814    0.0153346    0.0158851
    0.0162370    0.0166238    0.0165683    0.0169229    0.0171868    0.0179416
    0.0181315    0.0185218    0.0187916    0.0196193    0.0199714    0.0199658
    0.0204894    0.0207666    0.0212871    0.0217117    0.0225565    0.0222948
    0.0230225    0.0231670    0.0242221    0.0247021    0.0252054    0.0263392
    0.0265239    0.0274103    0.0274793    0.0287252    0.0294537    0.0304039
    0.0314746    0.0318937    0.0333866    0.0340371    0.0356687    0.0368634
    0.0373122    0.0394167    0.0403621    0.0415993    0.0434526    0.0449757
    0.0473801    0.0491775    0.0516209    0.0543205    0.0557672    0.0587579
    0.0615613    0.0652191    0.0689787    0.0730952    0.0770784    0.0819339
    0.0885544    0.0946814     0.102036     0.111596     0.121164     0.133498
     0.147554     0.162312     0.187441     0.223444     0.267843     0.311229
     0.315172     0.281467     0.238680     0.198915     0.173688     0.161085
     0.146725     0.135021     0.127892     0.117659     0.110370     0.106743
    0.0996982    0.0945307    0.0922236    0.0867165    0.0832400    0.0819706
    0.0775425    0.0745274    0.0734988    0.0713990    0.0685083    0.0682259
    0.0667566    0.0640449    0.0632942    0.0621877    0.0608382    0.0602011
    0.0585241    0.0565349    0.0563498    0.0562583    0.0545573    0.0534238
    0.0528382    0.0523494    0.0513013    0.0508411    0.0493931    0.0493018
    0.0483118    0.0472205    0.0474543    0.0471238    0.0464635    0.0461292
    0.0462636    0.0457605    0.0455613    0.0446636    0.0459385    0.0449817
    0.0436510    0.0444125    0.0432484    0.0425394    0.0433457    0.0430495
    0.0426469    0.0424198    0.0429709    0.0426168    0.0418376    0.0418359
    0.0426155    0.0412335    0.0406002    0.0412252    0.0410647    0.0409693
    0.0408658    0.0408708    0.0420978    0.0404127    0.0406719    0.0409691
    0.0415186    0.0405039    0.0404248    0.0395074    0.0402243    0.0406486
    0.0402562    0.0392368    0.0404042    0.0398755    0.0397848    0.0387718
    0.0394037    0.0399054    0.0393633    0.0387786    0.0394724    0.0404731
    0.0390309    0.0375934    0.0376869    0.0390614    0.0391020    0.0393577
    0.0384102    0.0380287    0.0390361    0.0390133    0.0406176    0.0390956
    0.0382156    0.0392582    0.0397505    0.0404950    0.0414102    0.0402550
    0.0397403    0.0406571    0.0404490    0.0407330    0.0411600    0.0406780
    0.0406469    0.0402499    0.0414499    0.0419549    0.0411454    0.0402058
    0.0400846    0.0404389    0.0423407    0.0424720    0.0424267    0.0419928
    0.0429380    0.0413993    0.0412828    0.0414720    0.0421015    0.0428864
    0.0424555    0.0415252    0.0418275    0.0429047    0.0416551    0.0408942
    0.0421333    0.0412395    0.0406316    0.0414732    0.0423070    0.0416268
    0.0418234    0.0429597    0.0420460    0.0406070    0.0435718    0.0412241
    0.0411081    0.0402896    0.0408983    0.0410184    0.0423103    0.0415897
    0.0413121    0.0397962    0.0414929    0.0431193    0.0425353    0.0405921
    0.0408319    0.0408500    0.0403621    0.0387418    0.0392278    0.0389689
    0.0395103    0.0392268    0.0369236    0.0383086    0.0374806    0.0356780
    0.0371715    0.0369739    0.0388192    0.0374460    0.0359017    0.0371457
    0.0362621    0.0356648    0.0344207    0.0337249    0.0306781    0.0306251
    0.0324187    0.0296881    0.0281599    0.0259778    0.0259928    0.0237346
    0.0181079
   0.00189366   0.00197306   0.00203550   0.00211132   0.00220541   0.00233722
   0.00243601   0.00246765   0.00263388   0.00267468   0.00273799   0.00283899
   0.00296808   0.00304993   0.00312774   0.00321120   0.00332183   0.00342922
   0.00355715   0.00368692   0.00374053   0.00379457   0.00389939   0.00397466
   0.00404622   0.00417720   0.00432174   0.00439994   0.00452267   0.00461574
   0.00471863   0.00485886   0.00496163   0.00512062   0.00531358   0.00544931
   0.00551006   0.00549789   0.00554082   0.00570654   0.00583753   0.00594127
   0.00603433   0.00618487   0.00626888   0.00637743   0.00655631   0.00658711
   0.00669952   0.00685110   0.00709391   0.00714135   0.00722153   0.00729457
   0.00728903   0.00747321   0.00764846   0.00777657   0.00799278   0.00801438
   0.00803321   0.00814637   0.00819679   0.00825390   0.00839505   0.00847992
   0.00864501   0.00866855   0.00881776   0.00902322   0.00927723   0.00951141
   0.00953453   0.00941151   0.00966426   0.00998872    0.0102046    0.0103767
    0.0102768    0.0104229    0.0106730    0.0106499    0.0109210    0.0113399
    0.0114690    0.0114314    0.0116253    0.0119215    0.0120811    0.0122375
    0.0123497    0.0125441    0.0127237    0.0129221    0.0130398    0.0132122
    0.0133547    0.0138102    0.0140441    0.0137054    0.0142953    0.0143428
    0.0147508    0.0147728    0.0152975    0.0153764    0.0159519    0.0162213
    0.0162234    0.0164969    0.0165951    0.0170237    0.0174520    0.0176858
    0.0177774    0.0180926    0.0186757    0.0191501    0.0199162    0.0201127
    0.0210892    0.0211519    0.0219180    0.0217974    0.0226653    0.0230006
    0.0240126    0.0243568    0.0252308    0.0250934    0.0257221    0.0263188
    0.0270992    0.0283100    0.0284915    0.0293839    0.0297940    0.0313926
    0.0320626    0.0327299    0.0339036    0.0345717    0.0359898    0.0363770
    0.0378900    0.0393392    0.0406788    0.0421305    0.0438348    0.0455812
    0.0473583    0.0493827    0.0513124    0.0534648    0.0560582    0.0585780
    0.0611768    0.0644181    0.0684628    0.0713829    0.0765405    0.0818312
    0.0868776    0.0945456     0.100040     0.108468     0.119486     0.128525
     0.143305     0.158278     0.179045     0.216775     0.257421     0.294002
     0.304412     0.270624     0.231052     0.194173     0.168737     0.157166
     0.144098     0.132981     0.126282     0.116885     0.109667     0.105460
    0.0988238    0.0944570    0.0908366    0.0862907    0.0834654    0.0808322
    0.0770998    0.0753521    0.0732325    0.0702847    0.0690756    0.0674633
    0.0659979    0.0645505    0.0632643    0.0618312    0.0600463    0.0589599
    0.0580010    0.0573508    0.0564977    0.0562234    0.0557084    0.0538209
    0.0536742    0.0531981    0.0515733    0.0509568    0.0507145    0.0500508
    0.0499419    0.0494819    0.0480173    0.0484000    0.0477980    0.0463825
    0.0465521    0.0460248    0.0453939    0.0450734    0.0455220    0.0447240
    0.0453150    0.0462892    0.0439444    0.0430917    0.0443060    0.0440874
    0.0435155    0.0431534    0.0434376    0.0428451    0.0431400    0.0422878
    0.0422875    0.0420362    0.0423002    0.0422554    0.0419409    0.0417169
    0.0408991    0.0425215    0.0422031    0.0421252    0.0420618    0.0414702
    0.0400109    0.0412007    0.0416407    0.0421500    0.0416321    0.0415613
    0.0423240    0.0420496    0.0416147    0.0422029    0.0424731    0.0412621
    0.0398871    0.0420225    0.0421449    0.0412904    0.0402247    0.0417074
    0.0409021    0.0416538    0.0410993    0.0419858    0.0412487    0.0416963
    0.0409253    0.0407818    0.0406852    0.0403984    0.0395519    0.0404963
    0.0405403    0.0384218    0.0399124    0.0405556    0.0411731    0.0405042
    0.0391397    0.0391752    0.0401801    0.0401274    0.0404224    0.0390981
    0.0388673    0.0400088    0.0401370    0.0396733    0.0401945    0.0388025
    0.0382554    0.0387976    0.0383364    0.0397264    0.0387389    0.0391084
    0.0395054    0.0385883    0.0384122    0.0386474    0.0383894    0.0390919
    0.0397600    0.0396000    0.0390114    0.0387234    0.0387114    0.0401530
    0.0386413    0.0388620    0.0399090    0.0407625    0.0398178    0.0397261
    0.0388137    0.0393232    0.0396626    0.0398752    0.0392482    0.0406757
    0.0407200    0.0401519    0.0396641    0.0403026    0.0406295    0.0389485
    0.0392824    0.0403067    0.0393513    0.0398610    0.0407215    0.0393112
    0.0394558    0.0406556    0.0401922    0.0394757    0.0392480    0.0399411
    0.0375078    0.0369817    0.0380022    0.0372831    0.0370570    0.0367614
    0.0360602    0.0349485    0.0339890    0.0336960    0.0330764    0.0329444
    0.0341101    0.0318630    0.0312535    0.0314801    0.0314821    0.0319169
    0.0318702    0.0305917    0.0303147    0.0277637    0.0268888    0.0257587
    0.0189180
   0.00197423   0.00206804   0.00217409   0.00227715   0.00234820   0.00241244
   0.00250913   0.00261442   0.00269544   0.00277085   0.00285985   0.00295295
   0.00301489   0.00312965   0.00320499   0.00329508   0.00338835   0.00344873
   0.00355270   0.00366361   0.00377281   0.00388989   0.00401780   0.00414113
   0.00425953   0.00431166   0.00441193   0.00460784   0.00467405   0.00480180
   0.00489206   0.00494080   0.00505045   0.00516423   0.00521867   0.00529294
   0.00552302   0.00566824   0.00573720   0.00588978   0.00588029   0.00594637
   0.00613196   0.00638018   0.00654848   0.00658796   0.00663283   0.00668713
   0.00674256   0.00696817   0.00696135   0.00707926   0.00729879   0.00742351
   0.00751681   0.00750209   0.00755213   0.00775863   0.00796462   0.00795875
   0.00803853   0.00815246   0.00833229   0.00847780   0.00866457   0.00881300
   0.00899534   0.00911474   0.00907231   0.00919236   0.00932992   0.00956772
   0.00970771   0.00976352   0.00997304    0.0102106    0.0103112    0.0104721
    0.0104881    0.0106583    0.0108430    0.0109123    0.0111370    0.0112192
    0.0113581    0.0113681    0.0115681    0.0116686    0.0118379    0.0122825
    0.0125329    0.0127567    0.0128382    0.0130034    0.0132007    0.0136680
    0.0138460    0.0139578    0.0138177    0.0141729    0.0143972    0.0146002
    0.0150202    0.0149719    0.0153072    0.0153283    0.0158989    0.0160293
    0.0166261    0.0164632    0.0172448    0.0173284    0.0177237    0.0182936
    0.0190553    0.0191330    0.0199803    0.0201226    0.0208033    0.0207388
    0.0213779    0.0217092    0.0222438    0.0222077    0.0229233    0.0231718
    0.0240951    0.0241674    0.0249394    0.0249119    0.0259317    0.0263025
    0.0273469    0.0282409    0.0287398    0.0294519    0.0303017    0.0308655
    0.0313821    0.0324134    0.0331682    0.0342304    0.0358355    0.0369513
    0.0374563    0.0386026    0.0399830    0.0416902    0.0434042    0.0454749
    0.0468416    0.0492399    0.0512158    0.0533300    0.0563519    0.0583289
    0.0614909    0.0638310    0.0675305    0.0719408    0.0754488    0.0822117
    0.0860861    0.0924089    0.0996999     0.106437     0.117815     0.125684
     0.138310     0.152853     0.170270     0.203965     0.240646     0.274633
     0.282792     0.254413     0.218964     0.185149     0.163920     0.152712
     0.139879     0.131122     0.122959     0.114508     0.109552     0.103704
    0.0988184    0.0947472    0.0903022    0.0866242    0.0839242    0.0794811
    0.0782812    0.0756191    0.0733501    0.0720315    0.0698560    0.0683525
    0.0656369    0.0649425    0.0626086    0.0612980    0.0607742    0.0588902
    0.0580865    0.0575553    0.0563084    0.0559943    0.0561960    0.0537599
    0.0534988    0.0534712    0.0521924    0.0521820    0.0524236    0.0494984
    0.0494963    0.0505434    0.0489210    0.0494892    0.0487888    0.0472105
    0.0472719    0.0476887    0.0474946    0.0468150    0.0472232    0.0462858
    0.0464437    0.0456135    0.0455952    0.0457758    0.0452547    0.0444126
    0.0448849    0.0451111    0.0451983    0.0451760    0.0447152    0.0448717
    0.0442237    0.0422543    0.0431229    0.0421986    0.0420613    0.0430291
    0.0432668    0.0415698    0.0420474    0.0419260    0.0412998    0.0410665
    0.0408090    0.0406101    0.0407613    0.0413089    0.0404398    0.0412271
    0.0402986    0.0392356    0.0398607    0.0395811    0.0405261    0.0398419
    0.0392949    0.0403595    0.0400883    0.0403896    0.0394881    0.0393942
    0.0389814    0.0391667    0.0392751    0.0396002    0.0398922    0.0401448
    0.0388660    0.0375059    0.0368537    0.0376785    0.0384810    0.0389044
    0.0389142    0.0390019    0.0387155    0.0380308    0.0384278    0.0389404
    0.0391821    0.0387664    0.0371108    0.0380384    0.0384504    0.0392341
    0.0392268    0.0391068    0.0379670    0.0387393    0.0395628    0.0384204
    0.0384316    0.0379142    0.0385780    0.0397061    0.0401794    0.0394115
    0.0388448    0.0398633    0.0399131    0.0390247    0.0382436    0.0384584
    0.0395881    0.0390261    0.0389220    0.0392551    0.0390081    0.0398955
    0.0393875    0.0381709    0.0385575    0.0388924    0.0389292    0.0403806
    0.0421948    0.0405846    0.0392924    0.0388979    0.0389786    0.0407384
    0.0394904    0.0391015    0.0401617    0.0408170    0.0401980    0.0396409
    0.0393931    0.0388590    0.0397402    0.0411693    0.0396376    0.0376310
    0.0380715    0.0396782    0.0394848    0.0387795    0.0378816    0.0372140
    0.0377811    0.0379361    0.0375301    0.0368062    0.0370622    0.0362033
    0.0364424    0.0348314    0.0354247    0.0343274    0.0328579    0.0328487
    0.0331311    0.0312731    0.0301960    0.0301536    0.0301032    0.0286747
    0.0273413    0.0265094    0.0267660    0.0263986    0.0247968    0.0229206
    0.0187266
   0.00204313   0.00212773   0.00224384   0.00234781   0.00240103   0.00252688
   0.00258203   0.00265072   0.00273005   0.00280976   0.00294656   0.00303452
   0.00312671   0.00319452   0.00328830   0.00337235   0.00346254   0.00367987
   0.00377387   0.00387641   0.00398751   0.00400350   0.00413832   0.00428989
   0.00443789   0.00455767   0.00466785   0.00471238   0.00477772   0.00490004
   0.00490644   0.00498770   0.00516692   0.00522252   0.00534277   0.00551810
   0.00569083   0.00577716   0.00591303   0.00603611   0.00612745   0.00614146
   0.00625549   0.00639055   0.00650178   0.00665461   0.00673539   0.00678706
   0.00682941   0.00706226   0.00707633   0.00719630   0.00725788   0.00746069
   0.00748397   0.00747594   0.00779293   0.00802682   0.00815933   0.00836302
   0.00839219   0.00840661   0.00850924   0.00865454   0.00869816   0.00884094
   0.00904218   0.00916437   0.00933857   0.00937106   0.00957114   0.00956762
   0.00972855   0.00994630    0.0100277    0.0101833    0.0104052    0.0105490
    0.0106259    0.0106734    0.0108791    0.0112324    0.0113313    0.0115164
    0.0117354    0.0118217    0.0118590    0.0122508    0.0122697    0.0123033
    0.0123768    0.0124874    0.0127825    0.0130762    0.0133135    0.0135254
    0.0138307    0.0140754    0.0141722    0.0144717    0.0146904    0.0150284
    0.0151184    0.0155060    0.0156637    0.0159250    0.0161844    0.0162096
    0.0170630    0.0171758    0.0181496    0.0180157    0.0181686    0.0183702
    0.0190281    0.0190587    0.0196065    0.0201439    0.0200744    0.0203206
    0.0208230    0.0213613    0.0216929    0.0223386    0.0226525    0.0230280
    0.0235840    0.0243924    0.0246217    0.0252449    0.0261605    0.0266765
    0.0274644    0.0280686    0.0289643    0.0296427    0.0301479    0.0305400
    0.0315804    0.0327527    0.0332384    0.0343902    0.0354218    0.0368898
    0.0378400    0.0388030    0.0399016    0.0418890    0.0430005    0.0445070
    0.0466164    0.0485270    0.0510881    0.0525529    0.0551452    0.0570853
    0.0606414    0.0637574    0.0665947    0.0711675    0.0745566    0.0806470
    0.0848652    0.0919731    0.0983376     0.105012     0.115758     0.123735
     0.136276     0.148735     0.166846     0.195451     0.228606     0.261248
     0.264818     0.244115     0.209245     0.178931     0.161451     0.147864
     0.137984     0.129570     0.121347     0.113699     0.108290     0.101776
    0.0966658    0.0932782    0.0880443    0.0858336    0.0830233    0.0795747
    0.0782656    0.0746979    0.0733686    0.0723111    0.0698861    0.0692247
    0.0669779    0.0657190    0.0655071    0.0632110    0.0628583    0.0608941
    0.0588820    0.0593769    0.0582173    0.0573992    0.0572578    0.0551396
    0.0544607    0.0535410    0.0525308    0.0530965    0.0521873    0.0508710
    0.0510641    0.0500082    0.0490314    0.0498541    0.0494088    0.0480842
    0.0470584    0.0471770    0.0468870    0.0464428    0.0451953    0.0452685
    0.0446354    0.0449645    0.0455392    0.0450429    0.0445241    0.0427545
    0.0434355    0.0428627    0.0417376    0.0422480    0.0418522    0.0410422
    0.0419496    0.0415647    0.0412067    0.0413296    0.0411625    0.0403665
    0.0406855    0.0399343    0.0403225    0.0408774    0.0406827    0.0407520
    0.0404966    0.0399010    0.0393324    0.0397045    0.0392459    0.0383475
    0.0387060    0.0390002    0.0396286    0.0399870    0.0390620    0.0385215
    0.0390858    0.0395525    0.0399508    0.0395543    0.0395469    0.0396579
    0.0394126    0.0392324    0.0392824    0.0398067    0.0399030    0.0388300
    0.0377700    0.0384766    0.0385971    0.0374734    0.0376536    0.0378836
    0.0380115    0.0380036    0.0386143    0.0378637    0.0377032    0.0381607
    0.0382586    0.0389577    0.0391927    0.0388823    0.0382961    0.0381725
    0.0376203    0.0381200    0.0387215    0.0380526    0.0367543    0.0378921
    0.0391083    0.0385243    0.0376876    0.0388642    0.0381966    0.0383328
    0.0379330    0.0375867    0.0371448    0.0377747    0.0372427    0.0376011
    0.0392309    0.0382273    0.0386025    0.0397847    0.0390630    0.0388959
    0.0394734    0.0388603    0.0373812    0.0370808    0.0377001    0.0373817
    0.0383380    0.0386579    0.0375769    0.0363745    0.0381736    0.0385448
    0.0383241    0.0390951    0.0391596    0.0382234    0.0379531    0.0386475
    0.0387266    0.0384673    0.0394822    0.0407761    0.0396114    0.0382269
    0.0390322    0.0386377    0.0377130    0.0373578    0.0376999    0.0375988
    0.0357357    0.0350826    0.0366606    0.0365531    0.0354315    0.0368944
    0.0375730    0.0364983    0.0343784    0.0332438    0.0336831    0.0354534
    0.0362063    0.0353872    0.0330316    0.0314720    0.0306516    0.0305593
    0.0293658    0.0303774    0.0298190    0.0275709    0.0265221    0.0238541
    0.0200402
   0.00215065   0.00223085   0.00229171   0.00240879   0.00250693   0.00263106
   0.00270727   0.00274536   0.00281651   0.00288731   0.00298100   0.00311515
   0.00319835   0.00330500   0.00342972   0.00354469   0.00366122   0.00376687
   0.00389553   0.00396702   0.00402526   0.00405208   0.00418137   0.00434202
   0.00445149   0.00447241   0.00459891   0.00478154   0.00493975   0.00504556
   0.00515908   0.00524326   0.00535572   0.00543574   0.00561059   0.00573010
   0.00578915   0.00589846   0.00591965   0.00608885   0.00622321   0.00630945
   0.00643503   0.00659244   0.00661990   0.00670407   0.00674747   0.00677107
   0.00703753   0.00729214   0.00741704   0.00753570   0.00751688   0.00758307
   0.00766243   0.00790707   0.00794448   0.00796358   0.00798913   0.00815053
   0.00841342   0.00837497   0.00852806   0.00874182   0.00897594   0.00910104
   0.00910388   0.00916851   0.00937481   0.00972794   0.00978238   0.00974718
   0.00971016    0.0100167    0.0102611    0.0102929    0.0105150    0.0107248
    0.0107812    0.0109573    0.0110010    0.0111419    0.0113623    0.0114954
    0.0116557    0.0119717    0.0120420    0.0121406    0.0121773    0.0124180
    0.0127391    0.0131465    0.0133531    0.0138413    0.0137933    0.0138555
    0.0141272    0.0140431    0.0144035    0.0144205    0.0144768    0.0150377
    0.0150792    0.0156835    0.0158330    0.0158364    0.0163476    0.0163345
    0.0168686    0.0168530    0.0173348    0.0176415    0.0179866    0.0185585
    0.0186680    0.0194504    0.0195861    0.0198938    0.0203084    0.0212476
    0.0211998    0.0220719    0.0223729    0.0226559    0.0230490    0.0237581
    0.0242220    0.0247237    0.0250167    0.0255007    0.0261770    0.0270674
    0.0273046    0.0280464    0.0285697    0.0294228    0.0298860    0.0307140
    0.0315873    0.0325537    0.0335303    0.0345718    0.0353247    0.0365385
    0.0379711    0.0390997    0.0408537    0.0414602    0.0435052    0.0447994
    0.0472348    0.0485270    0.0516397    0.0526255    0.0554601    0.0577645
    0.0610763    0.0640703    0.0677034    0.0711798    0.0740776    0.0795212
    0.0835091    0.0901254    0.0956369     0.103571     0.111715     0.121063
     0.131631     0.143016     0.158755     0.183709     0.216047     0.242398
     0.248861     0.230785     0.200261     0.173996     0.158352     0.145958
     0.137774     0.128466     0.120942     0.115238     0.107326     0.103153
    0.0971164    0.0937690    0.0902228    0.0862104    0.0838344    0.0794239
    0.0781816    0.0755613    0.0725039    0.0716016    0.0687747    0.0685633
    0.0662246    0.0647789    0.0636759    0.0614493    0.0617392    0.0597443
    0.0580358    0.0579258    0.0566531    0.0560182    0.0551470    0.0543667
    0.0526016    0.0522170    0.0519504    0.0514070    0.0509311    0.0500606
    0.0496428    0.0486835    0.0480149    0.0483162    0.0477580    0.0473983
    0.0467504    0.0464023    0.0462495    0.0448785    0.0451079    0.0444223
    0.0442585    0.0448422    0.0436438    0.0433185    0.0438479    0.0426290
    0.0436030    0.0438625    0.0425351    0.0425113    0.0422939    0.0416735
    0.0418284    0.0415376    0.0416119    0.0412703    0.0411625    0.0413630
    0.0413249    0.0409617    0.0408150    0.0403852    0.0400520    0.0396113
    0.0400981    0.0398005    0.0390745    0.0395044    0.0393978    0.0386570
    0.0390094    0.0381788    0.0389732    0.0396571    0.0384103    0.0393964
    0.0388103    0.0379029    0.0379614    0.0383435    0.0391026    0.0396788
    0.0393364    0.0384578    0.0387330    0.0387530    0.0390369    0.0391108
    0.0386158    0.0392027    0.0386449    0.0386591    0.0391215    0.0382855
    0.0376825    0.0375278    0.0372204    0.0371777    0.0367594    0.0364855
    0.0364384    0.0359341    0.0374110    0.0373905    0.0373611    0.0378547
    0.0375216    0.0370635    0.0374490    0.0375256    0.0371123    0.0368225
    0.0366159    0.0368222    0.0369035    0.0368836    0.0373872    0.0365824
    0.0360614    0.0368836    0.0376840    0.0382515    0.0386759    0.0381012
    0.0377342    0.0380690    0.0387357    0.0402011    0.0411160    0.0413783
    0.0420013    0.0420290    0.0413145    0.0406344    0.0413879    0.0419908
    0.0413447    0.0421832    0.0428445    0.0436213    0.0449709    0.0430146
    0.0432435    0.0421547    0.0439386    0.0422976    0.0416050    0.0422439
    0.0426686    0.0416081    0.0416824    0.0426967    0.0432104    0.0434155
    0.0424029    0.0417292    0.0415094    0.0406308    0.0401593    0.0403205
    0.0388412    0.0391988    0.0383994    0.0387077    0.0383131    0.0365803
    0.0349425    0.0342241    0.0334154    0.0326655    0.0326192    0.0309730
    0.0307727    0.0323427    0.0308056    0.0294018    0.0283120    0.0279486
    0.0263104    0.0256793    0.0252847    0.0247704    0.0221949    0.0203736
    0.0175600
   0.00224397   0.00234328   0.00241418   0.00243598   0.00250425   0.00263938
   0.00275817   0.00286387   0.00292185   0.00304329   0.00314510   0.00322066
   0.00328560   0.00341766   0.00353219   0.00364856   0.00370249   0.00378860
   0.00387349   0.00397431   0.00411105   0.00412503   0.00421662   0.00432195
   0.00451242   0.00467895   0.00478108   0.00491596   0.00501704   0.00510897
   0.00527755   0.00537021   0.00534777   0.00545362   0.00559775   0.00563332
   0.00567529   0.00578964   0.00589128   0.00601081   0.00616231   0.00630899
   0.00651668   0.00668997   0.00682462   0.00677031   0.00687987   0.00706746
   0.00719305   0.00725526   0.00733035   0.00740572   0.00759247   0.00768656
   0.00774714   0.00801907   0.00816642   0.00821279   0.00818708   0.00843842
   0.00856156   0.00865064   0.00868759   0.00883805   0.00901571   0.00901196
   0.00907970   0.00915079   0.00943149   0.00979191   0.00978963   0.00973277
   0.00992628    0.0102961    0.0102991    0.0102164    0.0105303    0.0107695
    0.0110133    0.0111300    0.0111845    0.0114732    0.0118923    0.0118092
    0.0118187    0.0119726    0.0121691    0.0125308    0.0127917    0.0127619
    0.0130731    0.0131663    0.0131466    0.0136323    0.0136246    0.0135799
    0.0141676    0.0142411    0.0145865    0.0145882    0.0147476    0.0149851
    0.0151590    0.0154620    0.0156693    0.0159000    0.0165118    0.0166855
    0.0170371    0.0176245    0.0175343    0.0176689    0.0183458    0.0186681
    0.0189867    0.0192488    0.0199551    0.0203183    0.0205683    0.0207592
    0.0212244    0.0217306    0.0220263    0.0226594    0.0231446    0.0234296
    0.0238702    0.0241738    0.0249065    0.0252868    0.0259655    0.0266130
    0.0277156    0.0276815    0.0288789    0.0294910    0.0307258    0.0312313
    0.0325098    0.0326384    0.0337594    0.0345576    0.0354930    0.0364375
    0.0380965    0.0387580    0.0401304    0.0415708    0.0432490    0.0446282
    0.0472882    0.0485664    0.0513049    0.0525028    0.0558552    0.0578650
    0.0616526    0.0635834    0.0671398    0.0707364    0.0750701    0.0798623
    0.0845956    0.0901523    0.0965083     0.103421     0.110973     0.119670
     0.128361     0.139350     0.154738     0.174192     0.202983     0.222284
     0.229750     0.213539     0.190384     0.166208     0.151268     0.140745
     0.131325     0.125134     0.116654     0.112428     0.105088     0.101257
    0.0953832    0.0919473    0.0881266    0.0838262    0.0823490    0.0788036
    0.0771296    0.0737695    0.0720788    0.0693812    0.0672483    0.0664092
    0.0646180    0.0634503    0.0626407    0.0611366    0.0594692    0.0587687
    0.0578079    0.0574437    0.0560176    0.0556999    0.0543976    0.0537788
    0.0530248    0.0526013    0.0524719    0.0507213    0.0507385    0.0496239
    0.0490948    0.0491160    0.0481315    0.0486312    0.0477635    0.0481217
    0.0474605    0.0463710    0.0465818    0.0456399    0.0454981    0.0451923
    0.0446142    0.0451235    0.0440828    0.0443116    0.0436183    0.0431977
    0.0423658    0.0427470    0.0423180    0.0418652    0.0423243    0.0420938
    0.0412122    0.0405529    0.0408364    0.0402289    0.0397898    0.0399296
    0.0395050    0.0404191    0.0404140    0.0399883    0.0401597    0.0397023
    0.0403525    0.0402405    0.0394153    0.0388419    0.0385728    0.0388967
    0.0395248    0.0384503    0.0386953    0.0385195    0.0384690    0.0382262
    0.0378686    0.0378178    0.0381171    0.0380178    0.0377567    0.0379840
    0.0379927    0.0378898    0.0378954    0.0375434    0.0380142    0.0374261
    0.0370247    0.0373748    0.0373653    0.0383982    0.0404708    0.0400987
    0.0417298    0.0416748    0.0410932    0.0407313    0.0408533    0.0418081
    0.0413762    0.0408865    0.0399256    0.0402389    0.0417895    0.0423306
    0.0423392    0.0410983    0.0406812    0.0418204    0.0410718    0.0414367
    0.0415197    0.0404809    0.0417891    0.0420779    0.0410945    0.0402150
    0.0398653    0.0415227    0.0419608    0.0410238    0.0415617    0.0410404
    0.0401332    0.0402090    0.0394949    0.0387255    0.0386487    0.0378159
    0.0377750    0.0375524    0.0369540    0.0376915    0.0378655    0.0370022
    0.0368881    0.0374734    0.0376512    0.0379519    0.0379663    0.0380591
    0.0375314    0.0374223    0.0384140    0.0383694    0.0381100    0.0380272
    0.0370754    0.0369401    0.0364319    0.0375841    0.0368669    0.0366255
    0.0369462    0.0373448    0.0369558    0.0366595    0.0364234    0.0355532
    0.0356349    0.0340291    0.0336692    0.0345320    0.0359889    0.0358903
    0.0345999    0.0337025    0.0322970    0.0321635    0.0320095    0.0327024
    0.0332107    0.0326236    0.0314011    0.0308066    0.0291179    0.0294378
    0.0279554    0.0276937    0.0277027    0.0256478    0.0234625    0.0207544
    0.0185058
   0.00227263   0.00236955   0.00246209   0.00250438   0.00272400   0.00281358
   0.00285379   0.00292068   0.00301820   0.00310165   0.00317725   0.00326888
   0.00337133   0.00348391   0.00357703   0.00360815   0.00371645   0.00383701
   0.00396784   0.00404267   0.00416169   0.00440455   0.00443802   0.00451277
   0.00459499   0.00466615   0.00477117   0.00493063   0.00502296   0.00510160
   0.00525920   0.00537973   0.00542610   0.00543513   0.00559796   0.00570435
   0.00592925   0.00608581   0.00619032   0.00618414   0.00619802   0.00641142
   0.00652336   0.00659154   0.00665066   0.00680440   0.00696609   0.00712447
   0.00724273   0.00731858   0.00737386   0.00754288   0.00768808   0.00785580
   0.00792234   0.00799802   0.00812842   0.00808524   0.00832572   0.00854796
   0.00858252   0.00866254   0.00889454   0.00897184   0.00914271   0.00915900
   0.00935626   0.00949838   0.00963248   0.00971157   0.00989995   0.00996490
    0.0102018    0.0104997    0.0106892    0.0106788    0.0107479    0.0107893
    0.0111260    0.0113597    0.0114442    0.0116910    0.0116202    0.0117182
    0.0119793    0.0119804    0.0122433    0.0123190    0.0124103    0.0124821
    0.0128511    0.0129790    0.0132876    0.0135539    0.0136695    0.0135685
    0.0139449    0.0142358    0.0146747    0.0147298    0.0148683    0.0152442
    0.0155372    0.0157671    0.0160025    0.0159812    0.0161717    0.0164104
    0.0167461    0.0172088    0.0174754    0.0178736    0.0179330    0.0184458
    0.0189377    0.0194243    0.0198167    0.0203791    0.0205023    0.0209802
    0.0218807    0.0219843    0.0224150    0.0226418    0.0233379    0.0237850
    0.0238575    0.0248491    0.0253455    0.0260899    0.0262086    0.0265318
    0.0276867    0.0276320    0.0291003    0.0291213    0.0306295    0.0312612
    0.0319932    0.0324037    0.0337872    0.0349587    0.0362742    0.0371377
    0.0385381    0.0399583    0.0407580    0.0427384    0.0440311    0.0456580
    0.0472604    0.0491072    0.0505533    0.0525486    0.0547586    0.0574016
    0.0602561    0.0629903    0.0661753    0.0694982    0.0734492    0.0769294
    0.0829338    0.0872380    0.0941337    0.0998530     0.108767     0.114546
     0.125186     0.133860     0.148857     0.164443     0.189876     0.206588
     0.214308     0.199413     0.180358     0.159517     0.146111     0.135378
     0.127500     0.120792     0.113728     0.107748     0.102572    0.0982091
    0.0931547    0.0896711    0.0859146    0.0832435    0.0810060    0.0781844
    0.0756677    0.0734516    0.0718976    0.0694215    0.0679769    0.0664428
    0.0647681    0.0638509    0.0617559    0.0616731    0.0599023    0.0596338
    0.0580591    0.0579241    0.0562362    0.0556461    0.0549499    0.0538750
    0.0535096    0.0520321    0.0522236    0.0509714    0.0510035    0.0495246
    0.0491358    0.0489731    0.0481434    0.0476642    0.0466605    0.0461631
    0.0461396    0.0460219    0.0459298    0.0454432    0.0449316    0.0438207
    0.0437919    0.0441594    0.0433908    0.0437341    0.0428870    0.0425408
    0.0423780    0.0420619    0.0412840    0.0410350    0.0418548    0.0414320
    0.0415822    0.0408306    0.0400457    0.0402624    0.0403830    0.0405262
    0.0397042    0.0393900    0.0396186    0.0401772    0.0398752    0.0399934
    0.0404621    0.0421071    0.0416761    0.0423803    0.0424863    0.0420636
    0.0418558    0.0415162    0.0435124    0.0425281    0.0413795    0.0416612
    0.0418061    0.0415641    0.0415460    0.0419786    0.0413229    0.0417788
    0.0429380    0.0433836    0.0431641    0.0415881    0.0406847    0.0399832
    0.0404075    0.0413857    0.0395805    0.0391974    0.0390748    0.0368569
    0.0368282    0.0367160    0.0368725    0.0375271    0.0365006    0.0369091
    0.0370094    0.0367398    0.0367414    0.0367276    0.0373981    0.0370940
    0.0359585    0.0357293    0.0367582    0.0373180    0.0366767    0.0362481
    0.0363923    0.0363118    0.0361710    0.0368067    0.0369181    0.0368350
    0.0358730    0.0366025    0.0366498    0.0369221    0.0368120    0.0367442
    0.0366632    0.0365985    0.0364822    0.0365430    0.0361629    0.0358892
    0.0366575    0.0361199    0.0373034    0.0384630    0.0375810    0.0368457
    0.0376387    0.0387187    0.0374141    0.0376888    0.0372539    0.0370587
    0.0376821    0.0372658    0.0384192    0.0395725    0.0384273    0.0383265
    0.0388253    0.0384570    0.0391084    0.0393261    0.0377605    0.0366616
    0.0370285    0.0366257    0.0361430    0.0366070    0.0372942    0.0362233
    0.0365779    0.0361434    0.0352895    0.0352394    0.0346105    0.0327501
    0.0329521    0.0327700    0.0328464    0.0327235    0.0307123    0.0302361
    0.0303382    0.0298435    0.0295375    0.0285366    0.0272311    0.0268710
    0.0255029    0.0234641    0.0222992    0.0221691    0.0210760    0.0196191
    0.0182843
   0.00233534   0.00244100   0.00254317   0.00262370   0.00272376   0.00278828
   0.00288344   0.00296789   0.00305274   0.00314538   0.00321347   0.00333246
   0.00345414   0.00355129   0.00368990   0.00380112   0.00389910   0.00396407
   0.00402664   0.00416253   0.00427059   0.00436905   0.00449356   0.00452483
   0.00452354   0.00469590   0.00487891   0.00494561   0.00504180   0.00517229
   0.00533039   0.00542242   0.00551729   0.00566823   0.00575665   0.00586371
   0.00591478   0.00606035   0.00622294   0.00627700   0.00636694   0.00649959
   0.00654860   0.00667887   0.00687501   0.00709149   0.00710270   0.00724852
   0.00730146   0.00739944   0.00746325   0.00763722   0.00775258   0.00779383
   0.00789421   0.00804814   0.00828690   0.00835419   0.00848360   0.00858724
   0.00875421   0.00902172   0.00899672   0.00903602   0.00938809   0.00959747
   0.00950819   0.00955979   0.00959493   0.00971814   0.00998657    0.0101191
    0.0102053    0.0104268    0.0105333    0.0105869    0.0107295    0.0110470
    0.0110905    0.0111174    0.0113274    0.0115170    0.0115930    0.0118983
    0.0122006    0.0123298    0.0123714    0.0126112    0.0128751    0.0126105
    0.0128838    0.0132918    0.0134820    0.0137263    0.0138493    0.0138698
    0.0140068    0.0144108    0.0146372    0.0149436    0.0150884    0.0151783
    0.0153126    0.0156943    0.0160238    0.0161485    0.0166038    0.0169578
    0.0171965    0.0177129    0.0177424    0.0180950    0.0185150    0.0189928
    0.0193396    0.0196566    0.0197463    0.0206063    0.0204402    0.0210865
    0.0217603    0.0218248    0.0222934    0.0227113    0.0235294    0.0242259
    0.0241614    0.0253966    0.0255601    0.0262867    0.0268221    0.0275748
    0.0283985    0.0284154    0.0297936    0.0300349    0.0310493    0.0311815
    0.0318536    0.0328473    0.0337562    0.0347782    0.0354875    0.0366634
    0.0378744    0.0393467    0.0406129    0.0415548    0.0432040    0.0449895
    0.0467661    0.0485741    0.0497366    0.0521552    0.0540488    0.0566841
    0.0589668    0.0621913    0.0648916    0.0679077    0.0714374    0.0749621
    0.0802007    0.0844644    0.0913927    0.0962586     0.104273     0.110502
     0.119916     0.127734     0.141377     0.156805     0.178494     0.193835
     0.199823     0.188807     0.171305     0.154561     0.142253     0.132622
     0.125586     0.118997     0.112408     0.107107     0.102237    0.0977201
    0.0930809    0.0892583    0.0856214    0.0828668    0.0798143    0.0773910
    0.0747755    0.0731726    0.0706383    0.0691843    0.0668696    0.0655914
    0.0641821    0.0630312    0.0608470    0.0600115    0.0590629    0.0584367
    0.0570566    0.0559870    0.0552235    0.0542255    0.0532546    0.0526126
    0.0520373    0.0512947    0.0507017    0.0495026    0.0493569    0.0481139
    0.0484838    0.0477613    0.0476920    0.0466837    0.0469689    0.0461062
    0.0458717    0.0454885    0.0456975    0.0455067    0.0459150    0.0461463
    0.0465581    0.0471740    0.0464711    0.0463792    0.0465874    0.0467627
    0.0455171    0.0450653    0.0458100    0.0460746    0.0458134    0.0446954
    0.0444595    0.0440145    0.0440728    0.0446274    0.0442894    0.0437494
    0.0433508    0.0434739    0.0428086    0.0426215    0.0413373    0.0413034
    0.0399903    0.0390225    0.0382337    0.0380500    0.0377964    0.0382852
    0.0384994    0.0378637    0.0375575    0.0375106    0.0374259    0.0377803
    0.0376325    0.0375287    0.0374522    0.0372514    0.0378823    0.0387983
    0.0372485    0.0371636    0.0364027    0.0365578    0.0355941    0.0366039
    0.0366876    0.0363772    0.0363766    0.0364462    0.0362172    0.0360462
    0.0364342    0.0362665    0.0362341    0.0365273    0.0352326    0.0362253
    0.0365751    0.0371044    0.0365917    0.0368528    0.0365020    0.0376941
    0.0379309    0.0375165    0.0372063    0.0371170    0.0367987    0.0378175
    0.0378945    0.0381706    0.0373955    0.0373620    0.0377601    0.0373793
    0.0370302    0.0366874    0.0367497    0.0369939    0.0365616    0.0367689
    0.0365369    0.0372248    0.0366886    0.0362106    0.0366034    0.0367141
    0.0365846    0.0371170    0.0365761    0.0366886    0.0359169    0.0357780
    0.0349262    0.0353866    0.0358214    0.0362258    0.0347351    0.0345717
    0.0341002    0.0343761    0.0343149    0.0339651    0.0347153    0.0333280
    0.0337040    0.0335814    0.0339349    0.0338127    0.0332747    0.0337614
    0.0348247    0.0344723    0.0337821    0.0344821    0.0335420    0.0334180
    0.0333802    0.0322096    0.0323243    0.0335725    0.0332216    0.0343835
    0.0347308    0.0352193    0.0392739    0.0395630    0.0383932    0.0386949
    0.0428370    0.0419448    0.0453174    0.0466729    0.0425041    0.0467516
    0.0500268    0.0493624    0.0476672    0.0493274    0.0484534    0.0488283
    0.0476329
