,FoM,CMA iteration,charge (#1),epsilon (#2),sigma (#3),epsilon (#8),sigma (#9),charge (#4),epsilon (#5),sigma (#6)
0,45.657566652417565,1,-0.4,15.0,1.35,6.0,3.6,0.5,18.0,2.35
1,18.66089954434591,1,-0.8183215393468396,11.148748424555064,2.342000051636033,18.206583704960284,2.0698260182377775,0.8419206962048168,20.189712135397343,1.8272114044357322
2,15.183780132107257,1,-0.5728698522936313,25.29298390013287,1.5004079673225257,5.408610750635724,3.453395864852666,0.12977822481924034,21.706798634682855,2.923655590249248
3,7.235887374221134,1,-0.5713770419476352,11.36221316872772,1.2377112685475884,4.164971162739915,3.443873682719642,0.011976320645604333,29.276269578611277,2.3218680202595636
4,12.456204750914011,1,-0.13075289797980102,15.409662810543836,1.6338086130201193,3.2640916374028635,3.9539669896159233,0.6286041375532698,7.49420701627268,2.4806709004083265
5,38.758915427433365,1,-0.5793000914825269,18.33041862451796,2.796749459630371,7.542617310708257,3.982322835721805,0.4112157744874909,16.832427758906945,3.7527065591364877
6,40.097454860370725,1,-0.3131487512043709,16.295097575076927,1.4209748519343797,3.81992648996754,3.1623664604726724,0.18294552466620434,18.253027107239493,3.912014264618285
7,10.77074161544773,1,-0.8053520506165581,11.569541709598067,1.2673071096725397,12.366102548928865,3.0431262047133933,-0.13043729642290192,17.392241428699446,2.568338521721076
8,11.84837885421297,1,-0.6625796828548659,19.58597670656497,1.5877834742629577,5.888197889047071,2.55838276864047,0.3292632644438702,23.297906151382506,2.9950821526814373
9,85.01301852854813,1,-0.28653289035859586,6.458014815797547,1.8896553721684801,11.54049144380862,3.886547666690725,0.17412471068792384,15.114272215596358,3.218558452886855
10,68.46522159257022,1,-0.31003440870756516,18.475352685412517,1.7699775283986172,5.652576736265702,3.940946246019207,0.5276618885429863,29.861715249714127,2.0489974221002294
11,8.94615943855289,1,-0.39631539480486244,23.92887952298966,1.0248670527901116,8.79659951887011,3.6756019054785383,-0.19582636827800576,11.998950463350903,1.561594617339475
12,8.774663435320905,1,-0.2881343984397903,20.773600011095738,1.121789628566421,3.940306160534967,3.233421966596124,0.6011095586195772,15.440100802379092,2.5483861470654423
13,7.019241465707321,1,-0.15022185044449493,4.261989935596471,1.2645542844007411,7.9199799953894825,1.8400779163590517,0.17812327372804881,11.14328248175492,2.721522213951833
14,64.60083764167113,1,-0.8368648482914063,22.207034446089565,1.8906223606031467,12.040316750682502,3.9854036421955437,0.6867610316023558,14.898125259921734,1.1439310294113045
15,39.58903358614448,1,-0.4835987331445342,14.04073066694732,3.4585175809483073,7.4963075953664555,3.9992639184698624,-0.19830835246367623,20.473367837266444,2.852414777492789
16,34.26503460087952,1,-0.3699182162901706,17.045127060081306,1.8848176574361744,10.420706554333234,3.2137815006438823,0.8686298733057132,17.957682413520043,1.8645229706593334
17,24.087691696381814,2,-0.9189048223212655,14.236614735079105,1.0827018166976634,7.874798461031871,3.040939409794101,-0.13912077882404436,22.851723057857036,3.646211790813978
18,39.83922326023785,2,-0.18529114216537246,16.062767586400593,2.778473472462542,18.191158640471304,2.7327250214897263,0.18679671895826597,10.385903961819194,2.924486738679443
19,291.4595463040224,2,-0.6461020714020529,18.595033225749688,2.485077581732199,12.29077380291797,3.8810444355393536,0.21637156391568602,14.563716002084124,1.3934095710331884
20,45.87923860076908,2,-0.10092575381600193,9.00866483016658,1.4701478546881228,13.24938203900951,3.951567035891967,1.1942542480680745,9.029144632711375,2.2724095340516555
21,59.16756664733791,2,-0.6244441047915033,3.5446141758044734,2.598624311130718,8.100479486275656,2.3966741956697524,0.8428669400516001,20.206278378015924,2.823177714523676
22,14.804322269468017,2,-0.6848334018459288,12.168995610354878,1.5524296811981377,9.335644387992826,2.549325551751041,0.10282483098781492,17.03254822228558,3.333204426340223
23,40.46208838438296,2,-0.37114335586609626,8.098219205249226,2.8144199851388603,12.009175919439084,3.2601309939912415,0.2459528566930233,24.467798178861436,3.205506898336251
24,12.349385026197293,2,-0.9649030764942053,16.01375579034945,1.0158633957120702,3.167062969188582,3.1937649299248263,-0.19480019195271775,26.922130739709488,2.746925965102113
25,38.97572141093236,2,-0.5549692490058891,9.753474545771732,2.8316155576534214,8.473547028058118,2.1394258860053146,-0.1999994828850095,25.698502164817008,3.2859910036299196
26,31.128632688184965,2,-0.10064841309285624,3.036132067900959,2.459601369168869,12.925605230971737,2.8471333551732885,-0.006332229313020299,11.156546612815351,2.7979752722475792
27,39.00085668359017,2,-0.3924438066999315,8.106539957025337,1.6452031957483073,12.826784836607237,2.6586787906834384,0.6004710604113537,15.187770201579987,3.7281719900096664
28,69.93488823908731,2,-0.4145926235173919,18.659416547365588,1.6588357952839443,10.78098021893312,3.785927104990363,-0.12874475829762302,22.998389260952816,3.2936662361606874
29,47.830876952476785,2,-1.011028626308669,9.378811556550584,2.0606575223563546,9.193923558454701,3.665917197993785,0.6899372373789753,16.273864809413872,2.366115086780201
30,8.959112669444133,2,-0.5255966654225832,9.766335375012293,1.8573050407611464,7.282864697933677,2.6234299699459265,-0.19629314650553684,8.03374094731653,1.2324305561142126
31,197.9889687892339,2,-0.43521291381794924,13.864531556091405,2.695617219950047,5.360729981588812,3.2255418973987555,0.03383557517387735,18.151236876319334,2.2679405640592925
32,39.50948548369756,2,-0.456964466764636,3.0498463755147367,2.575285636204542,9.630501319770413,3.7626644482554847,0.7514005685297817,12.322920497779698,3.544165113386335
33,16.024056358747202,3,-0.9732368630285944,3.8924218927238208,2.3545943290337354,11.275837530860525,1.4881698460901358,0.21835493620571156,8.52874115080381,2.0001681571613577
34,26.531985140662115,3,-0.6426518144642934,18.38323451291192,1.876313983108347,8.679840029978937,2.186392772214437,-0.17256110953882875,24.455409083614164,2.2677610117693416
35,39.23279572956533,3,-0.8459324096494178,6.465357707924659,2.066656529554435,4.058404365335894,3.639936757694901,0.06156302403846885,24.56343849863367,3.5837860850898275
36,36.46862706979911,3,-0.451566945640274,11.06925588292874,1.4643396102298256,8.107460726721929,3.7326145424215915,0.17674682216022825,9.340637983273979,3.652651251116832
37,26.569111568615856,3,-1.0996631719919203,20.29868427127579,1.7121033403357395,5.374997386477925,3.338408654856629,0.5627323866602871,24.02231402465999,2.265166568598226
38,39.19273072854051,3,-0.9808259629387425,19.154731727445622,2.2824957737650253,9.167957272310034,3.6605695212301956,0.03448276478210803,19.883894109874078,3.7590733615111933
39,13.114623575066762,3,-0.4560189044297188,9.418483979307087,1.2905920869990373,15.932342452317755,2.56527003065095,-0.09671156314472083,16.461182998019574,1.1532419407399417
40,39.33377864129404,3,-1.0334619492531179,13.487045565098015,1.4621304898803256,11.07292525209688,1.6865027571184814,-0.06744965394825522,23.325929266455802,3.5081405915852315
41,12.185174413997968,3,-0.5548077810233036,4.176638945083652,1.5618393479952033,7.784876449249368,3.3971785743682665,0.3976703795127223,11.432287035449265,1.8482046187378884
42,7.079366070000669,3,-0.25165005870507917,12.263241673302531,1.035796402136178,6.778166035433529,2.1820468199244365,0.41988478117636724,13.069711571118964,2.340277266605709
43,10.950063172882372,3,-0.43698002794886004,7.332306315212797,1.023470586194635,6.256124007463168,3.8790524795791796,-0.1997794508569101,16.70599499779339,2.3745524702434975
44,39.81029103339155,3,-0.6930641045072657,15.549663103079052,1.7471500394251314,13.908688894627257,2.4758286804526266,-0.11271513420912821,17.057248638671563,3.988888754592342
45,40.20684776349834,3,-0.43403776321788523,11.487611600055093,2.869883933872938,7.808235069797643,1.9340307222761401,0.2544916248983856,20.379647940271866,3.387357837416932
46,40.26967253326732,3,-0.5781889582049287,18.778251828741467,2.2822625644587307,3.130765390735642,3.3965787877818023,-0.15188566926532354,14.17974249389912,1.801753979543873
47,13.556420273677452,3,-0.30452364416679084,11.501967996103055,1.6118191540795472,5.788764984573641,1.719057634274659,0.15566648142145278,20.972757254154992,2.169424156264806
48,56.97505870453281,3,-0.9432594295517454,10.123528696691439,1.1789563233745293,13.610976207547616,1.9498968960575032,0.028600573462771006,28.509606284487337,1.5082163474872816
49,18.748148100762563,4,-0.6932600419734188,17.43208571305493,1.9377004179569575,11.4561720379258,2.595650417980178,0.5502132359552008,16.03045536256126,1.7358626182746228
50,15.191619823288535,4,-0.31016120163684846,8.681949808504593,2.1756549537874843,3.416630593717458,3.3829954503776523,-0.19633744373055625,13.160095654284266,1.8781163614907375
51,1848.0829937081037,4,-0.5399235920461481,13.959198207614616,2.723107546624278,5.583957124537408,3.9996702905633277,0.439148698315203,17.63591934777665,1.851386010487729
52,9.223364836408546,4,-0.20652475051335234,6.152593804847092,1.142256996781131,8.986653642532398,2.280447025896053,0.5897741155512805,11.205627443299964,1.7904243572478107
53,10.780929937664977,4,-0.1875027561188643,14.221641356929755,1.1369638565260343,3.6442232150079006,2.601662354526336,0.3333742229517987,18.555966185293656,1.7519643873843742
54,39.28167697646596,4,-0.8528466998844724,5.963422720582212,1.125671212591048,3.2087804794021153,2.3398643367855305,-0.18607699130635877,20.12460876610648,1.494678721265153
55,27.483133945362734,4,-0.9252808808909924,9.278675339919644,1.2346049555078125,4.075021418635142,2.566926316750565,-0.014050394699888086,9.468035693214613,2.6431851416173604
56,13.405518190652684,4,-0.557721144230737,4.287586167999655,2.005033921387453,12.721701986496257,1.777008133087906,-0.06284075047220106,8.664351707903588,2.130878990779076
57,9.648565555215004,4,-0.34490577452371357,5.697526737862195,1.916838063748663,5.561294921410034,2.787602303581452,-0.00858985347331942,19.13831445337186,2.4402027929515313
58,8.296280269238261,4,-0.4028893166794792,4.392667287704234,1.7256196252534572,7.604866064383823,2.8255837292020662,0.5437571905205449,18.32654271906813,1.6330887436470103
59,31.441621014312844,4,-0.6416101141691819,12.072539186799084,1.8457077266039388,6.1889040360642635,1.120797063739687,0.03986324179698078,14.490431415314989,2.0180332825506855
60,8.268697678839994,4,-0.4026745292364556,3.906643311699275,1.164675482327124,9.251214637570039,2.3308978959974476,-0.16537715927328017,12.896651047737759,1.6213848910526067
61,11.116062041674969,4,-0.38559010181622677,6.472216747411654,1.7975724669423974,15.496251216922058,2.2831007068298126,0.26052869432730463,11.353987396856702,1.0048842486902958
62,44.89423058981093,4,-0.5761410932144287,4.8111334103493775,1.2962416752325714,17.033568397098694,1.029274042557638,0.13072552783491337,4.684066071577324,1.9283861269205773
63,13.654079782850351,4,-0.3243414902411505,3.9307467745719054,2.2406734882415966,5.206461991583048,2.5937312137548423,0.5752741864002376,21.534737192645515,2.8494285310131193
64,18.633718104011223,4,-0.21183163211309955,8.903051537553399,1.3801372028927203,3.9698703350371067,1.1666681855449754,0.008371951495179608,17.177504989041594,1.853869721525017
65,8.533294781388113,5,-0.2933544433892401,8.309121457626237,2.301141784290459,16.095669556307985,2.16214092860435,-0.18758669273948242,6.295676293416099,2.0402416162877253
66,9.023396938161591,5,-0.38340558507726274,5.70711578159715,1.5274423281764264,12.80951186801955,2.9657363831666936,0.4315833198981751,10.203704555223794,1.7758578382718306
67,13.168370940877152,5,-0.6941359756454497,3.0795045420037637,1.001348264449688,14.445605981033747,3.0659236531795635,0.35888637158011927,16.123863989404796,1.1776458720868246
68,11.477190468683403,5,-0.21102206670037146,5.127839234998082,1.3594643661227197,7.102533474460133,1.894724917435124,0.5357347611492694,18.852908158425464,1.542516749686987
69,20.52709399316573,5,-0.19271906214316276,5.3538538553840755,1.06824400604629,6.349236893021841,2.997343217034215,0.6444518599387576,13.713130928179108,1.132512504257765
70,9.738577474701392,5,-0.11191334411540295,12.114136865583696,1.4383430223908764,6.7710079053671075,3.2637298176311473,0.17130671313535756,12.020836467833256,1.2229645012057364
71,12.888382637437692,5,-0.5401730545878817,4.785997171473799,1.653662575908833,6.618077290756672,2.2547994090639234,0.0776137871504905,12.503705071132623,2.099703130510487
72,22.633122548832752,5,-0.505143479905858,11.707580609482896,1.4316315495985625,5.371195155393703,3.7562647600498282,0.24170993342478972,19.93890322737829,2.441871087578294
73,8.128666772182674,5,-0.10028225143106624,6.381258955662046,1.3780981837501236,7.442499935964269,2.133351127369698,0.15272720431824147,14.650465183133523,1.4629125083821393
74,6.733964230213977,5,-0.2925491781374995,5.664022664399153,1.3881965090145538,3.915634750778276,3.110992339626917,0.6486309685905556,22.997675848749388,1.7817270901355522
75,8.506740971343556,5,-0.11533641359256117,3.5176312325654124,2.3688499407213697,11.591935244386395,1.3087642253904042,-0.093747767159856,7.0902766621590025,2.1023187529600524
76,8.376212981852037,5,-0.4184253357699879,3.2834530695290045,1.2875789289055382,6.689456477063534,2.7313344045331736,-0.19989550572346823,4.448462608903226,1.2212959219354116
77,7.886862010656676,5,-0.3206953786609572,3.2334411468258413,1.2855434874361964,7.647605448443978,2.548635261381589,0.19915756654410818,11.4534959095353,1.4541675084684857
78,8.399988137152514,5,-0.14237243063607624,13.894996086972622,2.0047298278154937,7.49614217012169,2.8094671801220934,1.1983687612539198,15.76183125143456,2.4824236517373657
79,6.872085750717448,5,-0.1688356207993417,6.615145882196293,1.245936408064762,4.602145257716425,2.041718413034009,0.06617247733543782,19.944532145968846,2.1913905786986643
80,39.725597228305936,5,-0.4173900048903916,8.790499149091891,2.7682915983109915,5.775856409976854,2.818031221272825,0.0853043252445174,9.649067521649968,2.961882548784061
81,8.250680741146883,6,-0.458308073480785,8.187807833508863,1.597812959305575,3.904323367038377,3.115307620403666,0.05272725107556603,16.936784140901178,1.0025828501038756
82,296.91800308366845,6,-0.48071649462773725,8.780693624834676,3.0569724264427762,9.63780920499673,2.573154562041085,-0.1574621862957277,14.414288630137229,1.795350320306031
83,9.599956620335087,6,-0.1402497103043709,4.164687464375638,1.181509611741683,7.966637335231204,2.6913601465205965,0.8656556095807408,11.556746399357358,1.1613525644330507
84,23.24081246920349,6,-0.10857042045685933,3.601060433759102,2.488832541713172,6.648792290461754,2.7387763791301283,0.4701270796876757,13.746548488459563,1.22376031752955
85,9.227266289391551,6,-0.20527810791451606,10.252218893498874,1.8630216029006912,5.433301025520986,1.372225805721737,0.6056195021777049,16.264648714196106,2.138244360285759
86,19.156106203026315,6,-0.1875300531039048,5.169165731384549,1.000012685594294,8.945725941865303,1.063547511161048,0.10077630823410519,18.99473595131383,1.9625001568634624
87,47.97882452414557,6,-0.41492366269789593,3.7113317417489116,2.727268319958787,7.521781152667286,2.9580774658757534,0.7882109639373075,13.627557053030504,1.6758307731361135
88,8.177567482754764,6,-0.10520155890266356,5.165843015260466,1.0131961566943106,4.785470682817943,3.097210405591354,-0.1960900787432257,15.947960963923022,2.4362538788683294
89,7.335143493235737,6,-0.10060738239872838,3.753959594088888,1.212638378473488,4.310946792431371,2.5064240912157754,-0.08696572720893514,15.951196104274413,2.250895788661048
90,11.546090407799161,6,-0.32170253707119095,10.57760706716217,1.516316713697322,4.580991023753348,3.32032638445612,0.6141395126503661,16.1059248072792,1.026569487116563
91,11.01308338277852,6,-0.3094703050361638,12.756693038944501,1.2314861312034564,9.693922720594166,2.0325529196145706,0.4311335272561282,18.398167415532658,2.0573103968006863
92,7.955300974900169,6,-0.4274524220608008,3.0024961048984373,1.3976618211424252,4.1314752370465415,2.3686480581910363,0.18586367200575854,15.038222510241352,2.3530384584844692
93,7.811806129411539,6,-0.12587316493837275,5.5313768691154905,1.650592315775702,3.6706863987610228,3.24305150176338,0.24990366301824035,21.354682373564227,2.099399709022779
94,8.317835597301782,6,-0.16850265294156633,9.575875208906126,1.5442927069234067,3.056533233943761,1.999829833223091,0.8463674613988182,14.735054392220322,2.387034540448133
95,60.33763793594199,6,-0.26402487975022504,4.053832498434472,2.2939363445251,12.838423723459275,3.457650923435332,0.03493328149130742,16.158057005599538,2.649001353163662
96,19.936211758448394,6,-0.7172886984729812,8.921073627667568,1.061512420857802,3.0037008093683726,2.544282792673588,-0.144246131013261,20.699895305297012,1.8236415970520465
97,6.914515421180828,7,-0.12406851279845271,7.067520134590463,1.5082385920743206,5.43970195659654,3.249644426407386,0.580788021199285,18.96171374531481,2.7140237692135427
98,6.715266865141998,7,-0.3075657018139577,3.006137943436902,2.3292009717853306,5.72183496171408,1.0122540298351002,-0.10682492763319795,15.609771582021128,2.5955804550087187
99,5.561921532309131,7,-0.18115731557075043,3.9769908689593763,1.0772971516314929,4.044422583187906,3.7186326480596543,-0.14693113200683183,15.542321468143784,2.715815407417618
100,7.660982680868749,7,-0.2674841947464782,9.586076690076208,1.4754502420262585,3.4514397429813024,2.32544160069619,-0.16036401955195798,26.27413385791463,2.4453632616410816
101,7.477028538342861,7,-0.21555227066868105,5.927542138200065,1.0131075062924693,6.953121465981576,2.088289732948094,0.3213100785491806,23.1532788360588,2.308427015342199
102,7.286804215249035,7,-0.1516610358033013,9.255945042106347,1.5765865925526958,5.459813630858809,2.6517886078326036,0.4938167896461215,17.1750658150286,3.23491420496158
103,8.673254116766376,7,-0.1439022192036055,5.1211740816159255,2.132179689407492,3.8202665174736383,2.4675248321527263,0.17745986238305078,13.220936386318028,1.455672353004846
104,6.925025373434775,7,-0.31197145323822484,4.890038676111181,1.0645413185255959,5.045242484584298,3.052206150981391,-0.08601380843560695,20.324766295605187,2.730867662592651
105,10.45805280439267,7,-0.1877192563607211,7.312213527132533,1.6761789014981185,3.837280497983618,3.7727181571189212,0.2104436532067464,16.07169446847159,2.573358882553546
106,9.963346335953943,7,-0.14239106904220938,3.013316494820264,1.9677095302630183,7.2987465065637345,2.9512406323186227,0.0679720202684698,19.213083727946866,2.300288902514539
107,8.499610548488134,7,-0.29891390775341997,4.427563956163995,1.8690771312559449,7.001354585160899,2.225253709811834,0.018587962948787534,8.47700667025971,2.0944774918272575
108,7.749597013928966,7,-0.1010735731852263,3.0717214836798226,1.7926054480832363,4.522508326934305,2.6661438927733,0.17429108364653556,16.09935824438059,1.7185950393272722
109,7.019181338573961,7,-0.6523506477538326,7.603712847571764,1.1852738218970118,6.09031547291961,3.4550594644113573,0.029645934978122,19.62408497292956,1.8888871344032854
110,5.921747490099915,7,-0.22375015169499812,13.945667667736217,1.1340394954229946,4.949276701927591,3.200950387735081,0.8154372436741826,14.607470681949394,2.937044404057305
111,15.32220146526489,7,-0.21959106848334178,3.70192338239659,1.0015260689634062,3.5768957444321186,3.6224929033232813,-0.19985749241900977,18.541212298133473,2.280876508619288
112,7.655754389708731,7,-0.25383278785224883,5.6961806798678385,1.567088791185576,4.238797748974555,2.539826770865581,-0.02534904496757219,21.787920008361198,2.4954910373134505
113,11.030011947729752,8,-0.44395211096909515,6.908573143636889,1.0012473038980534,4.939859121156022,3.271307228737856,0.8198296023764006,6.553368474187801,2.780206480043412
114,8.62267358128752,8,-0.290904255052718,6.578260467111241,1.439954260975699,6.5134180743108345,2.898571710527795,0.007885798466497923,12.004061079147622,2.193001985619316
115,82.39562264253614,8,-0.4881893573541072,10.082278413097498,1.9982236464110033,11.043851978006714,3.4114575424766005,0.3178098084676669,15.313367240018914,3.3021717752061472
116,8.730649849619379,8,-0.14252123590088123,5.204347708700526,1.096732349959896,7.723823197563825,3.2644699043791974,0.1767833648286181,11.03503168884425,2.730608218074
117,8.756821898207178,8,-0.41397729839006814,9.119103850560553,1.128262223839086,4.910949534265941,3.264637299444918,0.14644408918624613,13.931368227193204,2.568562268767772
118,7.266208035746123,8,-0.17579841681002126,6.244103116928356,1.3108486937558124,3.266878990064483,3.4371296511245983,0.48004605206456796,19.187704285303596,2.302304307164529
119,39.176872368142725,8,-0.28199341418830415,15.030348217939494,1.7514745325460295,5.994822336759714,3.767013570193505,0.7190883519440769,21.021915925714225,3.9118490618444484
120,28.48838755210785,8,-0.10162074565153427,9.658534090408487,2.357514866367919,4.7325992743918555,2.496946714800088,0.05841364587104422,13.858723751168661,2.8929594622594523
121,23.25981199923839,8,-0.2618235223464294,8.524674073264965,1.0084645589010475,3.1060812919640384,3.8274018845058944,0.22214104255967965,17.506122938723,2.3591887355528693
122,38.12790432423578,8,-0.4191949463173541,6.23242641986168,1.4231627907853241,6.451963681832859,3.114649949600171,0.388183904455054,13.131157061875106,3.7522095292540802
123,7.587720833479338,8,-0.4208961161146373,3.169883272571481,1.0535938112239454,3.2346918583617024,3.548038524777965,-0.03019723461160978,20.99357210935018,2.327908534649243
124,9.889305932223774,8,-0.4975820001044312,5.129337620851042,2.22353238280319,6.745803104144244,2.1189558819043177,0.23948771202068941,13.032106666276697,1.4141152936868726
125,6.258601926209183,8,-0.33717133653440357,7.163197844126037,1.036251144228246,7.837726833899049,3.3832623073260977,0.14112029279833188,11.926213726580702,3.1582882552482756
126,6.755245855604622,8,-0.11269171540524,10.673276167894764,1.1539575228184678,3.083263530757692,2.6628908033252263,-0.005240410670316636,14.084547113377644,3.286278478085813
127,50.50025536001169,8,-0.16844805680096497,3.238104389254394,2.202251481087737,8.916054222540478,3.7727104931118047,-0.1988678612440537,16.000403028735615,2.4912390988302624
128,7.744351266355497,8,-0.2887171530960989,5.017235609832486,1.789274731366076,8.556007437261544,1.899519682172844,0.04813323030542735,13.95055301564903,3.1841913222891813
129,10.875235161905778,9,-0.2625565596527281,8.80961015033116,1.4571972090017602,3.9829051196203595,3.5881385028073396,-0.16490231062844762,13.762728566750408,3.161918283508552
130,5.555797462477164,9,-0.6141296212440577,3.6508594156149194,1.2596805297118676,3.9876467229716703,3.1594286102171685,0.31452151675934936,7.785095947648015,2.614737100339268
131,7.150579481955058,9,-0.12011763443256573,4.2710427214917255,1.0888768450531836,14.821430707779873,2.5695310632145443,0.4105123477665159,16.285368887919557,2.856559643132355
132,7.933472943069733,9,-0.16637957652581836,11.244792714214148,1.3977464503955612,6.6213265899370874,3.299704268293763,-0.15934674485638645,13.895337244663938,2.483117978019047
133,8.46640644821875,9,-0.376601724142037,7.0278514615900605,1.8080023418378697,4.986553401204921,2.0203806091981136,-0.039056270013000605,15.799584688466862,3.295004921306231
134,14.983756710126658,9,-0.17714784578485515,9.45720856903334,1.0177828344064945,7.182894508485894,3.4332063588143065,-0.09005573236024844,14.04646850341257,2.4777306092836078
135,29.72267557324197,9,-0.46521759515192035,11.051788019459728,1.0088718118871125,6.627282449888643,3.999404939748574,0.6377505522826266,11.345992389855237,2.6725741279180077
136,39.37786814616401,9,-0.11272268260940377,10.309778832453338,1.6072245797327014,3.366420274511567,3.9579828209324703,0.12003111270581959,15.926582132804985,3.979672480429571
137,7.861565757611334,9,-0.333606324837396,5.419559828028399,1.2237212174935759,7.43838432820314,2.584213594926747,0.05583172330356023,11.919868423265669,1.7930241287531243
138,12.042631892567087,9,-0.10055159293961492,7.913339698168959,1.1222170822043875,7.773135159086129,3.6516254156054644,0.36373877502328833,12.472918262901889,2.5542349865634217
139,7.399278971008322,9,-0.11989900970969054,8.16414021293581,1.4485955647612436,7.370736933613083,3.060235123690438,0.06452975606920626,20.558233024896964,3.2322792800749913
140,19.890741006011208,9,-0.35187705372404254,8.991818329686552,1.5162698828170127,7.756092942500965,3.4233387026528694,0.05454162917826355,15.752658485417912,1.541467375957216
141,7.026014379259667,9,-0.19412353907495022,11.354551414644655,1.088973609675921,4.020503632035449,3.295614177893317,0.18544052565414088,12.81858578148952,2.8803701056055595
142,41.69187800296387,9,-0.15322693149280633,6.306971197077661,1.1072394902635405,7.570676356897301,3.9984802659425536,0.4133187790056865,20.050258150645245,2.80292307321328
143,10.112050835302078,9,-0.13090996916527162,6.485338953472329,1.0415462354259353,8.77987974091539,2.46286386836372,-0.14865007092537388,8.127585406602723,3.3640693174661545
144,33.24245760916944,9,-0.3673728547090124,11.62901623521762,1.0043901068867958,5.113072432057318,3.837092038503595,0.45683093502702776,17.393893489984915,2.28396219793747
145,6.6346555166833046,10,-0.19628168180801822,4.125958902890124,1.0006635791893217,10.882203177335402,2.6005973802768265,-0.17021702726673255,9.564226925767949,2.5885498774839872
146,6.192632545341547,10,-0.10997889518461759,5.121339662799806,1.0395137776703194,12.58597447720638,2.753110950640918,0.5235145175153724,10.740253299580434,2.1431402819174834
147,9.797165388605578,10,-0.19463254852939246,12.752613207574164,1.3124596672790831,5.501722124120682,2.9235626168395843,0.5145528576777054,13.285014645012884,1.8869546351168167
148,8.080702991202799,10,-0.24251727510521792,9.199734941199058,1.7127766014178265,4.925165582590273,2.519208477236113,0.4025371421264345,16.702006968298573,3.254684412164487
149,10.683004358962014,10,-0.5363095364668125,4.627740543503508,1.1688675403992317,13.086865352246104,2.7205025367489672,0.031959992670089754,6.330605813586507,2.1572754662649136
150,8.269790274759737,10,-0.35716880329474726,9.31410226710092,1.4892280576020438,10.063318059067436,2.6609466585107198,0.29185022742679456,12.702359218926153,2.567977838758203
151,6.637010737333201,10,-0.6206722606134891,7.693128955499542,1.15825764147973,9.550975722030827,3.2170378687726986,0.2688421525329072,14.203237490247215,2.88813951622143
152,4.538554438189527,10,-0.16952252348768856,6.856298670201527,1.0568487158268898,8.039683237110264,2.768508830725776,0.3540585485080693,10.558152965405995,3.599253604789541
153,6.473842284891117,10,-0.20627424691946716,3.7562347195401933,1.242452098388088,8.973945240598708,3.7654607511832396,0.2869268174495242,15.28274348418505,2.8636124876893954
154,8.433502379107995,10,-0.10598079930449097,3.3801309519503153,1.7836185553291297,9.606949428509637,3.4966715307622875,0.1344731091916868,15.755659352763365,2.4235290398111586
155,7.936487281130126,10,-0.1001094184356427,5.290854116592083,1.1185119436833315,3.0013267591122275,3.523854756968289,0.06350745437547056,8.946454398147246,3.7410405803416324
156,39.46599344760268,10,-0.28133064073115643,5.543049939760754,1.2596559201126545,10.25338194631177,3.9348918106070254,0.7287705250131244,12.99744086758424,2.217973964247486
157,7.417822840297833,10,-0.2195046645536013,4.1426874572706565,1.245856787721327,5.770741685291026,3.062344870327154,0.14080168264397738,15.022256369392478,3.064376923676596
158,7.725532565524769,10,-0.6815666041748776,4.103376307108713,1.2132147736980126,6.849177103125516,2.87932134689958,0.17732461831024937,10.521200816212826,2.8704349698053973
159,7.330144817922681,10,-0.3370391208675549,3.1929589302975407,1.430395298997837,5.701105189319441,2.6802261770505753,-0.07239001962879676,16.301287274231967,2.4538336324588688
160,9.42135267227206,10,-0.1898608522027977,3.0423521150297628,1.8245119400051801,5.885758101530249,2.5933715141893647,0.034090430647498254,9.51427936399399,2.1834867818184107
161,6.215811688594384,11,-0.22301758061429927,5.575841674067404,1.2028546649797256,9.703491795152164,3.2148128610144124,-0.029635296612481654,16.092572226725636,3.4002665602598716
162,87.88781345450063,11,-0.3542041627828997,7.9432149041897375,1.9412485017266927,11.960587419151672,3.882755752860125,0.18150046614773735,13.072483260252213,3.14454892924065
163,12.78322345140082,11,-0.27764231308576437,7.78508889463107,1.655777952832358,14.882956473480327,2.9476358562740113,0.6326081278988791,15.358283638906975,3.3422120009213843
164,5.431280183688399,11,-0.24109414241847557,8.644325874636904,1.0182307979039567,9.799939163957845,3.5361635772973914,0.4721830202513517,14.238535483637252,3.1893396688922713
165,5.7181138859726435,11,-0.43755198212595625,9.47501031954862,1.0288434568084726,14.772194006610466,2.6090351824514557,0.2036437489600774,12.246841898424977,3.046615822013131
166,9.293233501560824,11,-0.31473201846403875,3.1514223082524353,1.5878456549281608,7.929023989804092,2.7536492660167857,0.537465980341284,8.391409403004369,2.97297379297026
167,6.701613478008206,11,-0.2850379540646378,7.714628510733732,1.3728792251402344,16.874495461449676,2.921263427232624,0.8379589653613269,14.980317870545075,2.6884870432025094
168,4.925038858888591,11,-0.5261806773556864,5.079607549636597,1.0150857425639106,15.07863075869276,3.266972906197008,-0.13235776917830955,5.521330998853321,2.637317375836986
169,8.144570387430036,11,-0.1282158714476205,4.901036323325251,1.3053499482789441,5.427940342617468,3.1773675347043664,0.3735705577376326,10.658524067702078,2.893426680454844
170,7.509193176191137,11,-0.15559438981607776,7.173859953446009,1.2731963310742573,8.865773033411855,2.972279623311673,-0.17696840643313919,11.826269896875413,2.6465090518923233
171,7.449545552621506,11,-0.10816082726973397,4.356275339599774,1.798774909084095,4.442843799424467,2.8541750639893086,0.6380761128427958,8.219072834058473,2.1991807960279908
172,8.384719293201568,11,-0.405433955918444,3.8572240635689394,1.3914555867917673,14.098366407390454,2.898599247615784,0.2766823773189852,18.140426110840153,1.9907020642833937
173,6.184667722808252,11,-0.40994225701841047,3.9427094525719686,1.0838826841462126,10.407174732956753,2.8541729348060145,-0.09900905392474757,13.136909691270864,2.1249523960362877
174,11.496735685286556,11,-0.5835508518694926,7.431500534514669,1.2791768989800365,8.661916419785207,2.407126863710522,0.7533849542232549,15.018299715721897,2.353538967909091
175,10.936077160715703,11,-0.6572513238716916,7.20166854430266,1.2610830146025678,11.823388604837012,2.477119306184348,0.06539815004907398,12.445078581600066,3.3239337638817203
176,8.259880114261653,11,-0.10578111718145834,5.982275080460683,1.384698533490471,8.111602358068623,2.738222670903873,0.20619354268035267,14.365550119571582,2.9956766123449468
177,7.2955846968882465,12,-0.28100632065409115,13.402322476212664,1.1328190992337328,11.628465267691091,2.965948605762294,0.528327649101308,8.220508990966703,3.260065671354908
178,11.440837424734267,12,-0.7074100607891215,11.898129560438218,1.0195456078985128,15.381093628826445,3.474428477909557,0.6315497739231111,11.954737838075612,2.785969748262686
179,7.360588145639149,12,-0.26236403951929216,8.584301071930424,1.564165660405958,6.282433583491385,2.6619600931981293,0.8799403577251483,13.972225747579913,2.776616820752166
180,8.27250665493431,12,-0.27192893519206435,11.980992777977601,1.372127065074307,14.786590152703415,3.072701150394166,-0.19973348896410922,7.886005009374511,2.651453064632632
181,8.612717583266196,12,-0.47017859639262094,5.461771867718307,1.4350185021682706,7.139983281810554,3.369623594487431,0.2321927814401104,4.98927041485228,2.8157893020708147
182,13.648018822262925,12,-0.3747581296632727,9.475374127052424,1.0051160873386817,8.24630747846717,3.7956057937872933,-0.01631175677019961,10.243372684897711,2.091730565314656
183,8.108995876885777,12,-0.31749794441560086,3.0442435068012195,1.6117455511938332,14.269672765485248,2.338816005461816,0.11622907411423497,15.122025118504489,2.317041712345671
184,15.623650275025364,12,-1.0404276904300662,13.016801919578562,1.0499022281082895,15.416304258704919,3.65788712890164,-0.11682314153025486,7.617528286541015,2.625944265514095
185,44.11333440926732,12,-0.3702446147006452,5.278934097994565,1.220651274994177,9.246507683165754,3.9070565179888326,0.30743110554631764,13.701144286957737,2.6650250517886196
186,7.822969542834847,12,-0.449294293740877,11.656804303533338,1.3064735544402948,15.474005467389574,3.2255960379089905,0.33546628549707347,11.342525310414132,3.0868974867478944
187,6.5479814964747085,12,-0.101058368800775,7.890487681910804,1.2664777464621622,8.31988692458074,2.4165998340824633,0.29332353838299396,11.785774211649667,3.452576561676568
188,8.389051797720931,12,-0.29517521234653743,8.75202822544396,1.1747560912857784,12.906415670846954,3.2187530597390386,0.016265509193614774,12.636752947522169,2.4087076194570542
189,6.8019298360284814,12,-0.4179914173168189,3.498921822030687,1.1476429810687703,12.325512633875064,3.2894232478439736,-0.12251343500845,8.497290004674461,2.039565950665303
190,7.357247995494212,12,-0.18636936439238963,3.507753593648161,1.3919049546129494,14.521069559912897,2.272837796331895,-0.1277860786518353,10.144957492418364,2.7426142440215786
191,7.758090328091603,12,-0.13248427074345095,6.077668260756056,1.2318387350975992,14.263521391488453,2.9246640178420575,0.3714637960432,5.153420616492997,2.83126601040366
192,8.236882683448755,12,-0.22818776102082483,3.211875047223553,1.4323093756639198,12.042936429519866,3.1286590424714107,0.1705186694253691,7.414468810103848,2.1409477646580197
193,5.143951208107449,13,-0.16748262294323274,4.072197595512442,1.1838303500021536,17.944941634146385,3.2239099864776124,0.42687139382232797,13.095985489533986,3.2604830782686385
194,30.06076852397197,13,-0.14010234514562847,9.621605971480435,1.0000008540375562,11.985661112267977,3.214715940607618,0.6499212006388547,8.95207870707351,2.4960884616487022
195,7.615363923537846,13,-0.1823444645046425,3.109052720214553,1.631086048185629,14.286942732424022,3.286986285716735,0.13405948691869018,3.5360805124055936,3.124242249722387
196,6.510224483668397,13,-0.1269564568678829,7.844087329960112,1.005981575970735,17.8757302599419,2.267381092633686,0.07168362490441824,8.778475904196826,2.912313568232714
197,9.535769678192494,13,-0.11886946868390981,3.4286568688092647,1.407361789744549,7.455637859357882,3.023451870241109,0.24312181618163634,12.477893793087624,2.7328425251286035
198,6.448772417161415,13,-0.1015576597338077,6.062859013568155,1.0107344391902096,11.667195338724166,2.486720485556028,0.17546783675258942,13.304494400532905,2.759555430618868
199,8.566996207746568,13,-0.3410244524311764,4.972568500397889,1.1863570737754185,9.110993558908092,3.333444256607043,-0.0053754915834499095,11.807619067282346,2.4934925228606164
200,7.568817447216191,13,-0.5299649879247212,6.167411598528061,1.5981903360835836,8.358620873584249,2.475722082198468,0.048632041670825576,14.507819401674126,2.721102443700297
201,6.541627097930329,13,-0.11208444331502505,9.965106066144804,1.088586888316849,11.718693009445122,2.99011691548658,0.1892280732121491,10.370310127522691,1.9672758196698923
202,7.433945563575401,13,-0.1679636692711016,5.046381033820048,1.507736186885817,12.011770769999142,2.392687870606537,-0.18614745428405566,10.120629518450109,2.2536526484944206
203,8.082744891550536,13,-0.20446297858711426,4.795162533048138,1.9147090392831438,4.87471731414375,2.155663357375409,0.5557760950079259,12.424231903713586,1.7812488006514255
204,9.777664527879093,13,-0.41520222869555945,9.391554084900498,1.2910802626716302,5.380080212212349,3.602556878493818,0.16447174410945303,12.196749914788544,2.3085160821595667
205,7.567775346044716,13,-0.2583173160501136,9.385151381950672,1.1280205823787037,11.449585638768003,2.674900034039977,0.8569656727264838,6.830214567080798,2.9549818757685977
206,8.46905801397902,13,-0.16184071100897618,4.550809471949725,1.2878359689388503,10.826352019989072,2.679544165747034,0.18023193058213796,10.554939617975608,3.0772138879906468
207,9.218055883469658,13,-0.524036587363184,10.553038447891595,1.1385733673109732,13.39029040620251,3.0275047162235644,0.34547755886341514,14.075656252987756,2.373196663976727
208,7.801004677011045,13,-0.29015370459427897,7.465674402003206,1.212988717625745,8.720461509393783,3.1823168732810516,0.30715473951525607,9.053944287714115,2.940649933020869
209,7.648773388502265,14,-0.3099023370765308,5.3802804500685655,1.0679818705787847,15.978127495587463,3.0965465379659216,0.09003763630589529,10.676572781458297,2.7789214860197746
210,5.965041250106075,14,-0.1018899658250667,6.005751300884381,1.050467943523569,12.800652331882606,3.3518365219737287,0.14748101540234065,9.324499960773469,3.3741678112404907
211,7.514774665534849,14,-0.14598837844219614,7.486670991370891,1.3540409084198424,9.881816518155212,2.937994423029078,0.08046264772606673,14.637249609694004,2.487711128927349
212,8.039951620211287,14,-0.10089800553014973,11.623234071110877,1.4689192543551757,19.89930778119308,2.2665509414714244,0.14782035136819582,3.426045630788974,2.6840106159118267
213,6.934790413582634,14,-0.11539050353635878,5.3133868415531005,1.0779072245562658,16.308594351076867,2.782033122632543,0.6860629890571669,7.285944191094454,2.7597438502111435
214,7.4065140423345435,14,-0.19847361733067595,7.846690851774952,1.0158267624164556,16.869368443879146,2.9797685584377485,0.025577700574369117,13.127792304233008,2.8383316865888264
215,5.996349963301899,14,-0.1075473438542304,7.756938281118592,1.089873144966259,12.368747517770053,3.0471249794355098,0.5011034280546266,10.082758213470903,3.371915761943627
216,7.295430931548549,14,-0.24823380850679164,8.999434773823864,1.2794704506206847,18.549244671018453,2.258038590631097,0.3033900899755957,9.184914693043648,2.587519288272259
217,8.833551356413706,14,-0.30438251948071926,7.244525199340054,1.39427288955181,15.247863478924863,2.263099331389493,0.05097592375950208,15.44907056239105,2.611341530916483
218,7.86291863387667,14,-0.5800465220506998,7.661534566759305,1.5730526643914886,18.038690481640337,2.664670611483434,0.20245009423550897,9.94660980163617,2.795477044047582
219,17.173595040939254,14,-0.17340211759504287,3.893458227223318,1.0302004325155276,12.85901504162418,3.163208959383608,0.3995913117940079,10.111176655741795,2.6973855037819683
220,7.571549292854403,14,-0.10260816316403634,9.021333650434643,1.0863697969489414,13.95189865202375,1.7551905010979352,0.25582397649652383,10.317320155105516,2.2446842418673527
221,6.303220284378822,14,-0.1770588985364141,9.596477166988535,1.0683507328260249,13.477398320623486,3.014940205481082,0.2427199917065312,11.779003977893018,3.23028855608688
222,8.465689333587633,14,-0.3849061588596463,5.476514307833472,1.2161291365787243,12.054339028682962,2.653599583623308,0.525353038574349,11.18601483241232,1.4377198623070175
223,9.793856566089158,14,-0.20371675637862688,7.940728855808151,1.6753151904676682,18.524488469832605,2.0737429187679526,0.008420764862862251,11.064186903564874,1.885634591781469
224,9.241702447615502,14,-0.4985684047333574,4.3696754497444905,1.305293237646219,17.530885248293842,2.6630796596103012,0.5714759875193907,10.45046679159221,2.336856176962801
225,7.396589451248533,15,-0.20878584493047417,4.165252346810554,1.2639078063699016,16.48176614928655,3.399431913027638,0.20696271460809362,10.67347494638814,3.393062812026777
226,6.538061876453853,15,-0.10161596304074308,10.031619307675179,1.088044455790461,11.0318496411313,2.7740836602453225,0.8612824098304349,11.041798805944273,3.0461101721207418
227,6.26293889199613,15,-0.2794550797014168,6.387463208372216,1.000611898425682,8.939779385243128,3.3192986145884893,0.5324100899307112,12.154022198423267,3.5192285908450134
228,8.95967059948778,15,-0.20117484992125262,7.692472611266638,1.4267622468769732,8.595896793220819,2.8201650636250233,0.1284898984405373,12.241821681783305,2.9545510257829304
229,6.271416586212596,15,-0.17779212176601067,9.071789339478897,1.185310538607211,12.88426780829634,3.236064725412896,0.27629576560680325,13.369726909439596,3.3674727773919964
230,14.53288446163682,15,-0.24686010443629003,5.126510652052295,1.3345304643051068,11.494152929944548,3.8242299603112584,0.24198428756862558,7.643955174280196,3.4196662479995306
231,6.315149447081812,15,-0.10025406423370235,13.416102901893561,1.2099063215837718,15.832381551556534,3.153844077400504,0.1059257785260681,8.71051479728402,3.139234094287019
232,11.206991184550917,15,-0.18766110966916918,10.726034056187652,1.7684305005544476,3.5971549227183424,2.9175650859183677,0.31818072091703575,8.031372913805834,3.4445933918144127
233,7.021692169292486,15,-0.26088511053102564,5.361503652134524,1.1143869619041775,14.062209574528909,3.634047688724191,0.3197186965976578,11.386223271334527,3.27212093509895
234,14.44156407527037,15,-0.13860453694475375,10.919803745580948,1.254954974464157,12.929709557304385,3.6009043292326743,0.5675745411969573,16.439494286144836,3.362326686898108
235,6.100132577594607,15,-0.10047533379549699,7.071058746480143,1.225643833467158,11.651473231716189,2.6617217774323403,0.48213746188400863,12.268761261660321,3.6120912483679932
236,39.852538673384814,15,-0.4030680740065353,10.944968175209077,1.2718873154061459,7.716839681153188,2.603820369603593,0.6313500499965404,9.341034265846577,3.953831802837243
237,6.411169278811713,15,-0.318123095522665,9.810892126023173,1.0001262277763607,9.466626265381217,2.8774486088166005,0.28931920841020503,10.280734204942819,3.230284170628625
238,5.836140040290193,15,-0.10451632697382317,5.538180984943068,1.1859586065840597,14.632481674824046,2.831041702021466,0.4254115748472709,6.685803000475582,3.6527001180677012
239,7.56851256434917,15,-0.3066101627433415,3.2032708768461386,1.308272941390618,17.995295530379707,2.75965470390716,0.30922412779938935,8.273255104952254,3.0332380308194287
240,7.893682222723312,15,-0.10048508873471546,4.144302264591997,1.021296115194761,18.24803156900925,3.3985662158904284,0.22881622891508924,7.931585501669895,3.5624305600717494
241,5.593126950447219,16,-0.21004898887102597,7.311006468605637,1.1278234352127454,12.927132884401562,3.2918763577401595,0.16122733494798375,9.231378478586509,3.2343331274996348
242,11.30348733599187,16,-0.10000069176135838,8.954007117788596,1.251600738764565,12.86087289599702,2.9471663122611855,0.7920544379107723,10.682725873816707,3.922938725597573
243,7.319925850295026,16,-0.10015846396896154,6.723568483368526,1.5115952864416315,16.988612791959397,2.7355441005420076,-0.06764561374279221,3.8431750137606757,3.1786396535038834
244,6.956803537935372,16,-0.1122126019322602,7.361727862818532,1.3484641832766,7.147768566276336,2.8821561291583957,0.33224642588759173,17.923571021526488,3.4870697019254626
245,6.939030631755965,16,-0.3413287023299018,7.545947046655029,1.005128456532439,13.997260250374131,2.953148542907547,0.5997383022681557,3.5674131375765237,3.9749995506897475
246,17.29080950197521,16,-0.10004693552475771,9.300028729156411,1.8485786039740004,9.375064197691609,2.9300300571790547,0.4982393508636014,16.3537677346608,3.2629946572736657
247,8.62201404725625,16,-0.3844976519312783,3.6416045789982983,1.743627043820228,18.111457481925544,2.9072013506440015,0.41334443211154415,12.477555992137601,3.1074148574459888
248,6.396796722096644,16,-0.2622119399575124,8.007830740963865,1.362604109834463,3.41267109479182,2.699313687040049,0.3390875272529491,13.911612624999673,3.467542799578054
249,6.3959396475185475,16,-0.3172907776536368,5.75592605504367,1.25853647873904,10.82264535196873,2.841704967723769,0.8681725644808242,11.920504598209051,3.472017935243136
250,7.088567388703942,16,-0.10322559943527727,8.166096229500253,1.0000008390086332,12.055550405825887,3.1558782106759655,-0.05188157991039011,4.9629481775331925,2.440195897747504
251,10.559055962334362,16,-0.10948715653452357,7.659146626293183,1.013830923163221,15.697830891419397,3.5064945322479733,0.05309350921025502,10.785925947267085,3.720193487500871
252,8.029640887275367,16,-0.32307277585093774,5.803453126429547,1.5243445107699933,10.50100016756886,2.9305531949384656,0.0821689598539132,8.189125030838543,3.1086815507150556
253,7.614640760179334,16,-0.10209410576660552,7.831450278658092,1.1752477392356124,14.767324862023184,2.7150043862494093,0.3149288467274687,6.082287049601077,3.975904039637782
254,7.804825550156694,16,-0.2464440192677418,4.9431413186925575,1.1825964599111276,10.006876393362035,2.8654085451997804,0.5910051477322921,6.116782609060088,3.2335741939118003
255,6.901739086722136,16,-0.24002449328322487,6.700407664877494,1.0133504842444585,13.009097832631136,3.2059704260871014,0.1314194578834431,9.317449863762794,3.3019297726082217
256,10.440562089430653,16,-0.3583993060478915,11.185561879129324,1.0218570875156925,14.523887887221235,3.1839384302575895,0.2759724408159163,5.507625500310115,3.9858373691038356
257,5.968134661078619,17,-0.15498055993976828,5.335220363713009,1.2902179036015515,14.694557787303225,2.84463517051587,0.7109322372949609,7.921506101992072,3.577532127878491
258,5.637011068020266,17,-0.20194470914344698,10.124118833370474,1.0372841957788903,11.01119213434999,3.123130252379881,0.6075295114913417,5.9335719824105,3.721296308871437
259,14.239688078252916,17,-0.20464539915560032,5.909365023947782,1.4365695826135845,10.214516556557516,3.2229592601597847,0.22994388354776604,9.418508414599533,3.7678016048114578
260,39.35105174272611,17,-0.2524933709190997,11.263203061392957,1.3695423415287826,7.311126234506933,3.022881132381133,0.5627627880264481,12.374157414989186,3.998090559293029
261,6.766491566037382,17,-0.2186555178029525,11.105311217679942,1.0040085704754875,14.09265468115582,3.077584776743153,0.4294207769791577,3.7744926758492463,3.3749948678266897
262,8.95955550150956,17,-0.20705381831333242,9.334666614775475,1.3207937473086073,8.540137155837769,2.9566977945041724,0.3667375167291546,11.609246944512412,3.722239534602261
263,11.873992019729016,17,-0.17144012408460046,10.889912748280988,1.3899669542373259,10.703814795613425,3.3320994309665832,0.2442903244391801,9.682101463472192,3.4569746931825724
264,7.012723316649447,17,-0.2797851958029505,7.457053664665564,1.152287661198253,13.892409783790395,2.7655795714733964,0.22339963476077,10.276786879091505,3.017910977811851
265,9.714243595810423,17,-0.35361609757189694,8.938875330555113,1.0059045163440268,9.219027022105603,3.305149616327113,0.5449657813966522,17.158533498367326,3.7096271677860377
266,7.6084382835727125,17,-0.5088137899591392,7.0014608836872645,1.4242919505072875,7.971191217128405,2.7766242385011246,0.2613773000286558,13.143555781821908,3.4792423703819266
267,6.650163082032618,17,-0.3091841079862102,11.957230317230632,1.0510335935045565,10.050947983592284,3.2455538989766852,0.5607579751912025,11.82873700389165,3.421222473555514
268,4.615769253816837,17,-0.3189032134199966,8.811805393778716,1.0108401573243733,13.722120540227616,2.8970148161237255,0.6528550949424043,8.945243258803618,3.51404895364858
269,8.913996459531944,17,-0.3170187394510344,10.78096622444146,1.2257487911868472,11.84983829795351,3.0004264797078193,0.4686562548737465,11.74959904431813,3.6924306512229346
270,4.943679749578552,17,-0.3379610259154244,7.560079102209745,1.204774282060958,10.036592612888505,2.8888874738612698,0.16506855179457758,13.198307130787754,3.281772350238376
271,10.48227603493159,17,-0.5035761436109457,6.37849740225472,1.3405864457211922,7.0102514549170545,2.7833598137053137,0.34484594475183783,10.99224160855976,3.5812091375835022
272,8.814112527314473,17,-0.1467974981316052,10.704571555870107,1.1240090117076451,6.506621101362024,3.0825441360137478,0.27560915068244696,12.810252657758396,3.8069161396342914
273,6.503297403300427,18,-0.47583275676425624,11.824961649065429,1.0013288458432619,13.027820771015362,3.0928525645378495,0.25757501339398264,5.2098410491710005,3.417588413273691
274,39.87585585983558,18,-0.11301189840537366,11.850514836186983,1.1414982867484034,15.602164623142558,2.7550099374185937,0.4820041333785073,11.164479786728972,3.9965217740437873
275,5.833291701043535,18,-0.4115137660345183,8.104914899092803,1.3193277650324122,11.343823234153184,2.747355998195716,0.5165179144912039,7.281630985165206,3.3306110797524093
276,7.550909819677331,18,-0.23183053034023673,6.241759094864898,1.2471324856560377,11.284869524070563,2.515463265163476,0.19117380083436475,11.278663602705292,2.8845025512807867
277,7.4792026940873635,18,-0.12029995604681147,4.224876272298787,1.3582452297172725,15.789415014491578,2.6579081323894997,0.6238391780798195,6.4319137020420065,2.8072785922895944
278,5.686300038141377,18,-0.15798616322770762,9.968190317631167,1.0846914164226773,16.079213339897958,3.031693633964047,0.10802076368469565,8.540557880068041,3.3096352038237056
279,5.704236261856443,18,-0.10750122376838224,9.91804493376592,1.0009702208946842,12.171528306994777,3.0369764900457707,0.7918637274846032,12.14297443503687,3.59687582119976
280,9.720615228231686,18,-0.35766692560677465,13.688962754970484,1.030988138791005,10.868930784798515,2.7271941328785996,1.0101665675964635,6.4647787106701555,3.919891794231925
281,6.773190928872022,18,-0.34822048327709143,7.5141186125328465,1.264836997620473,16.95516940387989,2.6275817221377,0.47822560395070135,3.431787049787057,3.2632208996338474
282,5.27295549814656,18,-0.24353973839908066,9.002722011985272,1.0911766060874957,4.976315207228243,2.9042048390826856,0.3196869657132744,15.249058279368587,3.3664149603902542
283,6.009555352009146,18,-0.6048276465761088,8.325363815455024,1.0003065799392512,14.204089053854078,3.060213843619859,0.22292512751675242,7.108774135227794,3.4985666441092955
284,7.207546657033122,18,-0.4073115847551796,9.63171757720742,1.18551800869982,11.620429557288762,2.9910905105022163,0.4216082094408285,7.366256308219167,3.5829885019494956
285,6.626564883385272,18,-0.40037408769420596,6.836718632856389,1.3934965213435706,11.603883815971741,2.5171653867902024,0.363926140032973,8.211397646596286,3.266538531015188
286,7.2652685984152345,18,-0.2276214745958778,5.370049257372118,1.3646648733550548,8.948241037150643,3.096227731088155,0.1601260741137775,8.357820281151504,3.081167108656421
287,9.0098960662046,18,-0.10026206769795054,9.605643009285059,1.2605590092858117,16.230830963662903,3.2529360003197705,0.9774717628722938,8.060366830982801,3.4974872219350392
288,6.550552450881637,18,-0.37993076453357016,7.075216997844221,1.0002669478048603,16.18820491463441,2.7507154172685966,0.3738193740669293,6.668581253293446,3.3441848112948183
289,6.461641626080686,19,-0.14713344387723365,10.425441463742196,1.0818863585049263,8.874473638186279,3.13286970935364,0.27151233959195525,10.66623912799008,3.052960093080027
290,4.438320506134369,19,-0.37506279449280955,6.293449069949511,1.017707346324704,15.427425963557539,2.887224556453517,0.521927292731394,10.44476186332581,3.4105379880861806
291,5.5530221123086845,19,-0.20320587406325297,12.328662779802054,1.0054276851250945,8.25522098292038,3.0964332930128347,0.4831545358437884,7.843153563260706,3.5396262907505784
292,8.3129600699928,19,-0.5147044992539083,8.045320491001537,1.3427685003874708,5.5663418227007835,3.155881101791158,0.3879046859393794,15.055790203885355,3.3733682349062803
293,8.402844682096516,19,-0.396437931774009,8.993187434787393,1.1386497093541506,13.273383294283859,3.058436226666795,0.4571879355722626,8.751981363556212,2.9428055619488274
294,6.686460229181643,19,-0.10938611498606726,6.758878340283786,1.1867445335515256,10.869654916645008,2.9749322982601343,0.4382780000098414,19.012994749536418,3.560721620098625
295,5.379804855601113,19,-0.153394468025376,10.08708579405872,1.0659565762637389,15.694164279968145,2.838204636779576,0.610037134305543,9.729669783453616,3.6745294858999773
296,5.690627664756188,19,-0.3724542159406743,7.260998942348695,1.2736191873527132,9.154660656703332,2.9406056422480376,0.1069485895187936,10.66194577232591,3.250395664464201
297,6.182930733581074,19,-0.205089142152685,6.056828225507978,1.186801861748059,12.49319588271002,2.957224630465413,0.35824289318165436,5.209312283492274,3.6016319266230874
298,7.05296383049529,19,-0.3039856375557736,11.22554402261313,1.0024636969067597,7.919010964644844,2.948849129877512,0.20973032760031435,9.159556604436045,3.133651617697524
299,5.462400324218278,19,-0.28096657306394046,7.602493295782338,1.3341178856863165,8.430732509600293,2.578145126512272,0.4126854488999552,16.983710272484704,3.2722061461422696
300,7.339000453671265,19,-0.2385174429183524,10.0507371367168,1.043602731511825,11.227258418550313,2.8515002326746206,0.45877857840401515,7.608668686008582,3.1832970114247887
301,9.226074677427686,19,-0.40587693856174767,9.250890149456943,1.056097210314579,13.642603602781644,3.1990499941064523,0.16988179595379715,9.212778952227248,3.6455417283081712
302,6.165677402251474,19,-0.11591686732573614,7.786474398209764,1.180783774245179,7.59855492199881,2.9560526151129682,0.3519595296153384,12.51716767377878,3.570792407240163
303,8.137750186394033,19,-0.33680289519898904,10.576949118660501,1.0032292368525708,11.430519449023448,2.889161175233041,0.2999756749690694,8.691554368209275,2.8146366015731594
304,6.668989240862935,19,-0.16868268166597572,10.220870346329523,1.1600201362055698,16.302054754547967,3.15643114068132,0.3699782590288964,8.601981188620892,3.5356191802685677
305,8.906129345679267,20,-0.35318648245629314,6.777608827511141,1.0351755416473531,14.13042488111141,2.9856298191333854,0.4946556308180905,12.266987282369579,3.7957707064271577
306,5.3290063139262225,20,-0.12116404749947195,7.44744678108435,1.0094691553317665,11.950245801823653,3.181705466077819,0.40360842923063667,10.19556029530242,3.493107710601083
307,4.165579471407962,20,-0.5435405487007821,6.492674397006589,1.2538677297636802,13.863928963969435,2.5701973775496816,0.6479348797521196,9.202726042287676,3.2985117313562835
308,5.541823055880765,20,-0.28291568288534324,6.4957590879592235,1.0461816084480278,13.44133737876153,2.9233492553760954,0.5534204789689233,12.270618114207243,3.3538232360922047
309,5.652198325269265,20,-0.2664678373804646,9.174743431245442,1.0440770815975766,12.794195657762325,3.200637832114711,0.45557686160861277,14.424671374077704,3.1662713373247624
310,5.409912869697697,20,-0.1365062447624008,9.499356441211267,1.0929230309548625,12.677393374933121,2.5973969037974864,0.398935983745569,7.712273951718356,3.4629088422059753
311,7.503084578832588,20,-0.16551850533093812,6.590320008611984,1.4460655694519895,9.951232611185985,2.843781595901859,0.3115175931357057,12.66220971913585,3.273449739410503
312,9.505212847669698,20,-0.14535868605581032,7.491113463881423,1.0087965390371196,16.713460579407915,2.8063970580652424,0.3757863181394502,6.216408782034425,3.1451216486494395
313,7.555644613420495,20,-0.16791181470290562,6.988898712974814,1.0579733821320438,16.84042007797454,3.009147703079041,0.7689929727204783,10.561023202975088,3.8043900282764853
314,6.731752569012414,20,-0.16274439451634415,10.780472247073224,1.338954681605651,7.114677856039239,2.8473808158919383,0.49633361957346,13.509509592625133,3.3893439074470595
315,7.919998005605526,20,-0.2885767353738012,6.405917753827901,1.2741064502096202,11.017879941373428,2.578165500032993,0.21387339824278773,15.802997460465543,2.871757245429872
316,5.898502143527583,20,-0.34840854559849843,4.539370516981829,1.0509758066313877,17.800177639248727,3.131806325720821,0.4814995652948019,6.1470731117236825,3.601146616428216
317,5.691756817343131,20,-0.200084785511974,8.403048709517824,1.1046139591226556,11.496060161431917,2.7157253833872925,0.3680761091977428,12.526307989257651,3.3611571646885814
318,6.700295473492602,20,-0.35159931022015645,8.30952659726338,1.2735856483594885,10.315586361025328,2.8148200039285847,0.159453573082336,14.125204513632081,2.9390127431044917
319,7.945069357457724,20,-0.3441935743199291,10.424548768039056,1.2106045908440555,8.244962396699329,3.2101400432458473,0.2637062666241928,14.402513643635663,3.5033233502632015
320,5.769620654144771,20,-0.459729248157904,6.041548055811402,1.1287235335124468,14.141880778662221,2.508313755506417,0.340992494359071,13.48560289605869,3.020191751462121
321,4.836245523089111,21,-0.3215936568127275,5.9191708654549595,1.1595379990554335,9.407763382753936,2.811847820191122,0.4430678278100605,14.331703516407003,3.4416960167176067
322,8.016915349360909,21,-0.27794918939079327,6.028512346370763,1.2378169739574387,16.12487157824956,2.4601928359702336,0.4736252793537149,9.024258367236685,2.9318139554271547
323,5.6935904323612405,21,-0.1850339178886414,9.876388022344349,1.0126145920636367,12.433047350183584,2.998909305335876,0.4592479903072016,11.524518742035335,3.3917752281626967
324,7.678000646425086,21,-0.2678577672462764,5.62885658728934,1.260431748261174,9.40875176461888,2.768138001353225,0.49328293452015615,14.251541694119688,3.1798505378264146
325,5.164599411904901,21,-0.3297207166307075,7.0627285717813,1.0739202819018356,14.054477234651982,3.109313497139814,0.25968216945816025,12.425416490652719,3.2202606986669857
326,5.123437220047137,21,-0.34824625115526947,7.811430444700219,1.0671466291379383,13.57008801880387,3.1976966111206147,0.2526054343138142,12.739929602364601,3.2458820403264372
327,5.558747766039355,21,-0.41643408888707056,7.055677651838547,1.2105596356606303,13.03172574416844,2.790697472330295,0.6271847577107716,12.47008685379499,3.4879006528787135
328,5.445021258533934,21,-0.17984676188471724,11.419017232479654,1.0004216007392617,12.935260737652744,2.9176502169064786,0.35216168968203104,10.652094560831417,3.3318795669963723
329,6.630454881085534,21,-0.10374778903931052,6.364079118137707,1.1873083625935688,10.418371751295371,2.7503025640135164,0.5283502702944471,12.374621297598328,3.398934749830601
330,6.5764814826294495,21,-0.24565625170307542,9.691842028037522,1.0125584929130058,13.928023322028178,2.830409995573112,0.5717299944554686,9.445811846607993,3.290653524570128
331,5.479229068678691,21,-0.20032668673313853,4.691403080528946,1.0264362281499697,13.69810195261591,2.965871220177244,0.5977844887035817,7.720561640261231,3.47029662697939
332,5.254501445695065,21,-0.2676978340688781,8.011957466031205,1.0070641744754825,13.952304417743306,2.8821763343072715,0.6531019226949583,12.691933284635295,3.6665055784147933
333,5.890171430346875,21,-0.3667153946081846,8.520756458798353,1.0640333159526187,11.658474826944692,3.0109634590518626,0.28255146089788263,12.434755912680652,3.526475672678405
334,5.9012231822361745,21,-0.23330993905101022,5.414192741443813,1.2933278673020618,12.372152634790902,2.86479417064123,0.8545762912590373,11.35138050379906,3.5626158546191733
335,7.403545180469368,21,-0.3701076374736743,7.034203106249788,1.3434190289438845,13.248962145103992,2.615155849227761,0.5092444226367787,9.071598094884147,3.5587130097301127
336,4.4003531745432705,21,-0.3938436226792974,8.48190156432481,1.0389813339742764,14.885328729344678,2.9985497761180766,0.4412634318846964,7.563506052265593,3.3779415536354804
337,7.8483227423120905,22,-0.5663896866241018,9.102420392746494,1.0567283906093023,12.325058035913733,3.302765914933981,0.04565010726730945,13.998036812461788,3.411419637182331
338,6.0338173909979,22,-0.21463289159739812,7.495857620830001,1.162626080581985,13.635074641078337,2.9715095361866464,0.15204626656665898,10.525544034994542,3.307960488824193
339,7.081806135488066,22,-0.35267035221043014,8.711723129127833,1.001199987794123,12.880110383501618,2.8701732160083577,0.4519657194402438,11.102930395094535,3.7358369890286403
340,5.068969002005056,22,-0.4328868863105948,7.630883419276975,1.2212508566469318,11.951853786588106,2.8315289229400125,0.21785342769250893,11.59341254939807,3.1132118626578196
341,8.714153268028129,22,-0.4020059823493768,8.512166271838657,1.0129938776500873,10.81146240238572,3.150299534177888,0.37732338378816965,10.006169586708083,3.743286088289074
342,6.979382407782835,22,-0.29175309641328767,7.823008699180533,1.0005282185670115,14.537452441211698,3.1666231179668065,0.3597901930786406,11.733207896753141,3.2533851853249733
343,5.413832651885507,22,-0.28956105552509365,9.521531376164788,1.2880263367333797,9.481662783894938,2.532041527737217,0.670526696611246,15.814679557770367,3.38797187390401
344,7.409817246333988,22,-0.26107601547342046,6.820621631819037,1.0222306366673306,14.440394213348721,3.0151486895492683,0.546260289522347,9.933076265067509,3.7918774380377864
345,7.1543198638790955,22,-0.2345552660070176,8.173196369579792,1.2600327832961915,11.999287974255196,2.761052641610762,0.3676936661318687,13.524138794071568,3.1650262691492523
346,6.009355551991367,22,-0.3237788163187181,10.164475540833102,1.2467643717540433,13.371404629689916,2.7770821656650795,0.38253354430396763,9.457384315574535,3.2932366847911454
347,4.93549946288645,22,-0.4072755857582179,6.7410095038276205,1.0045970466022252,14.561191601112236,2.9868669398762178,0.6202742595124157,8.183196433102015,3.46639931132162
348,5.468028924384093,22,-0.3244938655012075,7.741864318033881,1.114788546772911,14.56937897214069,3.1232304449425228,0.5559568284963621,9.482422399716633,3.3063099385921193
349,4.281127579586217,22,-0.34636927543296875,5.742725369844061,1.0737906069649947,16.25168472379945,2.9166317521059018,0.29716429148788887,12.378435572198061,3.4050763259062795
350,6.52325583709018,22,-0.32401911252696364,8.767437560473825,1.1609018337229933,11.66800815185939,2.9880986794905775,-0.01866875508062571,11.140260623457136,3.029884221549522
351,4.802151731569887,22,-0.3987442020855015,8.715068977592901,1.0419449490273283,15.121504978653443,3.06941259566587,0.3570055346764029,11.637566225781189,3.3397073641207027
352,5.324676713946905,22,-0.11091096879516081,9.298043669036554,1.011952262432306,14.587869259324966,2.878311496838157,0.6384284592884032,9.44175601188235,3.419028993888828
353,4.872993428054993,23,-0.3943353045559451,8.458719119593914,1.023111947656221,15.39739026196939,2.6981862527037004,0.33634115850694296,12.08348981643093,3.379097064753866
354,5.691456513685427,23,-0.1382572597657576,7.554741059056171,1.0112147545782932,12.798839266038797,3.0103585392901726,0.4934805804879968,10.938034780261535,3.7536966172084822
355,3.6187302485678385,23,-0.3494247821870445,8.871308320066133,1.0165011804589061,15.702544143474814,2.87094723569667,0.3115692142802725,8.171337088247116,3.3524610456159514
356,5.406626550045434,23,-0.28801613823947597,10.866413807759974,1.0364946677632905,16.341310197583017,3.046119221440695,0.45306715014089205,9.483319619262062,3.385015310820363
357,5.649802201407931,23,-0.2777766146614006,7.75978831038705,1.1733292427761768,12.035648257374453,3.020831680924712,0.5026011767143164,11.11283909103413,3.432108140856001
358,7.049682549204879,23,-0.36924138121876227,6.67630008666563,1.0069890133930992,17.240276479119238,2.7222967965982523,0.37231395351438806,8.404035021410367,3.3129304886853497
359,5.550256874043337,23,-0.38900095193366113,5.894955671151218,1.1874197688000914,14.997174961807552,2.955200342099802,0.17896457161154317,10.84604758871783,3.4112410359294114
360,4.962838441852219,23,-0.4536347540046536,9.397992176772846,1.0947663735851427,15.298602000832139,2.8047560712882262,0.6529403815745627,9.736285127641953,3.2668741038329223
361,5.554677960020134,23,-0.2536843569342707,6.80945792049498,1.0054038140411872,17.078755012460704,2.8585522896057123,0.5390301802464479,10.049651029490931,3.3982569683764643
362,4.2547371709726525,23,-0.4398160325802666,7.543016523921734,1.0040648041064473,16.60159344833497,3.0087511786350127,0.4999563271349665,8.452913811899323,3.428517534886375
363,5.219952716045265,23,-0.36700016315018724,7.349084372073893,1.1452729186142814,15.226151299516191,2.882679740670215,0.33637641295153686,8.09258355478114,3.4921584026092254
364,4.699015023673635,23,-0.3290617476841821,6.517762664741169,1.1307411384560027,15.80715261645048,2.8273656139451426,0.5643856301499625,8.840318147804355,3.5067560251761187
365,4.813430511315343,23,-0.2945946700780733,7.68996409428466,1.0791079858119523,13.131288795010212,3.1024036601117215,0.36079151378004937,11.184767610601979,3.4020903720106124
366,5.943342333727718,23,-0.42516731517524686,7.886553598385541,1.0000101128454932,14.611804923369728,3.2492294833262485,0.3437263346242792,11.9072929244693,3.340709104761334
367,6.069740433049306,23,-0.4399720307865665,7.952964558157291,1.058077383951742,17.468833445973694,3.056837011112253,0.3422275190653914,9.632544066150198,3.47461899186993
368,5.9294506083575085,23,-0.2798901910043409,8.715652121417373,1.0109416855364994,14.933304134345786,3.0255633957922345,0.4776250404320841,12.492965152951914,3.5635901735160687
369,7.36256149888257,24,-0.30694522835216714,7.450873027755025,1.2579121777289286,15.535242199582202,2.5933668718534086,0.5582851702095495,8.924150713900941,3.2185692386449825
370,7.665959068065083,24,-0.29780228061043207,8.152017946780465,1.0303150358147053,15.885860226587353,2.67552398904532,0.7636349166865649,11.271918237784798,3.500203609924895
371,6.274211157777374,24,-0.2570162550628642,7.430795748551716,1.1590153826616822,14.965882282935805,2.821507467549094,0.5244768056800021,10.496116364135139,3.329672496887053
372,5.853354696309623,24,-0.4435079597211789,9.342426745909167,1.0000578370098245,15.415748592362469,2.794631985663313,0.4867623065396136,7.651164993349904,3.2164568778440827
373,4.420356310847746,24,-0.34218028346196283,9.790976926908872,1.0897717764617012,13.106070314817805,2.7641141321960965,0.2125427176629806,12.289962114945261,3.254674223194342
374,5.446677382586631,24,-0.34045276783392536,11.05761815140734,1.0035156215027692,16.59602415205362,2.717887951325969,0.3782285229267771,9.30179130526404,3.335236101843602
375,4.690967851052666,24,-0.34413235777774837,8.518839488831699,1.3108983972783408,16.794261071649228,2.510138129434444,0.5087704042148037,10.246548921511245,3.2740487109744483
376,4.502431533558418,24,-0.33670481856366186,9.207943468796628,1.031920018009191,18.75585748443543,3.042003631947056,0.12869389884894833,7.30480592783545,3.348537562508838
377,8.401597606143413,24,-0.3149416949033305,8.142020501645353,1.0225184583672262,17.64052239245982,2.599486844123497,0.610261303604573,8.288288702180948,3.4040469964896554
378,4.724356222808856,24,-0.4115025176533525,5.2077682090936825,1.271039228794402,14.722101262419187,2.754989105892883,0.16999069172335934,10.837668642124624,3.125128747598109
379,4.86515495713164,24,-0.45893023332416133,5.401197484061676,1.2090633266559092,17.89607998545262,2.918517816566496,0.39434167995462277,11.32558778508513,3.2199774888781314
380,5.606899807194987,24,-0.2207664023564024,6.928041869394977,1.0669995421057297,13.924356434186492,3.14802505321958,0.4607505789841117,8.365110121314142,3.4090863008673957
381,3.901515710578672,24,-0.3450826884662189,7.476904217170048,1.0232019306188034,18.248141983878043,2.8471016192325482,0.3713335794807104,8.547000877420416,3.509486303749093
382,5.844493701604746,24,-0.39928505633924377,9.451813742315405,1.008558397932612,14.138711056477659,2.946201368656982,0.2892628700489082,8.438671427009032,3.45660991718387
383,4.1503182808852825,24,-0.42529209040764504,7.1463176079401975,1.0597558732318402,15.195098619485263,2.7381649460899427,0.5642474645788242,9.004825822799146,3.5088975193675744
384,4.412059687258082,24,-0.38225926549975014,6.448275399007699,1.239077515974045,15.727346021003475,2.603453073575945,0.458562158848654,6.721810653894275,3.299670395607549
385,4.448795439230064,25,-0.37545628593977604,7.900827380889207,1.1957598452250648,14.687885515346089,2.6287681063299773,0.2515478788333314,9.985462637166666,3.3561723959783745
386,5.131469270820641,25,-0.1597138287161012,12.017565303874548,1.0986075117957461,14.235860447936323,2.797546918013912,0.40534821945038046,10.158132474759613,3.428684202231557
387,4.785641774895775,25,-0.4248937383418546,7.3634186337909515,1.0972863053833917,19.18964361974511,2.7584594591310707,0.4125183502858817,6.36822569022446,3.404185706317338
388,3.9408544800770082,25,-0.432472247895713,7.754880727924388,1.0494184902115864,16.0870463414196,2.8947857220980335,0.5152355890505207,6.725467099741456,3.4476244810466303
389,4.0840162404965925,25,-0.44871914080507713,6.472770228607566,1.111496067962535,17.13521181149243,2.7894973259382945,0.43350504765587106,11.73072963770714,3.2468980845124613
390,6.48120520887954,25,-0.5622220519737097,7.61064675673282,1.3110256588852411,15.532806395670798,2.626750097091237,0.3333295380719368,10.290850125464189,3.0413647232987953
391,6.462136413110628,25,-0.3337916180464183,7.2777689960328,1.2187337913133471,17.040776896206378,2.8904807101257664,0.3631287898120945,8.994452078085919,3.578823170152669
392,7.902305417143548,25,-0.37527752056599184,8.094214489074998,1.0030757616210535,16.096057873453095,2.653531783707326,0.43094683728175054,6.422423039223522,3.660529604600441
393,11.83110468979518,25,-0.4760246994155015,8.42544782480892,1.0046384655114036,19.10101658764518,2.8236933723274955,0.24670864920976504,8.508556546930397,3.7012180060378506
394,11.220590755602618,25,-0.38925444973700213,7.987392497423139,1.2074308407007774,17.09262663989138,2.4924033948108355,0.46749992215336356,5.51395384601256,3.6858201853998325
395,4.955926924258718,25,-0.41058469077779763,9.138203647386511,1.0702260692714811,17.707480268994473,2.774760487428204,0.3428535109080558,10.222117088693413,3.3946627795403996
396,4.069391363494001,25,-0.42339470012890146,7.356565075170331,1.1311613864060992,15.960238778549916,2.773903424676172,0.5312333567792987,6.73553594517605,3.3827047259543748
397,4.978016712411235,25,-0.3310358316526863,8.460013100586972,1.0878400658905343,18.067228278675167,2.770675646722047,0.5075307204702875,6.557033176613727,3.528317812083973
398,6.689433401128198,25,-0.23923335897728637,8.488994126627482,1.0609051834101895,19.49807811808631,2.7225493536338887,0.40836519150589234,8.188146218340117,3.751747499572537
399,8.358475591973791,25,-0.4432369377601111,8.399020449718936,1.000945675650656,17.2760369350955,2.985865550007262,0.431619041221134,8.167339126862164,3.748838845961902
400,4.252750914605455,25,-0.2948916650033223,9.240933783461477,1.0311128578601352,18.35328561600817,2.8021566265510574,0.28531614572528385,7.906405596688842,3.4743935675039808
401,3.9180744953280855,26,-0.36713685173536326,8.555539394191616,1.0273121085187624,15.697052159665217,2.8889741819893016,0.5600869243856447,6.204988381589121,3.5009157644873787
402,7.523323145101509,26,-0.5896802091754909,6.852526130605845,1.0005460487646114,20.83183078229576,3.114648669945608,0.2181478459545282,7.618584168362189,3.208359634270805
403,4.766115991207226,26,-0.3742643878069237,6.315750926097003,1.2130194430955041,15.515404956034436,2.784015545949568,0.42348286118495626,6.88421839572955,3.404229728076841
404,4.630738414898899,26,-0.5048430639260271,7.0399461939379,1.111559511064124,16.495184318777067,2.65074670024358,0.5252350762714134,6.162561520974195,3.5193049587936995
405,9.187495522243465,26,-0.5643086304940268,6.514505445700506,1.3706853478167988,18.04282263181213,2.205809300808275,0.39070432319571563,8.39542536693142,3.2678275968699286
406,5.318660312074499,26,-0.5257534861340092,9.358573794560662,1.107954422382422,18.36182996549638,2.7090532467326813,0.217600623926776,7.284095196528647,3.0183302460049948
407,5.248833252672454,26,-0.5071530619768962,9.029824614927248,1.0020320512363328,18.254387248860425,2.9702018924417253,0.5162275033106614,3.906991075795098,3.4063508249258048
408,4.385034883586845,26,-0.4092023076330151,7.649818839737637,1.3277003876149913,17.263797712276087,2.451151016869238,0.4572852324695909,11.547371567520269,3.211259242621651
409,5.092648785845846,26,-0.2855917685884849,8.10776070976599,1.0099308515273893,16.91800569763232,2.8270802247943223,0.6207305576182628,6.940109235119897,3.7057793948057474
410,4.376214924204406,26,-0.37531789019506606,8.30721706312123,1.0250130238396737,15.676813143990369,3.0142657795029546,0.36562525704643833,5.897533282896838,3.434244595071271
411,5.921344244614841,26,-0.3259949835958975,8.62051709371993,1.095876566474285,16.701874558653962,2.9655684691122524,0.3884873073637561,8.186230768693804,3.280077949551623
412,5.541539876207699,26,-0.4946833127252107,7.795608607216316,1.010010052980672,17.35024903761624,2.915534070643384,0.3973012206365012,4.450368219125876,3.4641686740338553
413,7.497627029809537,26,-0.27247544642946175,6.379933790816554,1.250154642788129,13.778991242054872,2.9403350286970587,0.5123182950374697,9.670774483087714,3.634120293039946
414,4.396246975190736,26,-0.3828317774738326,5.311107706319287,1.0927524329579033,15.039105435527711,2.8388017426808347,0.5445763892685509,11.141571457930654,3.5079706198513363
415,8.08127695390278,26,-0.5964327948169768,6.4338959440439325,1.3202616231981774,16.933225230741943,2.619781597617707,0.7663862677561355,5.5412260954791535,3.4605571528999155
416,5.15944948848579,26,-0.3282928651039071,11.855545488884765,1.0380002795331664,12.670770997346484,2.9894623101206967,0.4529151960543339,9.903807282014334,3.3366711433972767
417,4.750165938962136,27,-0.42640645696934065,7.075155308746286,1.0050659696127007,20.18149452190511,2.9222088106112802,0.5136907440058511,5.276843298259328,3.3474312347209914
418,4.705255583578635,27,-0.33638893879626425,9.413933981266677,1.147420572443346,13.976976576691182,2.60078576805973,0.5423105566885963,8.9326063668573,3.4370830206068477
419,4.914105112109983,27,-0.4340546181202869,6.492315935166943,1.114036554207479,13.737335928860638,2.9458607981426335,0.447154744884997,8.445929791939527,3.432661166406309
420,5.52978456779529,27,-0.46475642464187394,7.5666553616717325,1.1679197723131975,13.328594618938146,2.7472876745339443,0.3222074993054215,8.847570476444027,3.284144498433017
421,4.424929046833354,27,-0.4434749337281364,8.54698527852376,1.0939369055530646,15.0982900379757,2.8723177543078413,0.6148088706216229,8.43204242362367,3.3522613327355626
422,5.560309525793017,27,-0.41866414926010864,7.628545018440424,1.0013790221779042,17.50689350149399,2.971710127034912,0.5110666406645008,7.744081742470482,3.629834105481658
423,6.6044145404724715,27,-0.4508245775200996,9.109961266489503,1.2176901716385915,13.000993287542391,2.596445262208752,0.579389727087058,10.900795820013888,3.3888136934851185
424,6.6199503357318825,27,-0.5330876794955688,7.660489534103932,1.3713940334895878,16.377309973770345,2.501478321146311,0.6300723103978847,7.913752634080326,3.2891166084746857
425,5.635168019689745,27,-0.44897215146651703,8.58846632082084,1.0611359294102787,15.101032138165053,2.786696121519607,0.5242565588413441,5.8472947246846605,3.5408337642391428
426,5.804124544674522,27,-0.4785283680643817,8.400217026949253,1.002996643997617,15.397746547898272,2.9446718407594257,0.5868294075376835,6.488754412628863,3.6415804377304903
427,4.725850454479783,27,-0.31259012488373,6.819258935333106,1.1779650558212897,16.073849779874386,2.791841172458836,0.33588108737420674,8.673147770449233,3.4121895210016517
428,6.150658112794531,27,-0.5179929489611718,4.605847900677968,1.208542133319774,15.254146647575542,2.721022475063572,0.327380389500484,7.557096142770887,3.4094835713261187
429,4.499099106988076,27,-0.486383235327754,7.11377699740715,1.0973957050703207,15.407583015824894,2.74332187825196,0.43964674999180553,8.384638129008291,3.4227110069377513
430,4.650062929727893,27,-0.3966398453626621,6.90528485883021,1.1390714112287075,16.389487993615308,2.7797058058322324,0.4581576833342126,8.615785717853878,3.2310974318164516
431,5.442358471889585,27,-0.4392217910990329,7.047513857172583,1.0671922661871147,13.999291430845224,2.84289463221323,0.6124245860413039,10.337059622379638,3.540657244682363
432,5.58837073747185,27,-0.32383764490912315,7.913445453890259,1.0897267995744935,16.701391927001342,2.8852780195919983,0.4920304065074303,7.251477769428362,3.550435551010719
433,4.409580774505488,28,-0.4346369504626896,9.748361917188562,1.111482033399514,17.08396901302749,2.636040181617313,0.4374727993776315,6.986142014654159,3.2538971922943496
434,7.534572789790185,28,-0.43678761662010984,7.52856890238383,1.2060890081477216,13.734058361004056,2.6801465780205653,0.4994053670621956,7.709843278894707,3.5490800652725225
435,3.9690579862365962,28,-0.44175436731909473,7.901407693937838,1.183753088197056,15.360485823040056,2.633468270013517,0.47046312153477704,8.947360439810646,3.200054009932811
436,5.133064161829674,28,-0.3161866031921103,7.328406043977718,1.2321962785755174,13.70925841918843,2.78290457154443,0.4208658082198624,9.499560145518343,3.4607691705913504
437,4.504422690702628,28,-0.43586640699806645,6.814660365049628,1.2333538420672727,15.692329805389685,2.599356013284548,0.50207483028256,8.771630976910537,3.2508581990751955
438,4.839037523190495,28,-0.5164655856343058,7.534277063275337,1.0570885305277167,16.29668549471546,2.801317562595725,0.553127839292977,6.336978196288868,3.441966829389257
439,3.59893462614474,28,-0.39316752939170313,6.900072985155717,1.04975337198838,16.282306401937493,2.876035327333978,0.40937269920058317,10.56951055058472,3.3163536629810255
440,4.668687834018113,28,-0.437613178068964,7.566064332758116,1.0158766160628467,15.34643932607128,3.004057413867442,0.5581931225778022,8.13613154714373,3.408824818026047
441,4.24853219778295,28,-0.3566024703258629,7.867262896066054,1.157000100484074,19.06886223587005,2.6860019338981775,0.46285058554406766,6.520803646413334,3.347569020655137
442,5.851383409403816,28,-0.4388914437857553,6.1123745133165945,1.280962514869293,16.392721079525618,2.689503905228447,0.48626667546527846,8.790858630390316,3.305868013638857
443,5.342134452006328,28,-0.3764424236755543,7.935240819709763,1.0448682045848026,15.325161905789555,2.843414440047863,0.5825911471287444,7.894213730183836,3.6365517829992067
444,5.073798961453474,28,-0.3796777822974559,6.33419491467021,1.2282564010361097,16.421939823998407,2.644323818791765,0.5695742881472069,8.691940561924735,3.443497897887596
445,4.467518338386581,28,-0.41114164141155757,6.648770610131379,1.258934486562073,18.14736109130709,2.6176051043731183,0.4369412098419542,9.094662172622693,3.19647307749953
446,4.639185583581863,28,-0.4000101079773519,8.762883814963361,1.074457844452293,13.251511339750103,2.912120972835691,0.6048227058779562,9.077458325077876,3.547858423314904
447,5.041138762038968,28,-0.4660730540193685,7.844345465435058,1.1324115891272197,17.121943080792835,2.7004242379180874,0.4432606455562844,7.16077779834856,3.372853345020895
448,4.581459536157634,28,-0.387853057987539,6.87760247566875,1.0007343526665373,15.721414988058042,2.933691542917411,0.5829618647920111,6.656399608537963,3.4832835797860366
449,4.93960107368922,29,-0.457027735528746,8.124532110666243,1.2483796337129318,16.202239289599813,2.563623552874873,0.34014686773481284,9.999539525432942,3.021474677225366
450,6.005825292969102,29,-0.4333786169881934,8.048124296259076,1.0791784719456616,16.33930706656463,2.899921865943925,0.17756879183810798,9.887785831261798,3.1183046338205367
451,4.041018891842439,29,-0.39118202151585313,8.029315195474297,1.0821944329139224,17.82026702826506,2.7638062437266524,0.28801635844228596,10.723845913681664,3.2196093079579597
452,3.8736389183932745,29,-0.38287489008937226,6.555326476158217,1.1047559987293578,18.086033471734087,2.7965206504926177,0.30796709839472525,9.703788671994834,3.2725381742764372
453,6.182970927074932,29,-0.3579015063553579,6.8368416201159565,1.0821690266576136,18.047583069511628,2.591939139977755,0.3347247388926184,10.216187500204313,3.3184297423709666
454,6.150025608761707,29,-0.5583727619633125,4.352486359727711,1.1378857898335417,17.514016422357678,2.587258737322685,0.42933873344904466,11.379124754670585,3.091453575096554
455,6.482727287050676,29,-0.2627448133196951,8.206796937273385,1.1207571134802048,14.524761009592432,2.780768599288855,0.43821921849400697,7.4571504487305,3.3328490335840804
456,6.108861637827426,29,-0.28067597987477966,7.147038892109083,1.0571330850184786,16.184987670662302,2.8394853040018986,0.4394574161279358,9.884965764916629,3.416062802178126
457,4.617192887524545,29,-0.36290548878827394,7.187553789026568,1.0835670944494722,16.702051558044644,2.730710646542725,0.4926277219640959,5.191602371875363,3.437803953210048
458,5.146597172868599,29,-0.4134831413169064,7.65915740856101,1.360555077088801,17.207891831034324,2.4230177843054195,0.46601199273674254,7.06518154945059,3.236238323616313
459,3.8303898255553994,29,-0.4712225925748437,6.934878265939967,1.1062876526427903,18.334797945327143,2.6982820994683925,0.4625853135781245,8.38709631374169,3.2501926821757015
460,5.335340185720299,29,-0.43971408863285893,5.926431253408727,1.305066007436483,17.50753555842364,2.654443668998354,0.36467908316456626,9.259292664215597,3.1927141333103553
461,4.860230543762113,29,-0.26782284348895097,10.497259866652932,1.176393278464602,12.436180537286742,2.635712278897278,0.4160051638845397,9.917518903653571,3.4002151589169074
462,5.126623115552012,29,-0.3268501259971547,7.449217063271975,1.1852082891041362,17.631307655441216,2.6745531211259403,0.5417215906012929,8.595894508552941,3.327534141902436
463,5.648819888738443,29,-0.41809551882643586,6.015184648226433,1.225986667591158,16.05096233698636,2.5045911607771147,0.39914004410204473,10.885816364083594,3.3129503903383086
464,6.631893653504773,29,-0.26564170370906004,8.12549716161467,1.174721767274541,18.602163049306743,2.692605662983673,0.29902341870307103,8.72610072350218,3.1358586713111123
465,5.3230119299955305,30,-0.26637867869838183,8.173281298276288,1.162899396111831,18.109062335562616,2.6871001359864493,0.20779507718184878,7.520220963336734,3.233620395005829
466,4.858373319776418,30,-0.38380911735449774,7.149439278501188,1.2038376111896736,15.319900259344221,2.6019142982435275,0.5447466135179345,9.084453884527738,3.290470651981169
467,4.38191313570225,30,-0.4240720855358288,6.34917194436997,1.1758844869883247,16.203931648110515,2.711798137172007,0.37055241923532634,9.847215175345012,3.2705765161613027
468,4.49082352064415,30,-0.37873178739871766,7.601845434660816,1.154284758421783,16.269441113280116,2.6726211493675422,0.4750639474185895,6.618775500604035,3.3369289777761932
469,5.121908617769971,30,-0.30172448132378715,8.153507899809638,1.0872103645790152,17.795167184786916,2.718276440716735,0.5489992643593435,6.917902502762464,3.4516443262028513
470,4.108540689023822,30,-0.43605931334714065,6.283398027160371,1.2113193921797651,14.370556820054698,2.736429280049028,0.5700528530427748,8.450442506414479,3.34696820167283
471,3.9593227558841697,30,-0.40573340647937856,7.3156286011989815,1.1171620136356242,16.141162816358552,2.8397786399627254,0.4180919318819473,10.517732274360077,3.2399018575306537
472,4.432788793185836,30,-0.38865208754324976,8.189687842216223,1.0561167857814806,16.821765479321694,2.7909159560117778,0.24763217589550263,7.542741747698477,3.1956388504754134
473,5.827060858190301,30,-0.4177572605728213,4.965213527557964,1.2181206857286637,18.211609595822516,2.54388238768931,0.5392189211312538,9.344308370180942,3.3740004920969118
474,5.261044736131843,30,-0.40418320255226825,8.866451646829727,1.1475830802286318,17.32342686206172,2.7243730785741356,0.2686405470722929,7.800709111323627,3.2145485954230764
475,5.916414653160661,30,-0.3880909165080367,8.718922415980877,1.102297371749289,18.028347988343103,2.6936886020971027,0.6656694608510725,5.335611266656599,3.3722935450883456
476,4.359485862565012,30,-0.4288656612716634,5.325769440011976,1.1226842090617575,19.18292996968328,2.960120693226531,0.35648626226489916,9.23749642686511,3.146659214598579
477,5.6149901942434015,30,-0.3921759254686871,8.01866312915105,1.0187669286231706,16.767266202806365,2.749314886785931,0.5358040399408559,9.422973391149494,3.3747300392540396
478,6.328470409799779,30,-0.3123125604047748,8.61137940561766,1.0443149856698235,20.738823943387608,2.6539085732294136,0.2125680422418521,7.319255163948136,3.282830987025534
479,5.252773291442924,30,-0.44622776982413365,6.3259524474110025,1.3126925681089217,20.399399104148685,2.3405767539247626,0.3757693089920767,6.293583520611178,3.1934842549303513
480,6.446387378654274,30,-0.3118668093449507,7.871707369835311,1.0780400605530365,15.217319445292816,2.7319934355143762,0.35032482891809974,10.510479655202687,3.2588680737463833
481,3.8474818220627256,31,-0.39772601072936087,7.168220242988051,1.1617666355404144,16.827563336434594,2.772148773056355,0.480990729841396,6.411751305097697,3.3100107689592924
482,5.191061895159866,31,-0.4753774552485699,6.571153434747729,1.08558658264319,17.735120039576962,2.8570982388476596,0.41409783673597395,10.014593132847692,3.2938022565175107
483,4.9114773105490555,31,-0.31179548205681845,5.806405342479267,1.1548304774775877,15.272330705472243,2.851104296416529,0.39976239736204666,9.425040704730698,3.4049132587971265
484,4.824184920928565,31,-0.40851779310554476,5.655075492882297,1.1950694988902915,17.151466637334646,2.8007501225306304,0.4295775235679921,9.823327743484795,3.1476456671345314
485,6.23859082988833,31,-0.39131760682730266,8.382751461831061,1.124482216885143,13.006630703968217,2.884217082581335,0.5138652299476149,10.037216709647058,3.19363899690778
486,7.169274239336127,31,-0.3577727759754633,6.1602653877174465,1.3504132587650832,14.260531769223263,2.6719629300685814,0.5754001263884166,10.58773394570839,3.242471215575516
487,4.43146055296639,31,-0.47523659282137687,5.101354432530537,1.0772371974177457,15.145126987578115,2.861839761415079,0.4311839547420886,9.851227721108748,3.322882639906104
488,5.156248651897816,31,-0.37478910423975625,6.699652405191411,1.2353714149443469,17.261246445183446,2.8332079012979907,0.3237528245501642,10.622542549568871,3.232405034258188
489,4.7909344444927955,31,-0.3856183591146356,5.420274753345582,1.174035329154283,17.856558909025495,2.8883343636870245,0.34327062790820007,6.863650344933324,3.2167648152698844
490,4.24350522503985,31,-0.37468882059738695,7.527506602351045,1.0733109238265677,15.968549859952537,2.903924377781804,0.4635490489950401,7.212844375185874,3.3198120238101057
491,6.229437179718906,31,-0.3175725523478904,7.488612140722977,1.2472638596417955,14.215371414118803,2.649571563917064,0.5608668718148231,9.79866829377512,3.287602273762755
492,4.698940179585622,31,-0.42051818127966845,6.520224723630959,1.0763011271534768,18.484071372973542,2.788530133174803,0.49968462840626987,8.748516380433438,3.2591964113227045
493,5.5780319716179365,31,-0.4414342557714164,7.387193157679491,1.0534361994506343,15.492390513018915,2.948648409145656,0.3015780660750485,10.987290234295624,3.30660415139851
494,4.715982317839145,31,-0.43783507868938715,6.211564889121772,1.1908913252774782,13.047431240958716,2.920842754246532,0.3799954282295045,8.114373343474861,3.2521325285533855
495,4.999704166154218,31,-0.4197666982994901,9.087409843635347,1.100637840080063,17.83535164906097,2.531253594100238,0.41435851267750323,6.54172813464813,3.1792374111931494
496,3.946388535765676,31,-0.4230707386037249,8.673021079660863,1.0523343961382232,17.25196393326875,2.683590609031059,0.3344900473207779,10.222639394271873,3.2771589624796396
497,4.994711111856622,32,-0.3954539936681755,7.657356497077287,1.1053990249208308,16.873175413179325,2.857299459252498,0.44874384808002366,7.028150628004987,3.2245517203860525
498,4.192224391442769,32,-0.4363175067400477,7.3671954778855655,1.0554525297611534,16.69623280065363,2.8046152894192398,0.4383765519335584,6.741368459823056,3.2810816107833314
499,4.2655307597302565,32,-0.38544163798652525,8.488472073575034,1.134488378567352,14.46282354955261,2.6764360687181172,0.3128687548393584,7.67844332699632,3.2979204475274218
500,4.386885317298099,32,-0.4494142713768628,7.157551758606529,1.0551911078301577,17.62785926314489,2.6148037610763533,0.37745501152384525,8.450817219729545,3.2651960922369896
501,4.573025332087312,32,-0.36259070915780356,7.353681727092887,1.1637942361519937,17.487228249231027,2.799034215784086,0.40980950379843384,7.337003954423061,3.3415393791307224
502,5.744894885831709,32,-0.32218700689684726,8.435242267255632,1.0539369670459084,17.51679198443797,2.892668256024552,0.4020371366178308,7.795342720235399,3.242003684300731
503,4.546548460015007,32,-0.452121372880844,8.664298395419213,1.0241817518744667,17.10865675141616,2.7764418394739048,0.30539140655751995,8.519775110381497,3.1751190882403195
504,4.0314948936694215,32,-0.46325119626062633,6.189030902461736,1.132736272768769,16.44975744176145,2.75507273614729,0.5099247594375105,9.507197242696247,3.212012005172001
505,4.902144821591054,32,-0.35332657075271867,7.83859378240918,1.1628712329693305,15.841503991385,2.677509389770359,0.3632407115713958,8.584341295979943,3.241249508371258
506,5.0734801473384845,32,-0.36216274018709627,6.907307626142749,1.1809756661152677,16.842847351143458,2.793900735194328,0.47472169606636044,7.649408212979684,3.412780841066851
507,4.12849026271992,32,-0.4822911414187002,5.2689090236535385,1.229876629674386,16.78278586084375,2.7262986624861454,0.4395115003350966,7.666375446491044,3.0837213943315436
508,4.006654130755212,32,-0.39517745255914616,7.46654551470514,1.1410035628085358,17.784676849757904,2.7615679388729517,0.3758366684351485,5.962603660305724,3.3353776458324416
509,4.453529254090347,32,-0.46291433817369126,5.696587128764089,1.0576945254248398,17.488314257597658,2.8102742056204977,0.3236460555307782,11.701286937473755,3.306392218312138
510,4.583447054155966,32,-0.378990487837383,6.651355952414091,1.1128186887516898,13.75412883879886,2.988845336426827,0.36133033321442076,7.5145031867933705,3.3472664239499776
511,4.9222335645306705,32,-0.4551329258452383,7.105625458949867,1.1086474380939002,13.357385978701382,2.933182167890256,0.43672275097153856,8.230483713970793,3.338346968048442
512,4.336636533193469,32,-0.40730428675551544,6.775714897489776,1.1836863084504734,15.966193202948672,2.7861101424216135,0.3571815665123578,8.139105711043511,3.2897744960066695
513,4.458877387738303,33,-0.4759094268111463,6.593219044173401,1.2009928652628181,16.39408078740205,2.7199467799274633,0.3678509229348661,8.208435344910392,3.092264286490376
514,4.250742340473276,33,-0.463573852589857,7.390160976392011,1.1356047842168537,17.932016542187387,2.751557011734138,0.48860107109045237,7.632570736347176,3.2591845665739743
515,4.753613906332183,33,-0.42407856879803585,7.397159583081962,1.1751660344857557,16.89159049448054,2.68732853041269,0.29373153016522857,7.352547952807471,3.1808986481333124
516,4.876169532295977,33,-0.4447975141077812,6.444742561700915,1.1981652527385918,16.171604061302553,2.694910069464216,0.3137417419064329,8.155810206856115,3.180985631570893
517,5.642464244456216,33,-0.38994003284138007,7.757936613341562,1.0993587821870459,17.65393939737324,2.639563637982794,0.48394737200280485,6.818902355769593,3.32098880313735
518,4.29083419972592,33,-0.45450965603950105,4.963449721866447,1.1753296434021792,16.360727478627968,2.870129265921974,0.41066483872226406,8.588948139449409,3.221517281927465
519,4.1015142286730075,33,-0.37883904808828406,7.8171752915698915,1.1118910646363034,16.55759418878868,2.781739840339383,0.37011345040623556,6.776016031497195,3.3376911722046865
520,4.52192797704085,33,-0.42455167693053375,6.350966659569975,1.2191852523416749,16.234161821290012,2.6801018510290313,0.37067202728057375,7.427955662326924,3.1763943007134574
521,4.368082761201499,33,-0.42353102469244247,6.827536044307885,1.0984580112566094,16.896308530807836,2.8505671938819823,0.3761874995367341,5.1086472525002105,3.235096480472165
522,4.933456707845151,33,-0.42754884659137454,6.706857845313724,1.2184478985261604,16.801347143429528,2.7686113356864257,0.5028438807534055,5.689946808688558,3.238177772875789
523,4.1133211738928654,33,-0.4276327584240557,6.716737187419461,1.1725553448134303,16.51694628251371,2.6824457975547014,0.39622271822941024,7.5408039645922695,3.3179217013430935
524,4.403923039591343,33,-0.39077990522296874,7.268795788454948,1.0657045422424143,16.73309399742142,2.9423571933841743,0.4606106238371212,6.70939570512219,3.349801809690897
525,4.8456849030257985,33,-0.3919016067608972,7.262787751000097,1.20178139539885,16.85925121008317,2.6571763939702264,0.4434930697078295,6.570008711749756,3.178854472369596
526,4.835586907468809,33,-0.5167632745245088,5.796008792350954,1.1925492703265501,16.88290365719369,2.6959077543962398,0.4768055631205458,5.302485609495133,3.2748306262398525
527,4.69474814441916,33,-0.47665867452419775,7.191181349941783,1.2007029625133958,15.93025298206604,2.6833240230310365,0.4090048175937387,8.90990996060982,3.137974867747169
528,4.264833675086239,33,-0.425366492910849,7.124924172073207,1.187861414830784,18.664746399743063,2.672191274140046,0.4328455715261793,7.836956881173071,3.1968807946177202
529,4.391706885140116,34,-0.37878426240011437,7.689315850314144,1.1463671426764108,16.28908153467284,2.8037886507669354,0.4906709086516785,6.683638313787044,3.4309635466479844
530,4.816897982567771,34,-0.4375269745606334,6.780482519659125,1.187052726760654,16.3868305450892,2.7460306901524554,0.49326983257040785,6.808900083571794,3.3495468203125527
531,4.324186956672994,34,-0.37111705780711024,7.583997057450826,1.137451428076018,17.446457657781853,2.682912131036076,0.3609319276637051,5.735603556631671,3.3414816212549945
532,4.216447884461172,34,-0.4626445650691866,6.39394373289303,1.1674468572458443,18.13270758643282,2.713439688671402,0.43928349569109787,6.853007272592459,3.277391751450263
533,4.415763544233463,34,-0.47977022658230156,6.248001934716326,1.019011118935746,17.836623993329994,2.8884796429371535,0.5406438341382999,6.957776545108854,3.2954030050370706
534,4.366053637681639,34,-0.3874706356166148,7.9738894037216825,1.1081862971943734,15.993812375705861,2.7657638239417315,0.4144522926769298,8.02550191209063,3.369858783604817
535,4.593149644848298,34,-0.39865248977298057,6.961454646696631,1.066284305992231,17.114226464792374,2.7045131395700532,0.48204868100471776,7.477433143345847,3.4216073519027588
536,3.9918772767198454,34,-0.38240667691260305,8.278882498250619,1.0743020456001473,17.9957592754055,2.773451590210115,0.37684831281283937,6.867463630294131,3.312934217148616
537,4.941235802815416,34,-0.4650426382747401,7.547050490085247,1.1108732273496944,16.338474883531305,2.7892498867280393,0.48052372750646904,5.894139086334013,3.383793331991826
538,3.7050127079197512,34,-0.39775337206586814,6.065659638932794,1.057678740267196,17.520735166604076,2.927998879940072,0.4074192899724742,6.865406738933162,3.4023880755946707
539,4.652162010569694,34,-0.43101412337649114,6.955963147915709,1.1134942536439587,16.291437866741287,2.6850509231517754,0.4463080977662836,9.14210060193314,3.2752816348039415
540,3.848645272559767,34,-0.40771626316759485,6.591319259291381,1.092551829161011,16.306386027472843,2.89140803406345,0.4072221621000038,8.550194786042818,3.332073975833808
541,4.286700888306453,34,-0.4386316360051208,6.896121263968632,1.1614070236088652,19.12930863488246,2.7452275598217555,0.4641144683283118,6.702361861798798,3.199931621413501
542,3.725225908269601,34,-0.38826557434010217,7.944767331324927,1.1490830553142657,16.454404958964624,2.7830805516982835,0.35987589833524064,6.7386833853840535,3.269783855033011
543,3.696598996289846,34,-0.417491657003625,7.2740803833410155,1.1496356183215468,16.00438595536901,2.824846363353212,0.48349124444368563,7.5385638345539245,3.31882236236871
544,5.2119790000931765,34,-0.42057269242400264,6.924038159044868,1.0901924243049443,17.133252433187476,2.789785862844173,0.31930000172251777,7.717056840331399,3.2778043506494545
545,4.117840689754925,35,-0.3827520977053394,8.032805622869517,1.1357564000995266,18.475320679773475,2.7688954210385,0.4708702893432129,6.1451323174162695,3.361880452796459
546,4.295136389211875,35,-0.36114252069463887,7.224503321120098,1.1347950462642848,17.13784751670439,2.8265159494700023,0.4202799602501215,5.82511094078104,3.3776141771427044
547,4.159218128259645,35,-0.4098656495087885,6.925974042099641,1.1269255092835502,17.16453338136332,2.792489547722484,0.4577680293664094,8.132090193371925,3.2752271218981392
548,4.9244056290075955,35,-0.421028394106972,6.595224908124237,1.161418489829893,15.891431619940038,2.869274970062334,0.526793661391788,7.9947064581104845,3.3583088857974195
549,3.716919229360129,35,-0.41813610282857355,7.118847407460452,1.0681436036008432,15.821172548099089,2.932218424288108,0.4079779480799022,7.256628306077764,3.322451293332478
550,4.30255003659289,35,-0.40504668753034906,6.79543605955494,1.1572799623927903,16.737064038321396,2.8193574760611013,0.4863971134795233,7.6389255309270165,3.404548141163708
551,3.6205885148732606,35,-0.4064817446277374,6.225738265835154,1.0802977139107444,17.748631380682564,2.880804162611312,0.41689467258581,8.503542938772764,3.3439305445171295
552,3.840106312885622,35,-0.3828520666836622,7.36260993807743,1.0916147313144933,16.69334093501689,2.858998304087554,0.4202153966413344,7.758273132920612,3.316196263814194
553,4.535922805937441,35,-0.3675677027698257,7.109653635460963,1.186902224040567,17.31842259258475,2.779727557420887,0.43965617597464746,5.706983592759286,3.3582032013131933
554,4.140451079829293,35,-0.42813058210621,7.158399339655219,1.1002093812414917,16.553964067916286,2.8621683644535327,0.4803375555013134,8.558450427451755,3.2733362432389757
555,3.81581840744422,35,-0.37379341027024326,7.869632812654488,1.0765420869072955,17.730337075961476,2.8300293814279547,0.4919943965455435,7.699997870505178,3.3921102194757458
556,4.398423138553396,35,-0.3990159191721553,6.863498606775762,1.1807119423439216,16.045246210376984,2.790849171501282,0.4276361378241525,7.592662487659346,3.3900341857342253
557,4.094519738238758,35,-0.41560002105069327,7.829821366174654,1.1047341657632876,16.042064427979938,2.830203404165879,0.49528714180276695,8.588972074089448,3.411790053625617
558,4.031015320441724,35,-0.43097334424663725,6.394288308315239,1.0701523410207163,17.590408259354337,2.932000733210305,0.3718081440097043,7.035562965744047,3.277289775961946
559,4.751479335981824,35,-0.4888210852856368,5.780701306838363,1.1888677959055025,15.98794903825254,2.8057755737934293,0.43103567781756796,7.953523798368946,3.166911052391882
560,4.68425515578841,35,-0.3918179406135613,7.027524648753127,1.1385801352871863,16.732712081622008,2.8936063811246866,0.4424956436479813,7.871584674066051,3.3154722824300396
561,3.972953187173312,36,-0.3843703618058113,8.265475503967298,1.0474760056930061,18.235028932384896,2.804059720487175,0.4649568799343064,8.855235650525575,3.410790260168813
562,3.777068302981975,36,-0.423583325578981,7.014845299703131,1.1038286530659323,15.920496886601944,2.805060086502866,0.4795492270949492,7.759112076423813,3.332013289378938
563,4.239435897752926,36,-0.3889120543406145,8.071749354451763,1.0211876547866796,15.601601246716452,2.9731142778511463,0.46589217493013807,9.192539245253029,3.412822850241074
564,4.968643026450932,36,-0.4510706803650625,6.103097275355783,1.1845289860171386,17.490560795474646,2.7196083212772035,0.5027361900279104,8.057564306821105,3.2936414306491146
565,4.118405187320139,36,-0.3581464739746851,7.687179348544711,1.0484835749762809,15.3965777017943,2.880125587784116,0.368578037952459,8.111343767532027,3.473022870507723
566,4.356174424312042,36,-0.45621877106558534,6.063255225129196,1.133725413110632,16.190094448560924,2.8741595296600915,0.4340134025271778,8.15741536429257,3.2429758963437343
567,4.536721085346326,36,-0.4507789533149822,6.554758652528027,1.1059540246666928,16.728013498254168,2.8402790286693347,0.4484172179386295,7.8520391926253215,3.319915045996191
568,5.30952752165732,36,-0.3812061743594009,7.214133422697213,1.0753460483217527,14.376307580249552,3.021034671121454,0.4166688994933569,7.302934860074651,3.2765019027291262
569,5.057639250367041,36,-0.4057778623220342,7.521424485448362,1.155207800667065,14.585632309140243,2.7452124938970965,0.4285688122854438,10.00178455396016,3.3448828744339916
570,4.220869239249062,36,-0.36911599377957577,8.213762812178329,1.081890693542175,17.722186540615237,2.773446088054337,0.4181319833103603,7.982761086335981,3.3049859867661318
571,4.369598659686744,36,-0.4169815265545683,6.247433507576546,1.1008988725421414,16.320575334744458,2.9763815883728784,0.4684256242955011,7.444734129647598,3.3905719932433933
572,3.893680744041668,36,-0.44004316496643536,6.885096040068334,1.0260731520565713,16.13519574355771,2.9624521203282663,0.4710196079602379,8.390808822743804,3.351249077613163
573,4.010296788167383,36,-0.4433536447974099,6.295512242809405,1.15178044218756,14.42913647283259,2.824486782919086,0.5192905787152295,8.719328363416109,3.2823301651711856
574,4.045744266997023,36,-0.3848754872944302,6.192880942033431,1.1834473760417221,17.08746693827298,2.8106380142858307,0.43971632954779194,8.626477590581148,3.34427149992536
575,3.743713604657647,36,-0.42901539136160943,6.0519337088604175,1.096828606429903,17.833588684332614,2.9095259359980927,0.4437699608652629,7.474812032622796,3.329388701912356
576,3.790796921624113,36,-0.4310370404645551,7.390817608017548,1.0618665928720312,16.185287196161283,2.869779692459382,0.450194459595157,8.150690021562642,3.3110764831858432
577,4.126861158251382,37,-0.4335290154064702,5.96104156838391,1.0316648310764496,17.461422891738763,2.9481439722400977,0.41371698188297235,7.866789832069213,3.3719880510120412
578,3.469629105257676,37,-0.40202910550608495,6.485139393488137,1.0644434961536935,17.854089428889857,2.8617922704638525,0.48762892243868267,6.871096421969472,3.418106688278685
579,4.251243203130729,37,-0.4606006081008092,6.681152836875443,1.0756177506724123,17.305994316534527,2.8508854115827846,0.4942039516511243,8.495877757824704,3.286500809543112
580,4.418135766792783,37,-0.43787735342551243,7.337794320577693,1.1078013533344748,16.082659259190322,2.8139716298715953,0.4613079222721452,6.3573475227875695,3.35836560994588
581,4.133522101953919,37,-0.4453868851356817,5.524630674935833,1.1252111374912488,16.13008862825481,2.9307088022428185,0.38745269653851855,7.533324577807552,3.264194132560717
582,3.9682506146841097,37,-0.41126989796138086,6.970923141836722,1.006129126323601,16.208305855048422,3.0043949514543753,0.4532132311591909,9.266966463400228,3.422316665130667
583,4.082987052294265,37,-0.4062895025971956,7.663887524141382,1.0495641712771009,16.634785145593998,2.853466637113666,0.4153882029612657,8.522833198305252,3.3713410235590735
584,3.9433320168087693,37,-0.45840986414718105,6.406289581000246,1.1186507984514629,17.170274214038695,2.877652726935062,0.4377981145416228,9.176102719091817,3.189253702874086
585,3.838507081581419,37,-0.4189619496892515,7.485212365987593,1.0306174874655762,17.36916296643738,2.9463422255795075,0.40837621541236474,7.441354753433074,3.3423774269711903
586,4.136335031502539,37,-0.45907176988082105,6.0496676834731895,1.1529342448860538,17.239348551364884,2.7567253114592836,0.4531596143240685,9.981662720471455,3.233017337033362
587,4.054851107284364,37,-0.3643206487320504,7.879155140480302,1.0834671929658855,16.68314469585972,2.7655539562107014,0.4703712845251805,6.7316199818700415,3.4645354692113397
588,3.9134318888583084,37,-0.4192308825166709,7.420029722872609,1.121791506192369,16.76354503960961,2.831529324380676,0.4276952199076548,7.147459146176302,3.299775214971094
589,3.775398360446338,37,-0.41083123394194854,7.690054197827977,1.08657400136403,16.693755281322275,2.8383977525642297,0.43918336684703563,8.075122346883566,3.3193836351226813
590,3.864869549162774,37,-0.4193848218278287,6.4404826002169635,1.155027480070027,16.265740086087877,2.795574670226216,0.5149696315256241,8.220100528523709,3.3516950807612664
591,4.138981325546176,37,-0.43214723937224314,5.985212442601899,1.1284535429677711,16.944290246121344,2.826455264161697,0.48438934184464055,7.764049142848943,3.356793130888564
592,4.121951491525407,37,-0.38488920786286857,6.836686291023715,1.1146400519947173,15.649923773749338,2.8552842144875075,0.48145002609580834,8.066726498546368,3.3291994154927638
593,3.5235914166240474,38,-0.4031569223316621,7.113686713057127,1.0415789148561125,17.86760027215763,2.8610891032894092,0.5012879549120202,7.758966136501915,3.427353539999931
594,3.9125317248468217,38,-0.417307606069757,6.234231043124272,1.0930808510505823,16.72601175354409,2.9389986207936953,0.4006206275060912,7.511252560147248,3.337073563754735
595,4.090095246002073,38,-0.4264159878035236,7.043246808124309,1.0558571145410356,17.381103463872876,2.8515912023747783,0.5032107688590407,7.1653042417948685,3.342392901719934
596,3.88435547951298,38,-0.37670856167519967,8.202240223821095,1.1070310082919184,16.174655719560278,2.762754628258133,0.4940894009019989,7.977119587937514,3.4145845823656513
597,4.042902780966383,38,-0.4314900614810036,7.2644535484907236,1.076124256650053,17.03196709430926,2.796061770758552,0.45527562245240294,7.947268050436223,3.3490853890036956
598,3.9044988033698425,38,-0.40329442099102447,7.547189029126581,1.1051370267099088,17.03636712334045,2.8041025973652483,0.49905960471598876,7.053187672011405,3.407115615642304
599,3.8961192114106975,38,-0.42231616416391304,7.125645365407799,1.1023848785649384,17.464769332047283,2.81049699815309,0.4732960291434457,6.80758122978333,3.3566985133612683
600,3.775170713942743,38,-0.4051932220759228,7.9124330865493535,1.0101291828493586,18.070344401758128,2.873242639821535,0.5437210018091443,7.1884570646620976,3.4406577255180637
601,4.258985814110658,38,-0.4125586201392579,7.016220775669087,1.0698811358425746,16.899341273157823,2.908988945568378,0.5462612819227812,7.858449327361075,3.35071226561511
602,3.7259377637419666,38,-0.3982838011309933,7.97473524290976,1.0837222618989795,17.137317983255894,2.812107889311063,0.4875880114133894,8.25993247514432,3.373388606611404
603,4.046620257359008,38,-0.4316152334145554,6.6147896182477,1.072411189701949,17.17996290391544,2.867664614124713,0.4653590815012143,6.699653019619519,3.3675156086783744
604,3.7968155549451623,38,-0.4467395100780558,5.747237258972917,1.091943030355251,17.578219487412554,2.876636624950863,0.45895948240202883,8.1683057643184,3.3020635332876354
605,3.5746681630697377,38,-0.41035850698990667,6.331808420179649,1.1324502949286814,16.952136276644534,2.842116252272907,0.41126742015275963,7.642992143087797,3.303825400670747
606,3.839231539011761,38,-0.39610158020481645,7.541863630800053,1.0259598716454768,17.89885979641947,2.85268116382063,0.48351107092345624,7.7975012190958175,3.3859695679957613
607,4.029683396647584,38,-0.41703756735258485,7.596556195032231,1.1202435134979216,17.292097996640237,2.7608748933079372,0.4671321019222543,8.13306392305255,3.311933595023995
608,3.719476038206109,38,-0.39209061059249845,6.072524695494648,1.0800536174900928,18.199865261701095,2.8789003769545065,0.4245411793707092,7.933978275639592,3.3352985048534998
609,4.416894187042612,39,-0.4395677150359306,6.177002122834349,1.1016968660943776,18.065544712982543,2.877678624724199,0.41658029201296504,7.543194689548172,3.288450105723028
610,3.7940700550921886,39,-0.38811281502977835,7.67443201532201,1.0795835072076214,16.728497129269037,2.8066304961718127,0.48589395669133895,7.029548114902542,3.385281451690275
611,3.6579638486009376,39,-0.39147038442854515,7.585676829706358,1.0088535893041983,16.725061925236197,2.960328985644928,0.4246822365282189,7.352688223737051,3.4090461857482883
612,3.908182093576346,39,-0.432737928081841,6.979077046447152,1.0543010739497296,16.654631394185344,2.8630378171389177,0.49805387877369506,7.097293418616675,3.3899423876115438
613,3.5678565015455437,39,-0.4296756499404565,5.696131723737971,1.1478779538723036,17.48100352754457,2.8197312511161696,0.4343225750188628,9.250684657413258,3.282349953701802
614,4.189661884363734,39,-0.4538026444182906,6.970457814529127,1.0766206281699178,17.637231495741013,2.8074892597612666,0.4625301529899766,7.272481989587758,3.335223968328544
615,3.6214236069838677,39,-0.4078031690369187,7.723147427510231,1.0345980889350044,16.182710897820236,2.8206870558700454,0.5507697906612163,8.147794588907884,3.4198727735639816
616,4.323362815484038,39,-0.3766291099263269,7.202020274843763,1.057715382852393,17.142642821773958,2.894333144706474,0.46155851878720167,8.42478875064316,3.4128800058925033
617,3.9494482222823524,39,-0.3827709653476906,7.114754363754051,1.0323898612268025,18.48124254323551,2.841736729393057,0.4763032438816841,7.808259280569074,3.490503923730854
618,3.7405049777953705,39,-0.40272537944184267,6.941272917354055,1.0728067228205302,17.371795292063812,2.838771416432067,0.45324809474133254,7.670034910595719,3.3834715708855305
619,4.017429035269029,39,-0.4371487371942801,6.149224282582703,1.0791003500908445,18.8533750948562,2.8857763071266027,0.47004885338001823,7.122531185884835,3.3188174984905343
620,3.8958762160119256,39,-0.43599854240668795,7.519636917616771,1.0479978766367637,17.422793192460198,2.897536827277312,0.472103963651495,8.069320442418649,3.3249726612355777
621,3.823624085564524,39,-0.4187225110202581,6.969835026266154,1.054498007753396,18.494156255518913,2.8156584244363465,0.5561194571223801,7.254795843479443,3.3969799148220856
622,3.5993489141007267,39,-0.3606273671167071,7.450020701839138,1.0199215769316818,18.399978023079587,2.8703095438299546,0.4355008165157716,7.1287115739903895,3.4571469612081858
623,4.199944908841661,39,-0.413003211864726,7.603635873630166,1.1054631819780045,17.7313144271098,2.772093966090928,0.469093749930342,8.619324808295838,3.3477858481151967
624,3.860438544188796,39,-0.39491179695885414,7.4385806619217405,1.0505441165575427,18.941863783905927,2.778228564466687,0.4663499914112823,7.208744102334726,3.3835437119471914
625,4.10897052458951,40,-0.38182936074964696,7.935054568253426,1.0025091076257489,17.227891776658144,2.9145296940013865,0.5394363217465056,8.285117745509533,3.4580783566466473
626,3.984221799027004,40,-0.41568040417573854,7.3916483648305915,1.0655895800113526,17.733488349264185,2.825148815142593,0.44414055316761086,8.263004275459297,3.351383052079021
627,3.8823773127068564,40,-0.3944342578177788,7.382940895534364,1.025870693608774,17.081890560392214,2.859026760351403,0.43601905679148906,7.270864971788413,3.4212102614719195
628,3.4204239799706206,40,-0.4134320420432328,6.909835016290262,1.036850734976535,17.38701123843096,2.894661043215618,0.4438250609928717,7.210786509546185,3.387336807757391
629,3.860077128563793,40,-0.43205934368753035,6.076283484303744,1.1730043246983692,16.27888458199164,2.7869797760128185,0.45620256643344126,8.306884744962671,3.269823012354939
630,3.9163327174513087,40,-0.3868496293696612,6.916764015385407,1.0182505392471635,18.92035860325361,2.8966791819880844,0.4489521705084564,7.382201324713542,3.41346652207361
631,3.786131590237518,40,-0.39638149789084615,6.923877648973661,1.0564972023953245,17.25500911808212,2.857713326476141,0.44879531399127925,7.453906674666143,3.3464797831340762
632,3.929075912480137,40,-0.4085257176633766,6.664117296121441,1.1401992946620287,15.92488831588204,2.814611762789928,0.4353002894987164,10.025019008867845,3.3108532473064667
633,4.3109727271507134,40,-0.39884061757858885,6.750537415439016,1.1292222612363676,16.69326362557653,2.7638555827768014,0.48941405291673135,7.5578120557410715,3.390187902059064
634,3.797974593393879,40,-0.38442887842348894,6.988494277602479,1.035477918585759,18.19979303792088,2.8867946586723074,0.45448666712074587,8.632424977167938,3.390995337910242
635,3.9576178024413555,40,-0.36373642126960226,7.884056901932155,1.0376028940195539,17.690303020920844,2.8576791831218005,0.4752434375068762,6.492293481791874,3.4496790855994695
636,3.8044157304313244,40,-0.4082245051152961,7.199490492591441,1.0065760773088532,17.803233783972505,2.8950507393151383,0.4411030262675142,7.394630591406113,3.393447332887359
637,3.9418969528477974,40,-0.38300110925233494,6.426328353146317,1.0763443743142542,17.449453200860976,2.9235441163055604,0.416998463016513,7.851893618869709,3.3608104704030186
638,3.6603563901155263,40,-0.39603845344269195,6.797252392920601,1.095497210342096,17.725260150066653,2.81311844134736,0.45289334399337317,8.167955403837668,3.3455360350257632
639,3.8768544218752767,40,-0.43119764496903706,6.822301395235087,1.039245095775049,16.139393336094862,2.9485813767165796,0.42566866530402153,9.080570827333803,3.3016693409034654
640,3.979856164164423,40,-0.39668406827824726,6.6646412917012645,1.060978041437453,19.033968370695437,2.7779993348477694,0.49311424363878553,8.320769574233541,3.3957837248474236
641,3.856895083456794,41,-0.3895344360832161,7.274774022958209,1.0419728518256728,17.381060187414285,2.8085667188311834,0.4523209148307633,8.415670668608263,3.3683730931128735
642,4.046082709351095,41,-0.38084700593933435,6.752440337555599,1.1197337979588742,16.95358586709054,2.8182891411969746,0.4766423584017425,8.926245194580304,3.340135022904429
643,3.739231376134139,41,-0.385937691678729,7.588451371490791,1.0645148036539267,18.156026210487298,2.8186930778996535,0.44050918665334055,7.274859072311782,3.375899240223325
644,3.9848095877843663,41,-0.4326684105353877,5.96889275324469,1.0852377461394933,17.347380383236793,2.8630675865385324,0.47059761594637295,8.831754211335353,3.2922442502273603
645,3.6180426920445967,41,-0.38394720558307915,7.540271167044294,1.0565459021932235,16.918744996275517,2.860014790007146,0.41474572091932294,7.935315824088821,3.3567101950164915
646,3.9597100475863662,41,-0.41634318895975425,6.215300326943061,1.0410715695392108,17.655905126646687,2.948734428802514,0.42463203567070196,7.253853327830944,3.3700661503585776
647,3.8193610008066785,41,-0.42599383428428944,6.665751916249576,1.0593482126075382,18.38545831154639,2.831816602833712,0.4807261188471832,7.695450784692522,3.3532834125045
648,3.816179274158596,41,-0.3791315717119446,8.167798010062313,1.0863752860445905,16.56955238644957,2.7933499584271178,0.45489488501957787,7.644229802012955,3.3974153012169617
649,4.049623815423348,41,-0.44198198043412656,6.995213836023787,1.0170021400692357,17.133535115198935,2.875503062791559,0.4004006805134327,7.64837360380317,3.3125312171416175
650,3.6871788989008962,41,-0.39612188086341554,6.883262243857807,1.028787027823854,17.61228153348381,2.9256462721798546,0.42586674359903676,7.406016898270628,3.4028908039494477
651,3.8332023726955864,41,-0.38102391334933833,7.811216348802633,1.0287875676904863,16.832449446750687,2.8475604978587015,0.46943787364585277,8.041276883721755,3.4082079800369294
652,4.152153119821345,41,-0.3721675116826807,7.80914599342646,1.0514246737472968,17.607316227467983,2.786734810911442,0.4406045678007798,6.697097208797835,3.391118039244613
653,3.5913146919184125,41,-0.39340488926460315,7.3751616110877585,1.024264676008496,17.29998391020172,2.8463811685387994,0.5106981128640172,7.608066104735181,3.444877469021076
654,4.175254739367299,41,-0.4037008935907562,8.178764645087677,1.045190455484976,16.922154586829176,2.8198045648798935,0.48087027994592796,8.67741847726781,3.386481343836129
655,3.649830089978143,41,-0.406073367512945,7.384691806939732,1.0475125884906717,17.970829575005194,2.821140638726848,0.41570418091348404,7.537633300406736,3.354414639704697
656,3.950231018693794,41,-0.4125087374415674,6.339168352103577,1.0661736637026535,18.74009702683879,2.847133140584217,0.41605265697946114,7.1170396553887105,3.3572397089880384
657,3.7039982166591283,42,-0.4003473186403243,6.9815617390018465,1.0729395672033577,17.36601590240501,2.8122700743833104,0.4670829842224359,8.291889149356475,3.365591876745744
658,3.5113357838746655,42,-0.39012991684852544,7.7444047588605995,1.0188782321759167,17.83536768365417,2.842281926977915,0.4644634028030522,8.276403937148048,3.4253940958010807
659,3.381954398785393,42,-0.3774034751683607,7.234007389091126,1.035652573813494,17.83407974999198,2.8571479309185004,0.42754473157464534,7.738790477250851,3.3816739622671266
660,4.0601858349675055,42,-0.36721535255461724,8.267012085061511,1.049581799855158,16.043295472753243,2.8377858993576393,0.5161516699065054,8.013390263767537,3.4329049034491823
661,3.488729560430892,42,-0.3835323518633297,7.361656768877011,1.02694205799274,17.379431836246482,2.898884771730449,0.39703911492158006,8.350770328489425,3.362644757092004
662,3.823242910941758,42,-0.39659981942296524,8.298846395310653,1.0156231048950104,17.64252414767255,2.886478619525833,0.4596299733849837,7.169688927967186,3.420897176825979
663,3.666010489427651,42,-0.3931960655120342,7.354130425988188,1.0199791861435876,16.550762177885613,2.9051336194554778,0.46274216685934993,7.279985887903966,3.4293567558786173
664,3.8558794206982197,42,-0.39065002707725743,7.61396896250781,1.0614608615479748,17.818072871876367,2.796757075571526,0.4412708061529456,7.837156242742874,3.378437693406007
665,4.126060341399407,42,-0.4171686413363197,6.475457058524879,1.063094408428483,17.487061789269134,2.839750304031898,0.42437249359297347,9.10687736257886,3.3518807622684803
666,4.020301226671787,42,-0.39044573931966586,6.354597072831093,1.0808098880828336,18.074717447034956,2.8239876386281257,0.4544894485131806,7.0344564761983115,3.401603564768167
667,3.6065981834790835,42,-0.38391325443676944,7.110574077593237,1.0579203860215676,18.396255305629865,2.822909138579542,0.4264120454189637,7.474418203809977,3.387669643343503
668,3.731920571576388,42,-0.39857919423280885,7.287261749817604,1.104782693390409,17.597199058548433,2.760247203831222,0.47620573025275154,7.093953494696527,3.3536314595910404
669,3.705382606416062,42,-0.38296722835166025,7.877467355870564,1.0241710814033906,17.679346545931853,2.8485307862565175,0.465484901961992,7.460906665165647,3.404241456375308
670,3.6155568532785147,42,-0.4203474234864939,6.89065797272343,1.041973198897575,17.608058285526187,2.8518922813013656,0.4643551225247477,6.771700825122489,3.3873254136909448
671,3.6823588051445535,42,-0.3747981374554934,7.4551451946993,1.0499749746917726,17.811985404736664,2.822668101754918,0.4759939358005257,7.616981843030094,3.459664794919055
672,3.821028637597156,42,-0.3810424935631104,6.926893286938204,1.0972857198949293,18.049841461349956,2.7996071868447405,0.39819241856643534,7.950757052866833,3.3568515690260696
673,4.062592775711435,43,-0.40652512989455225,7.039591163926628,1.0720665961226967,17.28845494558944,2.821168137706491,0.4363208194543019,8.059832916530489,3.3601053703909156
674,3.7318000381796987,43,-0.4186365826022499,7.265663624354218,1.0252224967716521,17.11698498646241,2.8753190210198705,0.4520571042882642,8.219283328248807,3.367006404320131
675,3.892500168572157,43,-0.4018193789198335,7.045187656449418,1.018650665681013,18.012969319030674,2.927564988461663,0.43925344287617046,7.930195379574385,3.368770030569756
676,3.8366454771774863,43,-0.3892253681806754,7.326246022784397,1.0673997418277443,17.1988734299201,2.8517219819349098,0.3931511538899911,7.472083406993541,3.307121463826591
677,4.392994242148197,43,-0.3575342454819026,7.003989443889856,1.0122149617598966,17.39104134611318,2.917108973644503,0.4195157878762972,8.956121371004016,3.4283944720094093
678,3.9471182995196648,43,-0.3755418277855619,7.613899879888097,1.0723395330673362,17.518889001126027,2.80915460534775,0.40049774616841594,7.057832870921486,3.357060623378402
679,4.102347786600981,43,-0.384902782279147,7.305196928078531,1.0200078485143653,18.251492313911676,2.8264276559553907,0.446412208805295,7.021845159312734,3.3883066708086544
680,3.8242218268474484,43,-0.37658551263151563,7.721196008348563,1.0202913063273844,18.207573060699804,2.815177185922562,0.4228474312095145,8.15292597796765,3.3955547668095805
681,3.641451555701881,43,-0.38609053596158804,7.785630243269213,1.035584122386785,17.192443941511637,2.8545299756860096,0.39487934695084853,8.621502142455693,3.3478022050304475
682,3.9896908191556686,43,-0.38520293014551504,7.7438779046557356,1.0550862400339327,17.321631373515054,2.7816177379953375,0.4265688191477214,8.532634753800334,3.364077327830017
683,3.723795756967491,43,-0.3786993892037979,7.7732578302856865,1.0030955309597374,18.034440179512522,2.894214947237444,0.45141679202518603,8.043025033865703,3.441330490241242
684,3.67594777121488,43,-0.3873195841818938,7.612810243878182,1.0335814567298514,16.891103866631077,2.864435399346209,0.3913235688238485,7.572563041390169,3.3738395143281457
685,3.7822708263717653,43,-0.3956769728526196,6.998888648583215,1.0705614898206537,17.45083780579664,2.8689181412672142,0.42856249088944376,7.57642692585565,3.3269883643760045
686,3.858009295426279,43,-0.39880732326435864,7.690144693329254,1.0424024609104139,17.374775042288704,2.795305296244139,0.45304128069151656,7.9739864324388465,3.391395484018243
687,3.986724402533194,43,-0.3650014951973708,7.619373811533994,1.0426053997850142,16.7183762806689,2.8631562276351494,0.40342129018791073,8.448075027514848,3.3927598021192935
688,4.159872712613338,43,-0.387572943533047,7.609149597621412,1.0465604401469557,16.496129425552947,2.833725315549611,0.43465916554341927,7.291657354719697,3.390078192338246
689,3.4755760729266774,44,-0.38861234705426173,7.023921448978231,1.0273198387976878,17.127736166640442,2.911755756468807,0.36810880691199194,8.65470960859423,3.337862336765856
690,3.621566786884848,44,-0.38982693212347586,7.057894754418129,1.062544094714159,16.894327247859323,2.8933767738405103,0.32578565276320487,8.857672904380108,3.268802684140374
691,3.5892300101422587,44,-0.40646420346385725,7.3966092043866976,1.0376549765352328,16.648083905489862,2.8846010202862984,0.4306308298894866,9.378812204621372,3.332416205223447
692,3.893446877422558,44,-0.37857506084419756,7.824779969874199,1.0084931038524227,17.06970289606216,2.9362130181356694,0.4169201761727368,7.671517492252166,3.374445332549529
693,3.9519806354592397,44,-0.36566821258214993,8.084490389549165,1.0111553792392796,17.34803065506829,2.8568627054866282,0.4153942556768894,8.033884408319421,3.4141669169160953
694,3.7021321911132787,44,-0.3792123432800395,7.9815957828653,1.0179704154747642,17.076396536681244,2.8587737234270327,0.40728440519000353,8.499927286218567,3.3665686109249253
695,3.8844321781326947,44,-0.3815938454246382,7.805357177175589,1.014856258521811,16.78404908522533,2.821734345244284,0.4420399582914359,7.87117783159366,3.394243715986157
696,3.65483388294546,44,-0.4004338243287445,7.7642230308923414,1.0269117873579332,17.827436309415596,2.840542834488111,0.39379130057528067,8.320388464753902,3.3485831429852646
697,4.179718748851197,44,-0.4052937754524848,7.652108270348929,1.0321473549616498,17.070248009304674,2.897649740404371,0.4160668646102796,7.463244519409711,3.3931776239319267
698,4.350089054273776,44,-0.37041204055595256,7.815096571374414,1.0420706040784784,17.542515653578498,2.769871856204875,0.41310453938484565,8.201625226851913,3.3843279215548066
699,3.756974643753604,44,-0.41068509542694853,7.168472797020157,1.0635360526071362,16.940534299049286,2.859860505010295,0.3851835813148684,7.836823580393145,3.29214680403402
700,3.747880838209989,44,-0.3731000604649387,7.653277878408861,1.0228732868733044,17.357434040056994,2.8888857969612953,0.4585330186580774,8.727916362375481,3.3967867459673227
701,3.7521509789667222,44,-0.4079421879517763,7.537124579004166,1.0279572740187262,16.51443224066771,2.8323106931197812,0.49313470233165935,8.511371775995139,3.394933444342963
702,3.724826487128476,44,-0.3991693883674819,7.5989486704479745,1.0145923566020518,16.95498199490918,2.881599921894716,0.45066378120193556,8.032097986910289,3.3934258201005476
703,3.811251937051294,44,-0.37686910529435513,8.6985571026467,1.0000294138302706,17.662960869893308,2.9103849228138556,0.4011045389217853,9.103035137918756,3.4038569744363434
704,3.7612744432223018,44,-0.4149358918235851,7.694817950172361,1.0391338057731359,16.628156617193472,2.8738270823421024,0.357473403052573,9.258171871978792,3.257820305473221
705,3.6392225731351524,45,-0.3985079602923811,6.800856557264716,1.0669060951451312,16.92960372144726,2.912256841134396,0.3519343247035366,9.256926017353091,3.2740880069584546
706,4.611884102670403,45,-0.41543526304218903,7.746952263948382,1.0749669977595357,16.087466840380245,2.8324212638950503,0.3498550578973321,9.190164912561121,3.294281065708603
707,3.7098672293425934,45,-0.40499634850969657,8.168093022865497,1.0715126689126373,16.66955009668613,2.81633483929471,0.4136100277836976,7.874522918860115,3.3000132827984756
708,3.309338417784825,45,-0.3720685946258334,8.039475289578075,1.0087066489061458,16.730649008957876,2.9108073265169403,0.34879904813151086,9.50120163201261,3.3585970565872016
709,3.4462451837937538,45,-0.39235161625849857,7.214072398037448,1.004996081297449,19.276633610937203,2.875100609711303,0.46287425130277016,7.7827243776983455,3.4346489087668464
710,3.575668006183732,45,-0.39336984560770244,7.424144552393022,1.0031809586143172,17.64755984489368,2.9390953272508837,0.41557296623581247,8.026796726863783,3.3936054776565525
711,3.770037372459582,45,-0.37915513341152285,7.935751375236533,1.0094587119512495,17.02018684128005,2.899946426716784,0.4478245079912414,8.613003567609498,3.4109199813318587
712,3.6059552688786933,45,-0.36288968958429096,7.293411794486027,1.1070163674378113,15.783127274831617,2.873725044941265,0.2782801143213522,9.405500874808165,3.250728532426173
713,3.966722675720799,45,-0.4039154943664631,6.3598109158434175,1.0531025907134892,16.718743486271226,2.929227912073852,0.4662072243562291,9.322032430513962,3.3436602346622415
714,4.108491339638723,45,-0.3992333418471076,6.631649651048378,1.1445831092701304,14.984390600285714,2.7988140109391555,0.3363630749778351,10.079115033590833,3.2304724406307077
715,3.777314369867618,45,-0.39543276301440994,7.532125461744519,1.0775832254002857,16.450246013831972,2.8383816186996578,0.3586641066588801,9.887231361515717,3.272673514002359
716,4.138766388628034,45,-0.39591231992867193,7.898247067352217,1.045892526748302,15.999368509797936,2.8658412602027936,0.3583326492704512,8.475549046726952,3.2964285995101514
717,3.8359166970518093,45,-0.361575904669162,7.758664242608111,1.0097258741441686,16.33240033055462,2.8976675356619044,0.3789667656466071,8.937457736870995,3.428918672267386
718,3.8931156049533624,45,-0.37073950267008254,7.48903892870764,1.062073782564543,16.462944375978072,2.8599831183655455,0.30575831106391216,9.466854116295032,3.291981866890094
719,3.85001756719501,45,-0.385393886860959,7.254184570876082,1.0414287996463574,17.62142941460659,2.8460962439216564,0.37822006230258076,8.175580400832036,3.3550691504472976
720,3.846253283076543,45,-0.3747012085866374,7.150356972796943,1.081626552544404,17.785462330274775,2.817550642470059,0.43998077132430446,9.163388580295509,3.3552004738676997
721,3.795008433902547,46,-0.39491597905587633,7.584455028580583,1.0538172973682376,17.11275300169994,2.868677893724992,0.3991235533647941,7.690917038127429,3.314015719794748
722,3.9271676009071026,46,-0.3915184395542551,8.157984891384771,1.0186165931178377,16.48509113641081,2.90003431612493,0.34265917102006693,10.078154257944405,3.359161677475886
723,3.7454874879155846,46,-0.39574429781274556,7.070574268956202,1.0067148636003336,18.23608572181562,2.9665752086038126,0.39447926637344644,8.095269339034799,3.3554180050604216
724,3.864219482761242,46,-0.37153680776696246,7.614942992821876,1.0031665499035514,17.482253205221483,2.9339657388155183,0.39388264027698217,8.826307892241246,3.4014274959526656
725,3.473875991870698,46,-0.3690777597861541,7.004424789281888,1.0177267856726937,17.582283246858037,2.9354964024286465,0.27796520843965417,9.229072136907789,3.3051235658190024
726,3.9079842148351647,46,-0.38566344011414144,8.367564812703648,1.000575189061839,18.27567915343539,2.9059194002947764,0.3328624283604494,9.311704998396118,3.3847405477558645
727,3.90857323737839,46,-0.3644765447166091,7.166482778810451,1.0648851205871463,17.457747282341273,2.8187163663130876,0.39254543304161377,7.394288068914927,3.421832972028247
728,3.7848170440872493,46,-0.3667966956903361,7.900456105699834,1.000827449051972,17.718575584490733,2.938692513567133,0.4279098364050165,8.274888489364796,3.4945857488227734
729,4.048687883498718,46,-0.3716879400637055,8.474311768281625,1.000663898304222,17.699082875150246,2.9240033061765964,0.3145607133518596,8.241168300294179,3.38553713429897
730,3.58830395848099,46,-0.40299048990031294,7.496303592800435,1.0116329676735762,16.423910290333914,2.920861036849273,0.41136857330003423,9.027805354124137,3.342852771996815
731,3.765575757929658,46,-0.4093676811213437,7.48070020651318,1.0267971536193654,17.114962911624403,2.9133692605045662,0.4004676964787657,9.36179723969546,3.313314295078201
732,3.577604952514748,46,-0.38622956975570927,6.8017298795938785,1.0327015893582274,16.861910299132113,2.9722934652054955,0.3111417075611187,10.095564038724547,3.2856573359608996
733,3.7196725087276317,46,-0.39171130219968137,7.416392040598056,1.01465619446663,17.97542628652331,2.8870745825105932,0.38311248246520685,8.120201988050667,3.3613342924763545
734,4.626623144429933,46,-0.3670238385154838,7.265697462031881,1.010121182539939,17.79966234798195,2.9769362747168833,0.36257336175116706,8.30748527788872,3.442988361470221
735,3.718226080439006,46,-0.36453052080337744,7.180876526609787,1.0340653527324162,16.841825492418213,2.8809127819180076,0.3363445582909068,8.434195245739287,3.349653892158679
736,3.558472035043933,46,-0.38346641784719504,8.05734653849699,1.0093405372219577,16.562334327506886,2.9340359018867033,0.3178432995750626,8.580509382428904,3.361405439977666
737,4.293108256334534,47,-0.3964822780373475,6.698791232149197,1.069200546359273,17.949170910423096,2.8913246476484202,0.30943352703046473,7.829032723503368,3.2288686179702184
738,4.2525845117061145,47,-0.43890103049566886,6.552122779277959,1.0308336211646363,15.82652541665349,2.938796020578599,0.35345703361776315,11.110303586204456,3.242534297083699
739,3.50090383702309,47,-0.35414343508052165,8.779700552049977,1.0120568556229579,16.31956620871471,2.9190631379726812,0.31576930377193535,9.035073299751266,3.3786862130461017
740,3.713025536222373,47,-0.35865036725019517,7.797561805067005,1.0140742816810198,17.436384483889977,2.9212466172387606,0.2506504496145273,8.98303809721248,3.274311006972563
741,4.373732155408589,47,-0.4048487498926131,6.385476668659526,1.0718374679823353,18.00572523140117,2.944127861492702,0.20469067031147986,9.543335918863171,3.169829196109233
742,3.313322987383618,47,-0.36185622350829216,7.464808802216599,1.0002426078858875,16.841163311500374,3.0166970829542565,0.20606003856058475,10.092620016565277,3.3098281891098846
743,3.8467759102465857,47,-0.39657917131818726,6.302418802181969,1.0889156497868864,15.425135234978496,2.96924303554204,0.2186765167711072,11.589391852046493,3.196731806965593
744,3.8761764872497615,47,-0.4035455188320385,7.807866990264526,1.0181725886446582,18.24150796203507,2.780602547723958,0.3611945238544875,9.132442029161746,3.3174921958231685
745,3.5224626728349078,47,-0.38544542199720666,7.557717477801292,1.0252333834608283,16.64870753669746,2.8749387807340265,0.38492587036378195,9.37148859554943,3.341814350799315
746,3.465265267264922,47,-0.38431460490556774,6.897659360691443,1.024398986197881,18.72056227808208,2.8613456443654646,0.42191142815323074,7.962411463591593,3.401373758435182
747,3.8013868266343245,47,-0.34289811191610664,7.754681113370533,1.000560351166119,18.247371146957796,3.011226988583691,0.24004902130387473,9.579767407245441,3.3315794050946215
748,4.143045075057565,47,-0.426697205514494,7.546714834259932,1.0495298567624363,15.040245744279714,2.934695714972423,0.35070447008319133,9.398903425738936,3.2596393502992953
749,3.5375546149755372,47,-0.37335376978777324,7.608308616744122,1.0199179390034,17.10956775538945,2.9275648297538446,0.2878894891319184,9.902411486804294,3.319457382075046
750,4.117121286325542,47,-0.4204663099886459,7.257772568897087,1.000852540776119,17.43191389329587,2.950750781032967,0.4088107029526832,8.7062641750267,3.3794629328197616
751,3.786486340088684,47,-0.3423676956163158,7.174602524582682,1.031936685904753,16.4285902945825,2.9715084751499847,0.21434176413078188,10.145747927083555,3.2984557354099553
752,3.8532918533379674,47,-0.4192501555754245,7.208564394044683,1.009866366842858,14.91990596847107,3.0046622075161946,0.34153551404641974,10.200316549220782,3.284103537146747
753,3.801306214665442,48,-0.38345199532624974,8.631674046402631,1.0053148206535911,17.003476925755685,2.9690705988048625,0.3009944625556151,9.17483977006911,3.3581065244218316
754,3.6639531684567754,48,-0.3396776258095133,7.843305182006879,1.000105483520462,17.86763443277115,3.005680862683194,0.21655403306495769,10.880353016659663,3.3110044135680905
755,4.206011458678008,48,-0.3537288645407815,7.765205080453193,1.0132685625168893,17.21080096558466,3.0531031087482945,0.18424319933293487,11.234920291845823,3.3356522161235422
756,4.027232474767813,48,-0.3693307975998872,7.172902628517704,1.0065143690082043,17.142830882409534,3.029038607360842,0.28988788371189383,8.756834825207623,3.349707640125689
757,3.709213947257814,48,-0.37490114089845533,8.137350153888727,1.0579800713741943,17.00436778167512,2.8878660662903215,0.32202251629559275,9.938744450482577,3.302931528334099
758,3.7262123890450782,48,-0.3481584247774874,7.766807069373557,1.043627938603312,17.785279590684603,2.846504998932611,0.28854536294011446,9.706163434800276,3.333408457191177
759,3.950824555442726,48,-0.4105991168915491,7.591889213207102,1.0480498335106272,16.1593899341442,2.8956897495391436,0.2937622867602559,8.84511566758732,3.254179386431085
760,4.013112137553659,48,-0.3783351158629462,8.483649716071172,1.0179199344541645,16.983216189306837,2.8726003381525387,0.4432221352417517,7.623714343743253,3.4472085884748584
761,3.4385018323721814,48,-0.3708405598445972,8.799826508092451,1.0000008007303802,17.8317888754567,2.906605469070719,0.3084220152084289,8.916066531913906,3.3496996988388617
762,3.864537024913446,48,-0.39337851893174414,7.551384527664138,1.0328079272148567,16.286975765966456,2.924905749421609,0.2762736711616105,10.07126677687699,3.2425655160966236
763,3.6281162025431106,48,-0.35503510560717166,6.572216737776602,1.0240515563627468,19.10047688919221,2.978115374974972,0.23666735357678248,9.384467358478258,3.2996369776864585
764,3.983005715642326,48,-0.39946747629122564,5.423267958089545,1.0066955072179287,17.738339876361703,3.0063044071095097,0.3821827624720016,10.697497820546173,3.361212177119759
765,4.171544161365554,48,-0.370670483979656,7.82883820537615,1.0330362373283035,17.79323282168491,2.9196449516684395,0.37675977494223756,7.627803431463162,3.3851962490075933
766,3.7131994275433327,48,-0.3215684380111648,8.365897029016175,1.0064235545465445,17.483871113441708,2.8792113866573184,0.34692121954272565,8.50867655937825,3.467858690499629
767,3.5407418919010123,48,-0.3567885900692479,7.174388106034278,1.0218712599336162,16.74032134228605,2.954332795783889,0.25683750181503917,10.28909478060236,3.2980152300590864
768,3.579779591491796,48,-0.35696536242959453,6.757813888949865,1.0075075152454513,16.605275849873973,3.0439426340097584,0.11235079317505794,10.811545107358516,3.2158102175552514
769,3.8129504913497905,49,-0.3575526273992926,6.867315973603821,1.0216535814174155,16.718308274643153,3.0401355434811834,0.07489796809655541,11.147477762140825,3.1703299681781187
770,3.513295205575038,49,-0.32920731476174636,7.888598379085762,1.0092532678475672,17.90789307147885,2.941123693106316,0.19961506615141741,9.208944365637791,3.3388297000923632
771,3.7042622606271753,49,-0.3810212750722487,7.04046319907158,1.0073521031016652,17.48472220231051,2.9836481080154194,0.24065909373870495,9.975477951041018,3.240159588188378
772,4.144230544603264,49,-0.3815075461501605,6.337546541950347,1.0368187505821151,17.72005464077322,2.9663112329703503,0.18173783303931856,10.60943389944178,3.1837792372963394
773,3.836390685484724,49,-0.35765280992743387,6.850033584025026,1.0375830012190816,18.294670089454378,2.9304067348505463,0.29331852834214744,10.574629389551932,3.292544594100236
774,4.711379175509819,49,-0.3337969517639171,7.453615523607245,1.0134400447775536,17.73773510296481,2.9982131325838695,0.3018309162291186,9.86374519510986,3.3286924122212485
775,3.9990243035373787,49,-0.37718214026933783,8.35098502183925,1.0318219987786077,17.69886915772915,2.855253069469762,0.21067527826920046,10.226923864056769,3.2372951208377296
776,3.6291672276591704,49,-0.40689557700256673,7.719222809456443,1.004644482462841,17.624770788351707,2.9054438934011744,0.3763455496722916,9.348091419421316,3.319614791361241
777,3.8202190776294733,49,-0.35801002896717393,6.367628648626394,1.0313881874642854,16.433842762292944,3.0235209753389833,0.11032900012897376,11.414429649238388,3.1923881162642473
778,3.820111704731696,49,-0.4008076507924379,8.20506275220338,1.0005860776592925,16.07852610953722,2.9812339270073474,0.31444392354526357,10.719698427056864,3.276888115084533
779,3.424933093919767,49,-0.38117406378051183,8.481192077530423,1.0254639392892984,17.895022759157655,2.839721537199647,0.35667610152427975,8.371349589164787,3.324002443397115
780,3.6786128455076326,49,-0.38548500309390565,7.606241985304022,1.024693684107342,17.235209126449718,2.9443836274134023,0.30103039058897924,9.07272086752561,3.2986115669537943
781,4.021601213887284,49,-0.3455540222841692,7.562569203421846,1.000112711089783,17.462152876385463,3.0451426700657445,0.1772476892259493,10.707565431436807,3.2720358310533473
782,3.7098436547104594,49,-0.3380738785669316,7.863216694805871,1.000002858269757,18.395823763188353,2.9631341616415265,0.2697915189797486,8.633121599416214,3.3863359300143725
783,4.376021413681494,49,-0.3540219030807804,7.766719813115794,1.0106000402026434,17.107110213586786,3.0724526659897897,0.1280301556476809,10.296466324207989,3.3098996552219604
784,3.6070336343426823,49,-0.3732653540345867,7.277743021155334,1.0415632158171064,16.985484590207843,2.93219268918458,0.27192775731239666,10.754842072060608,3.25591186183111
785,3.4012632421408497,50,-0.3920490384659563,7.623440563713233,1.0922765346997176,15.884193081757779,2.855094072424813,0.38656403023281677,8.600534938952633,3.314460041114838
786,4.180473094113825,50,-0.414302392249641,7.509084266311326,1.056386548542754,17.676185781931732,2.8617517459851443,0.4143298180586789,8.740128214333692,3.320363060094093
787,4.08233306915169,50,-0.38108363945151347,9.643150787555005,1.0262604635945536,18.604132071461887,2.890712694244934,0.35105256654384376,7.710031057081478,3.4146596407698744
788,4.2946156319861,50,-0.36875389444006335,7.820547869763751,1.0949871657757184,18.513651721383486,2.771617410533265,0.3777964261971207,8.74219554303568,3.3629279629214546
789,4.159608733607137,50,-0.3566507342627081,7.694361319483523,1.0028036957226372,17.684335423832454,2.9795140006689556,0.29073569587319503,10.722507134893192,3.304916753225523
790,4.000176364973576,50,-0.3639820153782847,8.78435135518343,1.014724034775094,16.953875538796165,2.839518514846754,0.3570977650187152,8.80507835287387,3.3816984704366795
791,3.5030242851778923,50,-0.3801565378519824,8.001515134627253,1.0019773223640587,17.423439517636268,2.9892978615612087,0.27714957029400544,11.099749024180062,3.3012599541750385
792,3.95800412210771,50,-0.3960604761702634,8.440563012356328,1.0513190942457757,17.51491606696543,2.8074996940039325,0.36787742920972355,8.83687837790785,3.2656459201403787
793,3.689541339702617,50,-0.3884489531938366,7.8079551430450165,1.0239528420310315,16.910295432823283,2.9711484798579755,0.29728665994055153,9.368211814642352,3.285833746946854
794,3.666782948421606,50,-0.3677755431041618,7.355930279107261,1.0167602671648788,17.140424541902433,2.952445882529587,0.3238874541971222,9.425976827264748,3.351247947105229
795,3.4316526211057834,50,-0.3810608546143571,7.097884882357897,1.0384242408289,17.309596314795083,2.90411512086684,0.2849847008813802,9.076703820746033,3.2726830237399382
796,4.082735498293015,50,-0.40770429546743675,7.296681655876074,1.0237142397115233,15.910937742362124,3.001716932677583,0.26149550553020745,9.541265979169884,3.2220902097071407
797,4.127654265807898,50,-0.3677724036179041,8.802480141410696,1.0797124889250664,17.992497329156805,2.7758071232737818,0.32350744783283236,9.020363373587879,3.2964721578553453
798,4.441393287438418,50,-0.34316421264739405,7.334343990085855,1.0099429443780863,18.176977441306754,3.0369094415554883,0.32038962954034167,8.500942802891009,3.4425759195842605
799,3.793170346147385,50,-0.3710015346530461,8.429275043346214,1.0364887594338623,18.010666272834552,2.8122365017786795,0.3917865364399571,8.98765597807321,3.3767031591463574
800,3.561321187053834,50,-0.35019093017103753,7.826207537407524,1.024585288950787,17.456403397042017,2.901685970919075,0.24185405438000757,10.256442867547866,3.295028291942853
801,4.099000014578577,51,-0.39010297999301213,7.560724269167291,1.0592064264575134,15.981583809524789,2.897084440086301,0.3347448527510843,8.818982895914594,3.3015593430934778
802,3.6569814055002605,51,-0.4118810872646192,7.654130145728693,1.060548384495108,17.65193078394656,2.852692772940914,0.3472199240639252,8.618237313351022,3.250710485223626
803,3.813266943159555,51,-0.3775747739906336,8.479054919674546,1.0665943745689415,16.8454685222927,2.823601315337468,0.41654560606694857,8.254728849912146,3.3752062582214015
804,3.3934590667575977,51,-0.3882750524152322,8.334625014309356,1.009234469768565,17.707744994477576,2.924347231414828,0.3812055604062462,9.99533351661658,3.3215027804128834
805,3.7630112013910804,51,-0.39052632727799674,8.095544969991773,1.0612102250886348,17.565823231110574,2.8216449518390108,0.4218182030366059,8.046324363965919,3.35626652105316
806,3.721440691859621,51,-0.4138228646190794,7.240311701909974,1.0855712094510395,17.67699077674858,2.8470297117795464,0.41730346741782237,8.714427444356545,3.3055517149445888
807,4.062043871157027,51,-0.3946621814212841,7.72809060392801,1.0514068533514236,16.92407513342128,2.87875761687033,0.3172992749951852,8.663567171706136,3.3033817634102554
808,3.872604282786656,51,-0.38263474606708037,7.22674531406737,1.0635820087057661,16.201811436273204,2.9270145013883377,0.3622358593714067,9.456034992928158,3.3341374014331464
809,3.5250496527426582,51,-0.37549341262310165,7.045347879083428,1.0227477778177068,15.91789277491405,2.9998730172405863,0.26896649146917057,10.151507404799528,3.321155818493993
810,3.920177167774859,51,-0.4012092463540416,7.398220007777896,1.0099049332864642,18.368484209105144,2.914313201757612,0.27372216842097513,8.962553413202835,3.2792301463197497
811,3.6683206346600374,51,-0.3874260495511362,7.528885144232375,1.0581587340143535,16.77583940185058,2.856638016222875,0.37305747891420393,10.766526152597647,3.3116759809792784
812,3.752311558037894,51,-0.3819208581962172,7.754630067708801,1.0518914612356165,16.429740022459153,2.8897933484917466,0.3751870776522386,9.367351077505926,3.3567803531173683
813,3.6820811992861437,51,-0.4075091106150253,8.006096550344555,1.0152902720740682,17.53698425485285,2.9451672934009463,0.3631056386871979,9.673143537346588,3.304800422060475
814,4.297727150854041,51,-0.3560507228958033,7.592133133271395,1.1360144589746137,16.36243922857794,2.8154760905411043,0.3123251632530128,9.122958445777426,3.25654503904102
815,3.9645746556799777,51,-0.3896899197807661,8.761416981296298,1.080326551028396,17.07358710809755,2.795902970658744,0.3234043840797965,10.623913965295138,3.223369775648099
816,3.6326035751450396,51,-0.398486807145216,6.677114661646123,1.0833719555503913,17.28336250303802,2.8423698058318285,0.4167447685688511,8.230786874935395,3.3176932417083527
817,3.5587945582063116,52,-0.3899370791782198,7.457628453375635,1.0411694987737683,17.95971238500056,2.9168835665115145,0.34426946040917,8.39641104015167,3.3166169893793054
818,3.3483651649297705,52,-0.3841796466308431,7.937189973566225,1.0146695304520086,17.9617003813077,2.8892164635227457,0.3669580905903499,9.119166796749338,3.3306111146645434
819,3.902952845949665,52,-0.3550527984347097,7.027424450204361,1.0080031007909782,17.701949080923523,2.9995372366187327,0.2792914026778753,9.122857388547644,3.358001466324253
820,3.475295510528794,52,-0.388572266297996,8.126176395946457,1.036513328738204,17.30156805099174,2.8489147880238024,0.4279732229682912,8.619555752769662,3.3745480645644044
821,3.6989884132969433,52,-0.3618498511525169,8.34747143039778,1.0091142922503964,17.69382171735138,2.9335976647037616,0.2987487793176117,9.459147351350865,3.3404456188812763
822,4.112734121777353,52,-0.406018733981378,6.443649364984317,1.0187280394687888,16.141667191018325,3.0215642290938938,0.29983222482848726,11.36576162548931,3.2528936459118896
823,3.9520269470025333,52,-0.4126224135410542,6.400190367660664,1.140184827334332,17.612758965824952,2.7895944047273327,0.4652626125741498,8.642377846805502,3.326090576820492
824,3.7387002218181262,52,-0.3951027363872087,7.794972244199721,1.0542614914058344,17.509028469063235,2.890876853491397,0.350182784075224,10.297787666131079,3.238014400353451
825,3.516024758039576,52,-0.38878685309608413,7.624920308147348,1.020463946468377,17.334508681256427,2.851216748156268,0.46095457658631545,8.377810066457675,3.39804987624264
826,3.679423611121111,52,-0.4166807088717067,7.664725676715006,1.0307313091581705,16.625499222376504,2.9111411182052946,0.4448503883978656,10.641244667662304,3.285582959000204
827,3.8082381447398856,52,-0.3614049523738932,7.481942997290866,1.0648736153710077,15.599901036051202,2.931703583981769,0.17716673335456085,9.669255739750852,3.239524570962945
828,3.7487832939772723,52,-0.3682879683134899,8.194908483416384,1.0449652671121232,17.141457787221253,2.8884555753191004,0.31603938633546147,9.684228061417908,3.3103796340582394
829,3.8977834198425856,52,-0.4233534679410071,6.0663592460049305,1.0811946450875929,17.03031043374376,2.8829611960293895,0.45834814740789676,8.703635550580564,3.3406726907730886
830,4.101998364036825,52,-0.39044406627361866,7.064386199317271,1.0847186777365934,17.403995822723576,2.8608204967549185,0.3527590047055572,9.604202313987832,3.2835873292707913
831,3.721036072406012,52,-0.39410758297429294,7.864907247912458,1.0104943311461276,16.887124586105262,2.907358249287206,0.3768933461750741,10.139933365489714,3.345676190689691
832,3.928030152599444,52,-0.4237515821531702,6.465373592012105,1.0256825200729107,17.83390498809595,2.917485845429276,0.5316386735833796,9.485260941230818,3.3841962619055694
833,3.5628779353693876,53,-0.40235213724044333,7.593349217233553,1.0585230611901846,16.593827254327408,2.861495214321454,0.4417879026494572,9.690595103794253,3.3316840097964993
834,3.604463877348115,53,-0.3691809772642765,7.732967020870341,1.0372191689527128,18.35238460121572,2.8329896049984473,0.33655959402147834,8.811633462422675,3.3084139059589988
835,3.599582273097379,53,-0.3995594254619419,8.136540074956024,1.0054855361070274,17.41946188088707,2.938561847941596,0.41052894985193544,8.400954538592417,3.3786388911050222
836,4.249773106710891,53,-0.3653071848421431,8.462062016370297,1.0010209120868327,17.725246029352007,2.8892996160805895,0.437778196336553,7.593219023924604,3.489188626746094
837,4.0095905287926525,53,-0.37728998162732025,8.102872985596338,1.0028615760227622,18.56855106522488,2.9209925727441988,0.42772825135514625,9.49293440142528,3.417851526704019
838,4.047545377059726,53,-0.4071496888745031,7.457951381191776,1.0160058138379129,18.711296964909558,2.871624860735234,0.48722845556104377,7.990213608518942,3.345869980932288
839,3.7053871474147244,53,-0.37485684301511973,7.239716899893876,1.0559767219270721,16.9279258719678,2.8934592022654284,0.3934907840915972,9.20578037340852,3.3586606317176506
840,3.7380800450104323,53,-0.4050009701101052,7.351480050279299,1.0248815180165718,19.128840978662232,2.8886886151292157,0.37624611095193233,8.853396451712056,3.303586381002115
841,3.8210433995040094,53,-0.3764405844278905,7.248948518085632,1.0242309120237933,17.892171199281677,2.8815425237117425,0.34788465958727943,8.529969788612808,3.346235297634131
842,3.70887507279377,53,-0.37993557325810834,7.731785492197183,1.0132180752184867,16.978659146626036,2.934996321077912,0.30820847896050235,9.414289676233107,3.339352492157049
843,3.4506155107899312,53,-0.3770201490326884,7.356073432729558,1.0164137309516967,17.462387208894487,2.8926790010585366,0.36872045908713885,8.62295239930953,3.363417387043828
844,3.4846913599641085,53,-0.38452307366059246,7.8693592019197816,1.0038611825110284,17.87225330115664,2.9248434648532444,0.3832699099075614,8.345896348348774,3.3738977081964423
845,4.007477123042118,53,-0.4017759062746888,7.637378273712815,1.0824350401445801,16.012304071053705,2.884291691198077,0.4027514223828906,9.04455605659759,3.2579192970761346
846,3.4128641620880336,53,-0.4189200298319129,7.555947185460384,1.0415240099736005,19.346215250933415,2.8246651871043604,0.5052401140669317,6.651625664479875,3.3998417714921674
847,3.5974855364112406,53,-0.37815113371017384,7.828638660332276,1.0023000426623097,17.327313062517366,2.9212322418762326,0.4166909717796026,9.021775648197199,3.4047439263644055
848,3.7044373975552687,53,-0.36238930698504934,7.613465209029451,1.0397575127861975,17.08582338401636,2.863910925901372,0.34717587688641804,9.336023788954861,3.3706462030831283
849,3.4615938513640767,54,-0.3970321751633799,6.655876082994297,1.0056327127612268,16.996164641990596,3.0316416731319475,0.2916015191990453,9.94966550768693,3.3245392382012495
850,3.658624436755098,54,-0.41076189971757426,7.434476154166578,1.0139217938059784,17.93498252282014,2.9258928948161156,0.478975842413657,9.179536937207255,3.3969549204973277
851,3.9246323913618704,54,-0.40296103891453505,8.19646668884171,1.0406948907628135,17.734515655021767,2.7899224171043353,0.5866530756342916,6.72598613181392,3.4754159779314784
852,4.057601285601491,54,-0.41677493171339547,7.468594297941214,1.0058267187971037,18.564072976471447,2.869173266163024,0.4489735061336202,7.669338606593294,3.405335954179052
853,3.738121380296306,54,-0.3883617447833319,7.624912728512226,1.0009790485946224,19.81383815763736,2.853484675966688,0.45352660838100556,7.197177534424376,3.4335709690037914
854,3.642261005828808,54,-0.38146547921210344,7.7948218964317375,1.0501818715129911,17.004054158711202,2.842961721504122,0.44040521676479205,7.827822394952792,3.394742154647757
855,3.792724601152309,54,-0.3981012390379076,7.118121483807562,1.0036863829300204,19.835537470933115,2.814607391794101,0.4961978478116644,6.176438868997177,3.498228536400034
856,3.976431453543155,54,-0.3892782792245492,8.024052529627722,1.0151255916357211,18.685083419957515,2.8206521375518427,0.5303719538545144,7.046720701869042,3.484861877361174
857,3.880026714856008,54,-0.3886304092918658,7.023015243856367,1.0407384595833857,17.89047081172513,2.8667583321584105,0.34650261812081207,9.42408002619957,3.301032100412585
858,3.7250789835896483,54,-0.41475941188479787,7.392551837835629,1.0652263697948197,18.682399575422657,2.834844871621239,0.44247145389372444,7.444955022046014,3.3515916000647707
859,3.7179857841201613,54,-0.3909422137115532,8.60068962179087,1.0039992506884,18.913050964380158,2.90343648248767,0.44759744672422985,8.209786240669423,3.458171266346302
860,4.199193178179074,54,-0.39002596611860385,8.449845827041822,1.1023504408305627,15.687678698889268,2.8416613256435435,0.32222768094977294,11.043072541612647,3.221110701869648
861,3.9403303685715994,54,-0.38717359592635786,8.345479848437195,1.0023143067375908,18.239221685646392,2.905000961579793,0.46634925583917874,8.041221956488185,3.448473541356166
862,4.066245547858891,54,-0.43520197643733705,7.896428322075693,1.0446050650469638,18.821915697649413,2.74553201954355,0.6428619541512839,5.3978938348588965,3.484568442616065
863,3.8186971336927185,54,-0.37455144474297425,7.233209818829975,1.0073945379231712,19.367014744532447,2.8845307784059613,0.3407480935839495,7.742985153058472,3.3969394678060163
864,3.928633170559372,54,-0.42207295032953107,6.528055562848559,1.0446659169173176,17.61289530603107,2.906614684031364,0.45281241457388305,8.872305726769497,3.3343540415377855
865,4.117432589803763,55,-0.42198409585734137,7.6983269500348674,1.0636606764489074,17.271122906844756,2.7907875198043124,0.5658748952223301,8.022302363288881,3.4715134316480154
866,4.650370412115495,55,-0.37952277004671797,6.592622594629341,1.0038110477715059,16.99717839731859,3.0503388684114454,0.3771917723526935,9.112937747167637,3.4647332355261726
867,3.5179573941764186,55,-0.3867809882439224,7.656284326281616,1.0027125021433323,18.693121329253877,2.9087387195156493,0.38866994755302103,7.235391527220939,3.422292265602526
868,3.904563179273421,55,-0.39235772264830243,7.287456117417722,1.0222908679775708,16.496180936548868,2.9257219228605678,0.4360540235416846,8.372354428131368,3.392327189452053
869,3.783252571756744,55,-0.4261476641661226,6.81966577714182,1.0593836667050767,17.515298802513485,2.9018214061483874,0.4540113618382854,7.88169749610647,3.3192943454012265
870,3.802409249203169,55,-0.3917983685265791,7.860937221282834,1.0219540597356607,19.80906690782051,2.8293409052839977,0.4043842847498256,8.271416817944065,3.3555342571329714
871,3.6074760927933727,55,-0.38428082435583866,7.429995891085472,1.0117484710719848,17.787012076750056,2.930823929842105,0.3716049715971681,9.870218512821614,3.3534655318798765
872,3.5972341995954142,55,-0.40292407182951456,7.0105371850757185,1.006647076031625,18.867342783189628,2.9114935847955303,0.4933154871791096,8.046713063127466,3.438758399525651
873,3.9368713038511993,55,-0.4206341889624833,6.625545147331377,1.0116191078317867,17.40132434654852,3.0111927023861034,0.3570575873425298,8.165482245171688,3.351562572562767
874,3.5744212099454513,55,-0.3654669070989458,8.16064448867225,1.0215593846497488,17.549671495547134,2.8892958804438726,0.28699287427555736,9.9582865109901,3.311343140279503
875,3.969918678683725,55,-0.36832676884530985,7.38410598700339,1.0438544225358235,16.28468748882786,2.9320467245251907,0.32201025325685334,9.512218659105635,3.337868301822733
876,3.783614065482868,55,-0.424567120573046,7.043089823099746,1.0944834949156839,16.896719072830606,2.8321169625596623,0.46227944454910735,8.583489880457131,3.299024390266599
877,3.425289651324225,55,-0.3591160787704019,7.1332341391114,1.000020578260964,18.536087340543407,2.9729373374153982,0.30721081562545866,8.597402099958844,3.389517668387925
878,3.870063295268734,55,-0.39261317982854577,7.875561477644935,1.0304292361239205,19.260840218111962,2.836767155960162,0.4309940482649565,7.502722459498278,3.3542125520150394
879,3.602501117757414,55,-0.38885843395092523,7.2326636650077525,1.0226744258383462,17.78491035717219,2.9367508026043545,0.36521286089905997,8.377332676500004,3.3459219616914573
880,3.983349755703261,55,-0.43136863793873353,7.373019416042821,1.0135620419288949,17.973440583809676,2.964831240525381,0.4584102153724555,8.107029167573094,3.37216952618766
881,3.564942285432925,56,-0.38107897707447513,6.820515517294332,1.0045787000526933,18.589208692917623,2.9868177311305653,0.29038926736420306,9.535975664051524,3.3144142061211506
882,3.9527672657084554,56,-0.3861597501984036,8.377198502793885,1.0078099020974978,18.501616323136542,2.9484904887246377,0.3817618891150243,8.829448665748236,3.4192687893939664
883,3.965478031425703,56,-0.40032963428705276,7.658015888796049,1.0086458879685531,17.639670602840848,2.9627545362379566,0.4235850056830374,8.731975450428777,3.372579869847535
884,3.7356815367535754,56,-0.4117523120453845,7.420148150544434,1.0215938144423145,18.48785271008218,2.8757769497617063,0.4665933256199055,7.467200339297294,3.3786389534613437
885,3.568942269317864,56,-0.36425926820974797,7.538657416522567,1.007008160907539,17.69553676778337,2.9251707855574547,0.29196591998190125,8.399410855036578,3.373079292651235
886,4.023895553700943,56,-0.3595361420918295,7.867594107959773,1.0050692272482602,19.19469784133758,2.934760440579109,0.35216629904329316,8.288304590599028,3.458374667780951
887,3.445633872654221,56,-0.3899174908983836,6.6967393041703875,1.0152512753707665,17.101844992233957,2.9986763049404197,0.310028492484404,8.922432949275082,3.3533203521797565
888,3.8225818742838924,56,-0.38584789774034073,7.3537482104785505,1.0258687253963008,17.595143682710745,2.873715375874283,0.44211153520984126,7.20888521916513,3.4630640778334336
889,4.0326101350822,56,-0.41159093871108693,7.543691838449576,1.0000227283019922,18.568756365528593,2.9761483957897834,0.4168594939150822,8.327276331651928,3.4032658684330923
890,4.815925070373697,56,-0.36225699529744443,7.312180349769886,1.0120495153252749,18.219264700120675,3.0431322539173116,0.31160864498590707,8.50187056006774,3.424314634197381
891,3.995728640219365,56,-0.34729741215130683,7.4167288593014264,1.0000380163633908,20.79308510790334,2.8773418999016305,0.388775012259452,7.663198317157594,3.4882978363203003
892,4.303189026066324,56,-0.34392805928691483,8.283357562462642,1.0001245509861911,18.10209068590949,2.8966636769297955,0.3329274366473628,8.986038305340697,3.460486167105747
893,3.4270298423856276,56,-0.39170941570479184,6.953400318021539,1.001100478991662,18.48242435612975,2.9427663793230625,0.3766127973405835,8.376295687053796,3.3484929760483477
894,3.6874217060320005,56,-0.374664181752968,7.288432042264298,1.0510268066390271,18.461600875389546,2.8826384020504485,0.30889448960527843,8.375545776163937,3.310964877775638
895,3.57093776327483,56,-0.3753324597302882,7.0276008900943,1.0026360765310347,18.902819015616164,2.9687603413887733,0.3660452166758985,8.715556092139552,3.3807873344308237
896,3.695686804850757,56,-0.38751102455573955,7.236417362135832,1.018892392271131,17.70132242975857,2.875545375287342,0.39191202058239766,9.203688203729657,3.3646994883460777
897,3.581360151989195,57,-0.3774460474421767,7.403702619167855,1.001952910237964,17.53933875954873,2.947270541804676,0.36457374415251664,9.742121324248947,3.370112830674195
898,3.7072654673023253,57,-0.3914304877373187,7.132044452227001,1.0000434239159846,18.717180819086806,2.9614094595716014,0.34763560373411234,9.851801297204156,3.3192978695286572
899,3.7170550391615453,57,-0.38159302275604345,7.615353244861823,1.0024451723084105,19.067298482635817,2.9344806484000996,0.3682675756377789,7.231198043331728,3.4321088056084905
900,3.557215431731192,57,-0.3598230294000912,7.203618888292659,1.000942687076709,18.846249981123215,2.9069905111452576,0.35217440030437674,7.771162555425771,3.402024935114196
901,3.6663028346425843,57,-0.39228712130425136,7.0163267369566045,1.0131549488439715,16.58844935435303,2.9971162700892133,0.294089752494402,10.51053714725629,3.2828287492369053
902,3.4474392608159334,57,-0.3798377551627201,5.841527907275227,1.0325744121809297,17.14885173558518,3.038689388866652,0.16897549628378405,11.470770359838387,3.2047376895019863
903,3.566901858405753,57,-0.35204053099991484,6.762479403003266,1.0045255906487005,18.612785598802738,2.9560516175057647,0.23777269571976128,8.910458612284057,3.317692898379372
904,3.9615093053892463,57,-0.3991658990337763,6.564429524223384,1.0001933612156886,19.17303453562563,2.961694646650558,0.40046809826044594,6.940971307416848,3.362990236288689
905,3.6818563430238562,57,-0.4070860047743377,6.519966113757438,1.0017898508150005,16.6997700483614,3.025976024121327,0.35910032755813887,9.283628182680246,3.333672126256283
906,3.884579242673893,57,-0.37360134873784934,7.310245639679848,1.003872247926841,19.010755210748027,2.992113985028702,0.3139354091642678,7.825042774045681,3.3727054699323262
907,3.3970127966445514,57,-0.37888244048222486,7.285015293300066,1.004071891851061,18.092988191518565,2.9490691916088796,0.305803168489289,8.530696997365668,3.344857626776023
908,4.030684327959086,57,-0.3575541472877171,6.754249325617156,1.0005936429174127,18.343896008682748,3.03021364641979,0.25078721876979304,10.10525473171943,3.3519556664538457
909,3.6115103096156096,57,-0.38841232071201404,6.636452833853064,1.0106153466987928,18.414214996329466,2.9529642176285256,0.3740000205999915,8.237874670560055,3.3439943490564987
910,4.08515661643116,57,-0.3938206243098747,6.583726421698122,1.0000023091887638,17.825328584491086,3.0226654291864583,0.3380140705601337,9.67692954633614,3.3724912964043723
911,3.2343579458108733,57,-0.36546725975011884,7.124032867986617,1.0029721808194194,18.872392253223353,2.972249278017734,0.2834550095379579,8.817006075921247,3.350112194533682
912,4.506869335210155,57,-0.36111037982594274,7.029446592975327,1.0002782858862629,17.940092714421837,3.007626349560981,0.3033709029549827,9.007559534042983,3.4246536529351648
913,3.894007541212256,58,-0.39615789401947066,7.18114360471532,1.0263834877052909,16.04733952076667,2.9527022359678483,0.28889143480418344,9.753824732349795,3.2836013408729525
914,3.5183650318162387,58,-0.3692301465424251,7.2007395343174805,1.0014060631138593,17.550264589644918,2.949079616455754,0.3338127405607007,8.666635486428262,3.3836906725292866
915,4.053867281805403,58,-0.3755326778646667,6.717501749253441,1.0663167302899639,15.475019040916376,3.0030683552696775,0.21949623391360062,10.611110926417766,3.235946174194006
916,3.864650183996947,58,-0.37852174940311273,5.748107546796733,1.0159422252939083,17.111404007843372,3.028873482817676,0.21405353603000285,10.051004930425385,3.2765654018720785
917,3.6414652091118382,58,-0.37397274547426523,5.625252704052893,1.0348144089630182,17.873057648001673,2.9914377122617806,0.19637909628923594,10.078638117208833,3.2578593767700528
918,3.576892452515419,58,-0.39588803081663443,6.803987179413519,1.0276533077778958,17.476740930667756,2.9825846923003514,0.3375809694417292,9.19320942686949,3.327078989937412
919,3.976367544623816,58,-0.3907419990587176,7.448014255075302,1.0449082802395555,15.904319840075205,2.9428102516165184,0.27980949477212935,9.470247589851484,3.2703272072866487
920,3.502137642258577,58,-0.33080829434925146,7.287019584654296,1.000142180953815,18.131166992365564,3.0242580356057314,0.10880283493414614,9.834095623274829,3.2863863672233213
921,3.6790303764037016,58,-0.36813672363205047,7.313039083738092,1.0000644619157755,17.500190679103458,3.0053546439874577,0.2626172630018151,9.32887381770795,3.3575200324151147
922,3.4596217926009154,58,-0.33814396045454265,6.512037396700084,1.0205351586480704,18.145711860806347,2.9480784249472602,0.1852450256383058,8.65583219058476,3.2901456065025925
923,3.234000315485185,58,-0.34922029832270984,6.59348423735464,1.007060471913842,17.698648722473333,2.9961571030352006,0.170017461347685,9.53603371680391,3.292639643724792
924,4.009039663245754,58,-0.3832617242160466,7.196385808415191,1.001682582632778,18.362312188487774,2.959674965803004,0.41608160594190524,8.715689442086017,3.4025284024223565
925,3.7613204048288504,58,-0.3964296821010682,6.200437187993035,1.046521526957195,16.972496786639258,2.9716586588661804,0.29196619415175185,9.9825318039277,3.2710118929800447
926,3.7350025509639035,58,-0.3854001266541635,6.677722574983877,1.0218991515000528,18.583855370573836,2.9325639021373444,0.28345451607800654,8.167597759359735,3.2874071202446142
927,3.5842212330986047,58,-0.36727081396053524,6.034448959883864,1.0246052526886331,18.00474911734896,2.9470578924845787,0.34287504197264673,8.783626426913392,3.374150072212319
928,3.959250581106842,58,-0.37239124329477935,8.168611364991312,1.0000062994535002,16.85781803941219,2.984495860217334,0.352130885667407,9.365144552934908,3.402619544243421
929,3.579797965683725,59,-0.3381434639036203,7.8145766460516075,1.007641271598503,20.09552620984604,2.892884606339152,0.2905048220344293,7.781462985454305,3.3919562727268935
930,3.721231627785313,59,-0.3740060245558919,7.169390913887235,1.0046391559447205,16.675209158810016,2.968406362645222,0.3333712258597409,10.20793544301375,3.3621987316762874
931,4.448453031585987,59,-0.3245916813674967,7.202760610586805,1.0261448895721872,16.935077335520038,3.113877563157273,0.09774433382462655,10.55002522377098,3.3194338472187424
932,3.5344671506343697,59,-0.3522774658210363,7.896557111052243,1.0011456837679957,17.5878582819241,2.985954438599279,0.26511451432043315,8.922034252493841,3.3246319263574953
933,3.6156355513847074,59,-0.36034537532547883,5.222176824172825,1.037498244173454,17.834934615458113,2.9938727394192224,0.2637879566588318,9.040552369548685,3.29447739585924
934,3.3690857267583234,59,-0.33394990096787097,7.103818837283666,1.0002188826392968,18.166896834350215,2.9953919020478774,0.13117225783677058,9.601214251233268,3.294522346880203
935,3.6441043817015837,59,-0.35569613708398057,6.198944321443515,1.0078736800456092,17.259391387693512,2.990863919255351,0.1963182055837379,9.774995650390153,3.2781445945385825
936,3.9123159767230637,59,-0.38001735782272084,6.215785870231253,1.0618901881088982,17.665893907276473,2.9762567364614987,0.18430798339499002,10.078851008389316,3.2201864075276405
937,3.8134893250893893,59,-0.37082579353679734,6.342564699291057,1.0004081889987801,19.444375587947956,2.981106718787182,0.2880885544933131,7.378021828735342,3.380221968466601
938,3.3197499160373347,59,-0.32921738986543936,6.835052107014537,1.0006946120705547,19.018813183026037,3.0181210164294754,0.1116642027655596,8.727055398351572,3.3199857482194366
939,3.8670552424414684,59,-0.371858198633571,8.098765755803264,1.0002350308488568,17.527894791001252,2.9242977237096803,0.36807068771354645,9.291980679363064,3.3835581552238816
940,4.053474684374635,59,-0.3016919348500688,6.25073411328043,1.0002546325507984,18.278884187996404,3.153747208849333,-0.027443025686702954,11.290589011686654,3.1669580549683864
941,3.762015260235242,59,-0.37689785548048377,7.173234384594127,1.0016625921487496,17.263029006446153,2.936044233450391,0.37449467927978175,9.12843194840756,3.398468063963837
942,3.5542525759538726,59,-0.3438644450677087,5.7328929519265435,1.0412643377331878,17.751528973712716,3.015783905262539,0.09605306789659555,9.66489014867354,3.209844489518173
943,3.546435664466491,59,-0.3870354426843197,6.3175559937032375,1.0120900787889504,18.03097266605759,2.960328644916783,0.2971696407988545,8.678084224620106,3.3379749521026367
944,3.3611982637943902,59,-0.37309587663511196,5.904134551586725,1.0006515171058987,18.318793500040915,3.027591447014679,0.23033879096246096,8.316337690410286,3.3391752073661887
945,3.6915548934091125,60,-0.3587685068197133,7.196137569746817,1.0089558675430361,19.119302186887573,2.9385283635967747,0.21138308568761088,6.680010903950122,3.359887073181579
946,3.3408383612523234,60,-0.3269595091189387,6.156123697223582,1.0001759115880857,19.159683588350802,3.0346027427055735,0.091594301266101,9.168437448688168,3.3045395628415806
947,3.558097778697734,60,-0.35748346571008305,5.919262764566494,1.0019993684144628,18.48860566901782,3.05399351680936,0.1941396711440494,8.973628662392958,3.3218661160209395
948,3.8400845459792086,60,-0.3011559893353333,6.4085410600511805,1.0181946073770918,18.19542307403889,3.0038197231001273,0.01630597955170021,8.547691901566816,3.2399888420180014
949,4.198556221608966,60,-0.3436504742584789,6.2913473219501155,1.0000531726720128,17.32378407889541,3.0995180296714167,0.13234690994609383,9.63121223092215,3.320368361882456
950,4.451323264341712,60,-0.2937783500907834,6.9229437516154375,1.0196022505518398,20.08019526729377,3.0700787815632675,0.003642909091182478,7.6958204067055345,3.31846439645552
951,3.571723445341324,60,-0.329122884305986,6.232712923524765,1.0089972297961332,18.62212934742861,2.9931902279809672,0.16536763440179292,7.688403849887434,3.344524386771185
952,3.8419866565950063,60,-0.3258331864349404,7.397130405656162,1.0033132180255233,17.915024952678383,3.015651653076278,0.17720922849043075,7.634138355872084,3.376442054489395
953,4.157007427647379,60,-0.3466111403422678,7.721846860754729,1.0001556119397246,17.450996819919578,2.9758983622825577,0.2783575936670788,8.245153695433164,3.407341767945202
954,3.820280937352934,60,-0.34300472433230783,6.444380892042989,1.0017208439992313,17.44464058913232,3.0721048995649927,0.17073102271677837,9.277740227239212,3.315567519319609
955,3.607047935783235,60,-0.3261118834973434,6.3671201140959095,1.0090070791963244,18.111690661146586,2.9950927806118033,0.09154102052022707,9.875689383747645,3.247453126370596
956,3.5319829980236728,60,-0.3500313583680444,6.435482768369531,1.0001628367219317,17.41471130641736,3.0338236637049225,0.1803974330415339,9.838602223500525,3.3397008265267023
957,4.822229825806356,60,-0.36608273232957245,8.698859294894854,1.0037729915925948,19.168516764521264,2.927908246403597,0.1635402682682354,7.674541980896894,3.307567165837957
958,3.21295534914736,60,-0.32787293575947674,6.633716767363808,1.001459485305682,18.55192748098825,3.0004870830979713,0.08190852346197303,9.52909153478769,3.3079986112629234
959,4.823049448402972,60,-0.3358450857852565,6.22785626640298,1.0255435182306547,18.513051583195544,3.1482517854050016,0.06423109005724868,11.030254224499668,3.3117329688603703
960,3.193112891262239,60,-0.3410751101943927,7.342553972297927,1.0004215415682283,17.69620596059382,2.982471130569889,0.1755173417096078,7.469202109283309,3.364110837751458
961,3.5344233002360115,61,-0.33419228746757207,6.843494620512693,1.0003348589851555,17.319003492371174,3.001742085618807,0.10996906026731107,9.092092583890519,3.3507581702038927
962,4.277322617894002,61,-0.29540070394354373,5.412313486631226,1.00489332045447,18.387094695187496,3.1888295920112744,-0.12955790367125228,11.165181411027238,3.2180081102834803
963,3.473949476783598,61,-0.36710357642253466,6.468236899433737,1.003513816355282,19.002697228656444,2.9657584289042065,0.24967542471182025,8.757254763433696,3.3788237836797173
964,3.773271364394514,61,-0.37865534903312736,7.367709103770196,1.0001105122183607,18.93197701417865,2.929755149169004,0.40551114679133304,6.979400801560681,3.4438600883226647
965,3.7739748992107063,61,-0.3605162505696367,7.011130299952726,1.0162662145998003,17.816465192326373,2.9179365486373765,0.20560068705180312,5.727001935433,3.3595597606181973
966,4.345874591708218,61,-0.3553295219550473,6.980860138265456,1.0009652231865098,19.39784000356805,3.0030755425943445,0.3068348823618564,7.716217921805888,3.417490685438995
967,4.4620887470221415,61,-0.2967765652552115,7.386157189791972,1.0194224952620772,18.798653053628808,3.0534947197935325,0.0227835035207367,8.39794841556821,3.349076731682714
968,3.4360397393328137,61,-0.34259075754276375,6.186128667791821,1.0069560617457123,18.103219973456877,3.028589816226516,0.11573903850414916,10.181353547855203,3.2893185657857984
969,4.2165295933292875,61,-0.4083331987273809,6.73820654108143,1.0035161650446778,18.55868039203954,2.960170863525496,0.3378237667103773,7.734091382701072,3.384151273537458
970,3.424433268942124,61,-0.38123614548997775,7.249262692912815,1.0002134187357616,19.0514622015357,2.9451890927674786,0.3133318724980738,7.180510798110648,3.4026711460717203
971,3.8938248067955907,61,-0.33082506425781283,5.943777780785373,1.0021123361947566,18.311477599385352,2.9793739222877575,0.06334232965119327,7.771059969733866,3.368181850395603
972,3.595752672843878,61,-0.3668995898406291,7.25457819074586,1.0001542507624956,20.284441107868872,2.9719388503901483,0.19906499025954955,9.146610694476797,3.3325441314698963
973,3.621291480008177,61,-0.33211848631956636,5.719285449520887,1.0003448579718366,19.34391776327039,3.0047432445240787,0.1743358661558629,6.876104703392788,3.404421397385681
974,3.372078110961019,61,-0.3258694941089082,5.572008181003879,1.0154476192223694,17.57194149861705,3.0131884207168995,0.047411724403982974,10.39879026884962,3.2536780421436946
975,3.7975097800135034,61,-0.34958430721296324,6.9064244222136795,1.0129174535285597,19.09285952068838,3.050658494609583,0.13373494119027898,8.80628855353647,3.348132981751298
976,4.037343707979565,61,-0.3590707662509473,6.293283974029947,1.0009415136184443,18.241198848811255,2.978492922098635,0.31704192171165224,9.98357609683163,3.406958548442081
977,3.392233081674321,62,-0.3639446114864561,6.63654234786107,1.0053748893607715,18.080832363613677,2.958355138809818,0.269855935811299,8.763173802236318,3.361282264748807
978,3.5361504540963966,62,-0.3586888964948147,6.184044916394515,1.0014124392051953,19.07256377262867,3.0379589889959404,0.15279184133542595,11.064712439626865,3.3335163194742616
979,3.7528700693191226,62,-0.3476849811094566,6.235554923704131,1.0663833262799167,16.911678171857165,2.979496031919111,0.1640070044349781,9.148380461599341,3.2400683371024974
980,3.780103920542137,62,-0.37412373269674826,5.593144502368651,1.1156325320160452,19.102856969375573,2.8922809616552994,0.25611938701257825,9.178197983938734,3.2379880944870365
981,3.4972641896586887,62,-0.32603834500376033,5.467022786468889,1.0114810239053955,19.252222140581054,2.9711869982105266,0.07711732185662094,6.696351543381375,3.347877548227925
982,3.4207826478593883,62,-0.31932957132381046,6.372674938129451,1.0067532011075873,17.4440035535825,3.0098080807152208,0.0746264507410494,9.400188568805643,3.281445560819296
983,3.804460553173525,62,-0.36704926951145206,6.89318156241296,1.0010212674240846,18.672915077480297,2.969540063549182,0.21308376497643672,7.560177760657213,3.3694283992527634
984,3.2541090092757665,62,-0.33506548321115914,6.72028955847082,1.019826783546403,18.38799549189182,2.942430979211186,0.14657703657613774,9.852976912928193,3.285378498126542
985,3.8411484553713553,62,-0.3483367851464906,4.892707097465174,1.0000012692302997,18.46160795268307,3.0776478312064777,0.06873701677427699,8.636948488226768,3.3188168547901093
986,3.7564554348471884,62,-0.3552002162771727,6.495125813447741,1.0409037978744538,18.314607315928235,2.898904084239154,0.22890066361382094,9.04721295669217,3.3262830463726196
987,3.456129146326293,62,-0.315203636133394,6.076210682321922,1.0000896984618328,17.82620719308705,3.0540366260633003,0.024960100352125564,9.861436289363382,3.304491754287463
988,3.287305164125648,62,-0.3040384717390374,7.626633449101162,1.0001217554183153,17.456132342902595,2.998241469055362,0.08331995729699833,10.329309813958695,3.316140073869669
989,3.428102929558284,62,-0.33240308669869423,5.552645381999806,1.0002718642375186,18.2700070389769,3.0830369710652947,0.06418936167635185,10.011802129655516,3.2777688140696304
990,3.739420595596906,62,-0.3733374392221627,6.207155347906135,1.0010375711324366,18.79347298130295,2.991058961676773,0.21992927465470444,9.2601170298401,3.366284991724584
991,3.1474679269767445,62,-0.3214144900396094,6.970753863754075,1.0002141881608952,19.47923994871676,2.994934311231213,0.10671189077265196,9.93594409532155,3.308114036429565
992,3.8823193443217683,62,-0.2944549032118933,5.93689859198583,1.0131339479419175,19.15612843705257,3.1024200114964415,-0.04412036312320075,9.26961028255617,3.3214653254762876
993,3.584857093906951,63,-0.31174813702327253,7.60765716699706,1.0002676739230845,17.992924887354697,3.057808535688175,-0.008438032426586625,10.744737534500956,3.242251892299686
994,3.2010345911350444,63,-0.31861753908632406,5.707710058332369,1.015193497358024,17.37461958615487,3.053048985223955,0.021461195981901382,11.340954303417867,3.2315245303407876
995,3.2877925016510594,63,-0.336298203953327,6.179365634815787,1.0095191559165686,18.713757358412018,3.019010496303124,0.1018554030891433,10.882496068858867,3.2522490027123747
996,3.829212374617504,63,-0.35055431151307004,6.529695606694366,1.0527995068140317,18.463291405216715,2.9447335621402244,0.17034290440491792,10.008548501335436,3.259450790076693
997,4.453806861293347,63,-0.3808495960183692,7.132683339265865,1.0075233356401319,20.36323626767994,2.973514002027233,0.40304827543152666,8.620697865657345,3.4471097676749434
998,3.631957507236087,63,-0.266950595907696,5.663845505135828,1.0000620144807464,18.074054925748126,3.0664922944262254,-0.03249395255184427,9.864977786587902,3.3124911707214446
999,3.489023760791482,63,-0.3546330846675242,7.948686474965987,1.0040909474602255,15.965510781374388,3.0017106221120415,0.18471087209422538,10.702150912282287,3.2871240062923013
1000,3.9343806135301316,63,-0.27859598332909874,6.608320244918602,1.0012815984518597,19.092696552039865,3.048439270756716,-0.05206160293876448,10.306501490538563,3.2842591962924916
1001,3.9071287999665447,63,-0.3036112864122967,7.698684846418107,1.0048195385509433,18.66885880634266,2.9924743708254007,0.10448201917250077,9.937823504915267,3.322434564352948
1002,4.022258646038441,63,-0.3661066636433919,7.570027502510254,1.000367202217765,20.139049646160824,2.9368066193422884,0.30819438547800765,7.751932449753555,3.398508256539252
1003,3.6121682129208335,63,-0.36501635541432226,7.533790380246852,1.0138971996305062,18.303763144525018,2.8554896554799125,0.3870957679367139,8.425361543100543,3.4027033363582535
1004,3.9150694356270286,63,-0.32343218162777887,7.419332143647567,1.005739659772351,18.020287864737803,3.072031978319932,0.060415918358795964,11.046196688314938,3.2613029863827783
1005,3.8477486743668057,63,-0.34913256156035555,7.189720047411852,1.0386180935751592,18.08852163418647,2.9085974823531617,0.1820143063179071,10.172755439254725,3.2661171387992014
1006,3.5900090179736828,63,-0.30735022015217467,6.273712221811627,1.0018158047332708,18.68527996793101,3.084805934585831,-0.12005112209968484,11.399625354408446,3.1714140959629473
1007,3.380354199494113,63,-0.3170373860240726,6.267542185474433,1.0227644410064891,17.612143666190384,3.0081162855931396,0.029260325773651355,12.063116107111211,3.215496405922508
1008,3.7480663324164567,63,-0.3288964845168826,5.749945255431225,1.034812093337603,17.825368032869868,3.0362820536869966,0.008675974136736986,11.271187731224158,3.166613695164531
1009,3.947912256682671,64,-0.3031391877349367,7.806764167274967,1.0245634205821812,16.548732310824334,2.9209766057770463,0.13974834504895559,11.741399283816268,3.2640157078035785
1010,3.3535112040343362,64,-0.3555539347100568,7.236878555744787,1.0524504853485783,18.650391970693928,2.891832225490198,0.20068184397612268,9.9376257465326,3.2549475540110366
1011,3.5982014470464487,64,-0.3191486720967443,6.2286018037648665,1.007269857218402,18.48357243403892,3.022400337993537,0.00968486929892931,10.549307549752726,3.2568952314232322
1012,4.393474071621046,64,-0.3281179217247816,6.480227486871959,1.0063588775599772,19.39412553081871,3.067853992744178,0.11187007845493763,10.251383575696304,3.311824784211887
1013,3.746177162619115,64,-0.33065610511798665,6.2022628834267675,1.020036883946618,17.90314538621142,3.0161462495109177,0.008099145631147775,10.82815995660231,3.206755442173116
1014,3.4389234805095192,64,-0.38065443543197125,5.831904644590525,1.0721917174706797,16.946975585047262,2.976550005456357,0.26009801667364857,9.608436775286329,3.2665486700599167
1015,3.866597585675432,64,-0.3444768126463467,6.234667247662188,1.0000463055290323,18.62270762318088,3.092641133258641,0.0913919986988839,10.235990029030235,3.242402940912255
1016,3.7477800212817756,64,-0.3323005497471387,6.141709307788749,1.0244176927397888,16.753785530064278,3.037912919035186,-0.007113020047582443,11.66158967065482,3.200338823671629
1017,3.52470332299282,64,-0.31203211675416875,6.8685382475310135,1.003292655636707,16.818224723978208,3.023240034033116,0.09519727903993117,10.583422761417168,3.287236246561175
1018,3.706189854114175,64,-0.30977188055389804,7.044189175833632,1.0021366570045147,17.07747675694583,3.0647935298951365,0.025527578920486585,10.317457571409516,3.3141493008863785
1019,3.25551057047303,64,-0.3277469584909987,5.286431682822636,1.0033481038243706,16.922356236967392,3.1125816328529705,-0.018580727243867813,13.375077663701997,3.215350139055057
1020,3.492667736531957,64,-0.33216793984527065,7.081513125129355,1.0141660280236207,16.97879295892193,3.0087146960666034,0.07980780537190399,9.853242914693828,3.2611843018875835
1021,3.5900951150608096,64,-0.3494058881802061,5.265391411117673,1.055178459971974,16.105473151173086,2.9948610925835006,0.18317249508877773,11.191819958482055,3.26332834610567
1022,3.6772976484319266,64,-0.3333558683217961,5.665976016331581,1.0426920307329852,16.44174022193847,3.0330126819256344,0.039461386474065385,11.100236419349844,3.2105366674907025
1023,3.490876032304376,64,-0.34627592038133415,8.079915269597667,1.0239187112119963,16.50111210772272,2.9085490299261236,0.22939561576748313,11.321942477654783,3.3033678545684637
1024,3.774609752531271,64,-0.3698908233054957,6.589936276130528,1.0779257016429071,17.74298133017323,2.8937713651093344,0.23344745626426022,9.196718915558883,3.2773850265172175
1025,3.5091094158256984,65,-0.35892029998659797,7.147564371182485,1.034964625421358,15.671141363454682,2.988378273291483,0.20252102074127348,11.659442940452532,3.2530018846044593
1026,3.286063446707993,65,-0.3550486741389222,5.677973134618085,1.010763429049971,18.739638669247277,2.9981902539685827,0.15373719308763778,10.315554117506236,3.3169146445621474
1027,3.862311774328095,65,-0.30229955951478454,6.014928037913342,1.00335547076475,18.602264463229695,3.0920151953128907,-0.08087307463956397,11.459758120774417,3.1790673883375624
1028,3.385592356236262,65,-0.34018726762837326,5.138041948079853,1.0271485276768288,17.49115991327427,3.0348469878159,0.08838450461124603,10.490140004417587,3.2760072894781094
1029,3.9865249480610028,65,-0.2730259664122032,6.226093743604161,1.0047692676796032,16.73145731590999,3.084109731964321,-0.08865974653818157,11.398051865236631,3.233339760989711
1030,3.925448141520822,65,-0.3793366044693663,5.483357272845264,1.0487021023529444,18.054652918056657,2.9667126095072165,0.24626599242250202,11.31807956520779,3.2644124507096173
1031,3.616763432053685,65,-0.3063144380571671,7.166966840311086,1.0245418787169276,16.879326369317877,2.9980595695446963,-0.00796547918031601,11.782887512060231,3.1926681518559716
1032,3.66024073453542,65,-0.3394711740420816,5.446675264654486,1.0733822464645422,16.234646911916812,3.029878061554398,0.01954033376239793,11.707787495218662,3.1661814987633226
1033,3.5109911071591466,65,-0.3322926982302274,5.299920711991291,1.0164576489102901,16.415837047474742,3.039132070448759,0.09841468462878732,11.348358916343487,3.29073058084374
1034,4.346726749256933,65,-0.34935575769994504,5.615221228775594,1.0014356182691726,16.220700046536184,3.167264511241794,0.13859733453912568,14.108357707045794,3.2699888044038166
1035,3.5938636999855724,65,-0.35111934359653985,7.151296575413137,1.0561437764831607,16.231662964082993,2.932258855444225,0.2384487966837076,12.694531332570419,3.2362047167321975
1036,3.20519228293578,65,-0.35320926475784575,4.5950729328185895,1.0162973169087766,16.90997563390549,3.1383050176951865,-0.0031181331642735344,13.207330999140318,3.179861018054104
1037,3.360310875101253,65,-0.35643700189594474,6.293606109013482,1.0062935799959225,17.277069353976792,3.0123148546620184,0.15630529318954423,10.563507000136635,3.3253383214554137
1038,4.382536223360432,65,-0.3954291538161046,6.002051755020398,1.0226999282146518,17.53417196249136,2.9734604983264727,0.26522926693000004,9.46699529939384,3.3235587147839922
1039,3.3402847498888617,65,-0.34332706251531336,5.47241823747697,1.0187091203362577,17.015267119454805,3.05714314016725,0.09613771452470497,10.328392628528817,3.271252067222884
1040,3.5968278393417985,65,-0.3596999077461491,6.764701371413818,1.070919733364864,17.37433260463067,2.941915520251316,0.18731208871702443,11.42503958243467,3.192040086302593
1041,3.9802159594227744,66,-0.3846859665580168,4.504991630967693,1.098365600398588,16.45559805937724,3.0409799108472173,0.14248202426229717,11.241095919620827,3.180584753174007
1042,3.3073565806509357,66,-0.3798388850327702,5.348289136436862,1.0560289996272658,17.662279778027845,2.9911048318193254,0.20384956687804842,11.371790363931636,3.257478457109071
1043,3.774717827299088,66,-0.3559596927203602,6.288302498865347,1.0008794605473252,17.96481936774751,3.0544992936475484,0.13441584555897101,9.825029931745958,3.2899802052031215
1044,3.7393075016787813,66,-0.3750206065615016,5.0473602807360916,1.0116613643054149,19.430273993047155,3.059498353013137,0.11074776398793013,10.395010368218971,3.2311480911462063
1045,3.664559412120632,66,-0.3770554852787968,5.428295506209619,1.01035991368354,17.53029599663507,3.034690431653797,0.21481958418274583,11.353614546075237,3.3225695747454163
1046,3.6135126331083383,66,-0.30306697459973353,3.3345577062908314,1.0003158924803655,17.734148812381786,3.233498436435084,-0.19331218632383887,12.742340656875374,3.1837106239683535
1047,3.6267731209884526,66,-0.3443857134899724,6.735363172610537,1.0004206037423018,18.701697643493006,3.01815576411369,0.07352997434997251,10.892175016816449,3.2991528023787784
1048,3.8252202831919275,66,-0.34507884128641636,4.960700609844184,1.0216452328950572,18.097631244015307,3.085861475800555,-0.05711144641363247,13.893587935148293,3.143659432445858
1049,3.506691785628095,66,-0.34779938386265996,4.387342567113919,1.030642760587199,15.721430271436416,3.085625185133747,0.07383315664871658,12.57692388178839,3.260315139090576
1050,3.2848816908603236,66,-0.32226808965816045,4.535428377917523,1.0031628261056968,17.93413614757042,3.1405859535964153,-0.10731423391274683,13.75675917234981,3.1968360019262376
1051,3.3585422906349476,66,-0.32552047539434614,5.317779158727296,1.0023938098624396,17.879206402131064,3.054514769937101,0.04583251451411895,9.815005740309626,3.328054190954224
1052,4.522049125064158,66,-0.4084103997712866,3.8193345986164378,1.0036713718885042,16.035076590099198,3.234028100011041,0.1328884499829446,11.515780841828471,3.240844267115771
1053,3.4794995341144475,66,-0.33522236725346927,7.230469872524263,1.002752504343913,18.154986000823,3.041729149472137,0.09169399437537012,11.839516646613399,3.30327292936803
1054,3.5170537999341844,66,-0.3352243453549525,7.1488245089447915,1.0003385824268225,16.325511158847824,3.077305273585144,0.09658103627920128,9.151805355365097,3.3042879600355537
1055,3.8919187288768224,66,-0.3540272199877269,3.740701464630347,1.0086938622144723,15.27720834725667,3.241197895053539,-0.021849601759101583,13.878890403330368,3.180680174237667
1056,3.4667982638764534,66,-0.3334479786387433,4.672655227331655,1.0179143051962505,17.51606145948571,3.110837537011488,-0.03137072938791517,12.701580699672531,3.1961034355930455
1057,4.292526204131829,67,-0.34702394854870183,3.246239414614628,1.0037602668336414,18.80155725842881,3.220883199133709,-0.16746162663511188,12.99265348639329,3.182626860507044
1058,4.16211166662354,67,-0.38745457515123166,5.590181616681053,1.000985639902995,17.58232998429045,3.0906037374318243,0.14045181906753432,12.35798750134365,3.2928847963529284
1059,4.665608208275881,67,-0.3075747367520171,4.407195121003451,1.010639320840119,16.48769876835398,3.2246686361063177,-0.07732744580533447,13.516824507126842,3.273870156996017
1060,3.9834846395515973,67,-0.3027761421407473,7.147998764260276,1.0111955159736739,20.80782834198065,2.9958558926253693,0.022810111188913962,9.21724247082641,3.372318736657754
1061,4.068903972585236,67,-0.3715346420335025,5.230052125472532,1.0626761176858972,18.379234034224268,3.039336912857182,0.044268510717027365,11.09511447978806,3.175077853684997
1062,3.372750385702033,67,-0.277652160574024,5.667912938843632,1.0056908140851266,17.877182455509566,3.074186205037146,-0.1768328091934313,13.123631390341384,3.197466304406939
1063,3.9554009668722134,67,-0.3742330254852373,4.111242248084483,1.0437734505150318,17.74220705513637,3.0685501353289077,0.1632694455766551,11.888260762721567,3.2611606954600094
1064,3.642966580757775,67,-0.3768454938913246,5.0582544243808485,1.0284147756743196,16.536775957167244,3.0453480168360487,0.16647005759756314,11.82640212152564,3.2852184041475927
1065,3.332518480391267,67,-0.29553800404711517,5.566860129875426,1.0058057902615145,17.456266976904434,3.089503467297768,-0.05719248545666196,10.533847671184308,3.25847571172928
1066,3.623195008102619,67,-0.3698441149685831,3.0017076608160216,1.0350630385411554,17.266171343207702,3.155582661209021,0.06184057735380501,10.890813085302042,3.244746488996657
1067,3.9639764819295236,67,-0.33833926204750514,3.8419811736947698,1.0036474212665438,17.826326275865526,3.18411641862831,-0.006602253256750099,11.820606287157826,3.3102582637641
1068,3.7329106236895466,67,-0.36910747717846903,3.5663561248954414,1.0652624678559603,17.25111453049722,3.076413363854931,0.08170501510852436,10.965562174937597,3.244528475079017
1069,3.891691498999309,67,-0.3718435133512226,5.713193392856627,1.010490845114167,17.831780372452744,3.0753462730578813,0.117369271811484,10.5997258410611,3.268538198087933
1070,3.7591338754530965,67,-0.3700418257194948,3.4978519693743446,1.0079292861138325,18.58224540974073,3.106160569428443,0.0828513885303718,12.858410679250053,3.2827640488629153
1071,3.5333538960689013,67,-0.3373679279981474,5.9156574319963795,1.0200664014772967,17.389057514374848,3.0037288486897666,0.18335009334820954,11.127634392530716,3.292844617501819
1072,3.3014989346153962,67,-0.31584192959179985,3.993319451409447,1.0081556057712977,18.963518480206808,3.119308011981582,-0.09637064541651895,14.243633433529745,3.1859130961633184
1073,3.3853371478764323,68,-0.34333868441553844,3.113586932449997,1.001571892957987,17.34307569011382,3.242309243494245,-0.03230898613198362,12.002901447387893,3.3147322838514217
1074,3.812466024026439,68,-0.36669153751231187,3.1355755185534973,1.0831720404585072,16.308546870474586,3.130412756462536,0.07662822030016656,13.872852937881868,3.1731886999426937
1075,4.000983456900101,68,-0.27973553995843725,5.20442129902436,1.0151269859267193,17.441171289499685,3.09531185239229,-0.16344313788183085,12.21144096899759,3.1591341960959776
1076,3.8683807947388433,68,-0.368256098029494,4.382822703368135,1.0329151281537994,16.76855400982975,3.1161113928361055,0.026026144721804867,11.315200079069896,3.244684586268438
1077,3.4000307171608166,68,-0.32384926971024786,5.046598596181202,1.010641450600512,17.94463767628525,3.106551833781653,-0.06531602269774199,12.460239682227567,3.1979807025484903
1078,3.5369795598261704,68,-0.3093768030472897,5.146562336883825,1.0415857331583238,15.869944810116658,3.0930333131433696,-0.010724694860538363,12.289483127659432,3.2052476657705316
1079,3.617172442816478,68,-0.32585325226552053,5.143013536061699,1.010695391610391,17.878043411776456,3.043224772738112,0.15433923623715137,8.58139997191602,3.3413081513963463
1080,3.5766507735333066,68,-0.3262393778317281,4.627872767381611,1.0230669892049518,18.540176285689473,3.0520841538615504,-0.04607663839814806,13.255429158015392,3.1975545493083692
1081,3.4777569414468674,68,-0.32006021867129897,5.353150293009033,1.0738362683269298,17.70136289267784,2.979159782829046,0.06249981180144187,11.013574670162386,3.222031270874721
1082,3.8309187569416236,68,-0.30791943040190406,7.635461219415344,1.0117158262871602,18.766267120222928,3.079667196287434,-0.06576461154489198,10.90802959843914,3.2522584923723787
1083,3.2145642118279922,68,-0.28679671628370135,3.675671104592835,1.000658431863634,19.094585971105456,3.163059956519532,-0.14668477963073626,14.34679098497884,3.219308190048267
1084,3.551302906568571,68,-0.28564932912359703,4.764626098591983,1.0010587695368667,19.074179214632387,3.190692912303453,-0.19971483697153225,13.701961074496115,3.1554711993519446
1085,4.59105523407201,68,-0.34141496842829117,5.772489305462892,1.0101951812050953,17.196367932746817,3.1762524255389213,0.007114511612621208,13.975287846889426,3.2577039485360957
1086,3.366152110589721,68,-0.28620752526224125,5.727049986027541,1.0001068930460586,16.324220534479053,3.143904699699558,-0.15541240950055277,12.893335944819318,3.2490844131526595
1087,3.3474579556837893,68,-0.3309841506164795,4.685653819820189,1.0556101836363572,17.336243481301054,3.0446181092207816,-0.05533302406797683,13.269303993012342,3.1772038767540693
1088,3.1147405731475244,68,-0.32189926657233187,4.075042405232892,1.012343332712771,18.042213213781757,3.07391279109594,0.04955947556422496,11.670997259484432,3.285388426986537
1089,4.835677773417933,69,-0.3425433333108615,4.117667938809183,1.000345992133424,16.526160157902723,3.339674210216024,-0.1623378246612488,15.956030196669273,3.1720276549441566
1090,3.325802037825253,69,-0.290104321042099,4.37971462341231,1.0007364669891927,20.135187235719247,3.1467308861178487,-0.16578100483803512,11.194981306499054,3.2446420203106294
1091,3.732294119076311,69,-0.31601888033722675,3.0795727406978086,1.0014090001011695,18.39971740944478,3.145456308218614,-0.0015188241331467803,12.277885660569702,3.327537862387915
1092,3.7130108051768613,69,-0.30808621856511403,3.313714753581068,1.101808653014882,16.531804513029357,3.1050731088395596,-0.17964848739374487,13.578513393722412,3.1636936029983613
1093,4.062457106598039,69,-0.2960235952984602,5.563373080634631,1.0082270517333174,19.074938603424364,3.177631430000535,-0.1521482922558825,13.67598825530646,3.2050637752952404
1094,3.4302505831485464,69,-0.3112119408857818,5.325100551721784,1.0381359705403972,18.649994035874183,3.0136493874352057,0.022197756102044358,13.269688772989436,3.202348922048816
1095,3.267143550477969,69,-0.32043576750639063,5.039140357179719,1.0004445548023306,18.08347579507655,3.082703211292528,0.0414631270816124,13.195014579545406,3.297812955062018
1096,4.0840059459765605,69,-0.29270195934603627,4.003303814977689,1.0056533227117217,17.415229624045168,3.226211423148271,-0.17520597699283427,13.42766098509989,3.2735279732164244
1097,4.614425465759612,69,-0.2628061878058213,4.119911200200985,1.0011118717933936,16.735278448394254,3.2791078865794567,-0.1502836953343401,17.210275610273815,3.111203623231037
1098,3.635892145730411,69,-0.3165093556600995,4.208020686861726,1.0070978106674877,16.94261084275669,3.1227685597517185,0.022237363590832296,12.226121541818534,3.2655498919865704
1099,4.09993031309583,69,-0.3576192337491778,4.213995539354416,1.0032284683187105,16.70239043488264,3.157492815493887,0.007990619897504277,11.017816243197771,3.291608832288326
1100,3.438504850977816,69,-0.2775500917712042,5.006509200235676,1.000053728586134,19.238384634169726,3.1019758942812365,-0.16260731431378914,12.462179951752452,3.259806938979485
1101,3.1979985189610067,69,-0.3480297812445498,4.560557344146769,1.0440547716502324,16.353942910615093,3.010179025242245,0.13634504108842854,10.905314064697693,3.353664021781712
1102,3.337920761565195,69,-0.3353755417729314,5.438707686844683,1.0051163927789373,19.810534835606443,3.0100646673123235,0.11495064838838477,8.419223650359317,3.3425070281084968
1103,3.6194392098059778,69,-0.2754484568688243,3.1292006256155234,1.02389776550933,18.436698678047478,3.13776547934748,-0.1967917565790733,13.590349693111424,3.20317022039015
1104,3.931065619817301,69,-0.28856266002565095,4.044145309509236,1.0321840330729473,16.790803290288732,3.215605367089129,-0.19898787746947483,14.661178798678577,3.205190495628626
1105,3.6118834898720853,70,-0.3009638740606968,6.245806059838232,1.000492766500668,18.837132294213976,3.013169459375856,0.05601050000023293,10.301419281580275,3.3940046707330045
1106,3.535128366456652,70,-0.31806765219984834,3.49687673317855,1.0054397519121139,16.966738371765075,3.1522914478552178,-0.03183773027961892,10.7850104293151,3.320825922133221
1107,3.445539812145268,70,-0.33248785705551087,3.02596459277008,1.0869496999268304,19.424725683777897,3.0530698973149284,-0.014811674703211087,11.743210694342658,3.1917796250411428
1108,3.011701455926832,70,-0.2919690847145842,4.483033908649485,1.013637611441536,19.676017537241993,3.049901993076363,-0.0795128326955856,10.194658808420519,3.295353829252642
1109,3.5655213751762385,70,-0.40649532766031016,4.49886167462853,1.0193204212686884,19.256897091963463,3.01558072194795,0.31516425330777037,11.781946204211383,3.3335215664559144
1110,3.756949807392359,70,-0.4057588378595462,6.424237567942266,1.0736210956267027,14.846834785523658,2.9595099790283736,0.3891189010056163,10.136677581233835,3.339126008459209
1111,4.989333230680502,70,-0.2818760318188695,4.50921867163202,1.0014240545192785,15.44858793653519,3.266217033952979,-0.16277359998920204,15.491905604177399,3.196452437446397
1112,3.295309547902411,70,-0.33473169652241863,3.9077240322578195,1.0991154314031593,19.169172593045673,2.954808522031011,0.09631544349078483,9.671804703405446,3.2775018440401533
1113,3.2259512245475235,70,-0.3377659965323336,4.983185536666563,1.0257453119047057,17.72765297391474,3.033745557686193,0.04771479717142013,11.220638141987378,3.298418122630207
1114,3.938011539207131,70,-0.37848486584150576,5.665252513073427,1.0748278155251723,14.958886666053836,2.9783683973641653,0.26563692682016204,10.392538819899483,3.3212282891762186
1115,3.311359676207642,70,-0.32187750225607986,6.371226042824793,1.059081321458999,17.709533404973342,2.962904720061602,0.03244809195113316,12.64462280166772,3.204450512075471
1116,4.019286614150024,70,-0.2774984042108052,4.77234452074648,1.0020969950649066,19.449200593219498,3.1787405509492124,-0.19765541623626168,11.77376652000189,3.206158491689143
1117,3.5278954843688943,70,-0.3375399399853447,4.146757975950449,1.037897823143534,18.234849759123264,3.0515409280929777,0.05092283383925434,11.707882118605005,3.2634729862891954
1118,4.000610120719844,70,-0.38569016938105344,6.5186697215346285,1.0000127980996996,17.64596041701874,3.00899411886562,0.3281344540251744,7.252964352203537,3.4451282265485066
1119,3.217435441777297,70,-0.29275238868867104,4.942086858460222,1.0002766566393715,16.662535968771632,3.134905362630792,-0.14295894295342182,10.838508733975637,3.3232061731984035
1120,3.894240048225539,70,-0.39182121793972596,5.0074905237508665,1.157210149538724,17.933448857200553,2.878588231145006,0.2810287866490023,10.446367922272394,3.2500866654785403
1121,4.392373556371903,71,-0.31875830916302966,6.651903190767858,1.025582975500082,18.729683263702057,3.196209618763844,-0.12978722027176998,11.80010379046409,3.200201835031243
1122,4.36216440772386,71,-0.2783841262774161,3.5251808011525787,1.0022267456393068,21.49727598704889,3.240307156875451,-0.1817744824830516,12.87515241037049,3.110735507057509
1123,5.500235996653411,71,-0.18576817245209012,3.8262581239776483,1.0000769876215254,17.40443358596428,3.2982848578029813,0.18697930451467282,16.397561473065526,3.019045563878492
1124,3.34868267748098,71,-0.25080408287914047,6.8981143035377634,1.0018573184520532,19.649221374601627,3.0261526535455427,-0.19672485566252207,10.5993136209927,3.240600044135648
1125,4.260463359082471,71,-0.38669926257938736,3.609381703308016,1.082915229668239,17.73568866101467,2.9953185624519016,0.21422312173726177,10.494140839126702,3.352539737126182
1126,5.154467997334192,71,-0.24433270723444175,3.5834079565319685,1.003489578823024,17.139365838683908,3.2525539072521465,-0.1777992970308127,14.128834393919806,3.25235427416615
1127,3.2172135208616366,71,-0.3187363678429235,5.757709728252757,1.004937210034291,19.813603781270828,2.941475220948409,0.16940221664238653,7.98355768120112,3.4356028873135123
1128,3.8000865188732593,71,-0.35256133148906027,5.743397174165147,1.0018888761237668,21.52670928344071,3.0124203709823765,0.20793795767101966,6.254449685557775,3.421670736728923
1129,3.768000343369438,71,-0.32652872873140587,6.841730845595803,1.001680261748945,19.581319087546152,3.0456910888700603,0.08597035280866419,12.72840828706291,3.3036369751076373
1130,4.36112469999649,71,-0.281850917465945,6.0542405721469095,1.0108625678689476,19.649226100360323,3.090929833670827,-0.11151840071051095,9.947211965748227,3.361600767937999
1131,3.6113705661115887,71,-0.24891376056921455,3.2257534500669345,1.037388170011497,18.46732602737676,3.2834698952313324,-0.12811620779136984,14.274926443994936,3.291966223449443
1132,3.8771848330747165,71,-0.3071551968165543,3.5744191498123503,1.061002550811013,18.71237090629093,3.1301202758221165,-0.15891350513099683,17.739738383193483,3.057390856668093
1133,3.9685049775112553,71,-0.31790435000285094,3.513246779508899,1.1454969528698238,15.910924186241385,3.0136306453142887,-0.12271120764809101,14.058238913674916,3.1524501674036407
1134,3.3332200429769165,71,-0.32723378921745966,3.383147324006501,1.0863746187005008,14.965119497735468,3.0803886974675345,-0.00774320626227816,12.285296302303657,3.260400551088685
1135,3.904839436040207,71,-0.3659518239940654,5.080547754812021,1.0543092356458619,17.777957604717628,3.0549001451707483,0.05090713980635809,12.791257039134772,3.2040294560121296
1136,4.357749473340823,71,-0.3288430163968144,7.270204939375459,1.0049274063230944,17.218429895166814,3.0534956397353095,0.07169067803383988,10.016447168431915,3.342891030823056
1137,3.2662125893388207,72,-0.3035059240001701,3.557401877700348,1.06895301354796,18.190530126800585,3.0468536576241028,-0.03205604168821287,8.480873766336433,3.2936968241354005
1138,5.836296882093446,72,-0.19122413163757773,3.885917296388396,1.0000235975201353,20.30341876643617,3.1740438874022208,-0.10883020422521911,9.895270474606937,3.3691985700995164
1139,3.296694040887903,72,-0.32418309622507924,8.62531828707852,1.0011545057583218,20.296864135073314,2.9449810228258,0.1646515080451722,11.250059473693463,3.308797086684418
1140,3.5793658351530837,72,-0.34044877311612365,4.704758033025875,1.0594990180747628,18.905144934161875,2.9685196219739067,0.13181791249244454,9.644422655047553,3.3401306592561864
1141,3.6789098312448445,72,-0.30281310087325863,5.573779372806873,1.0012081268705038,19.241314977994023,3.0569303744231413,0.005278994954628451,7.668962571762123,3.3399980663119058
1142,3.26993965594636,72,-0.3087929700220099,4.077111149791517,1.0997267724717574,18.451349149510804,2.9541280226029625,0.0764861188383638,12.867071943565001,3.2686664850207423
1143,5.636473822862155,72,-0.3136682204288207,6.442904503853118,1.0789087449328152,20.746339969769956,3.0785393488180164,0.09550134857484774,9.38159992809208,3.5193628223395943
1144,4.856483023915415,72,-0.3751767838822327,5.682611275223369,1.0857388944297337,17.93766038183485,2.773083506772596,0.41788841982939867,4.374432819432581,3.6249586002596907
1145,3.614170977106888,72,-0.29579763002770043,3.594987554342954,1.0426435105061853,20.32202037369572,2.9939325041188902,-0.01302690742850882,6.027941026479229,3.371424923974874
1146,3.371931304613825,72,-0.27053857671582154,5.290850041623173,1.002139379753747,15.40958404820599,3.1000242496021717,-0.09126442166860546,9.050429086538198,3.3917517376407056
1147,3.68348054260149,72,-0.351393010034998,3.8426342590412013,1.0973586371527377,17.704595707918596,3.1089453706246464,-0.09739866954495438,13.256422724503032,3.0899674877585728
1148,3.9028858122243437,72,-0.27581951608075195,5.4466496812757645,1.0617586815126092,18.41224282787942,2.9697617172216897,-0.10085573082546906,8.994817743981255,3.2707970196940055
1149,3.7781501480324735,72,-0.348720768113578,5.899210430395344,1.0283514534271538,18.76461766099377,2.9360275153078996,0.22885473807132162,12.12381308830239,3.3657093208833264
1150,4.143004047595989,72,-0.3124794507701088,3.0439927334608234,1.0106760972475077,21.00795776708477,3.1333773856174516,0.11132388682372321,4.614690753992503,3.5070441569322632
1151,3.6633099040878854,72,-0.40043381796731947,6.295456008603339,1.0285526430190335,19.75418638129873,2.925093606270237,0.3805388129650311,10.428375297821008,3.358774100838901
1152,5.11913462665093,72,-0.2618692600120666,3.371129060199819,1.0271652568832625,18.277461015183228,3.285602136995978,-0.16620447052657428,15.555814648437199,3.252791590478541
1153,3.4827638213377465,73,-0.32620557817985885,4.678200657682096,1.0074936243091188,19.803792565551827,2.993036639776854,0.12468695389366777,8.166125635843564,3.415612644353112
1154,3.2451328913554853,73,-0.3152124834601828,3.8148487307926873,1.0426909804023674,19.043864115819485,3.101672785214522,-0.14677577081372806,12.874599354677784,3.2083582953044663
1155,4.835919937873178,73,-0.2639415890616775,5.262133043613521,1.104769836043178,21.589772794103023,3.272872459101711,-0.18176872035645106,10.915983805505766,3.3170435050427263
1156,4.090118003924101,73,-0.28709658736586946,5.583975893329642,1.0604306314553174,20.319922222658587,3.170433891188087,-0.1884357666847878,13.980141705060648,3.212090166983133
1157,4.923695380636704,73,-0.3070196387562272,3.8190641247365638,1.0019215292895467,14.696003123525642,3.4500569586715195,-0.11862521245193974,16.83216811030143,3.101985884574572
1158,4.743585291059072,73,-0.3151709857834797,5.955304174662803,1.0715323787029938,18.61637067401287,2.82128360287842,0.37040552344635397,6.000910690836502,3.516088322892773
1159,3.9205685953509195,73,-0.34627977947559935,6.694709592417957,1.0799121369623743,21.13417093413679,2.9338307617758357,0.059260865007625084,13.636606518359601,3.1041767175179613
1160,3.6162130504551007,73,-0.2497072563654205,5.938274827285494,1.0000647667600648,21.08708218807531,2.9898193264592763,-0.046226647958220984,7.648358325109143,3.4230478524078016
1161,4.345920317040033,73,-0.2679382880312738,4.666536396735738,1.0000028987948306,21.590430176764304,3.1543123322473443,-0.08448871526634462,11.469738342103962,3.4066346549034043
1162,4.179095114110897,73,-0.40129265866580865,8.464955379110702,1.0509797468957367,21.200432091639133,2.704927836118322,0.5920552305462038,4.465207109799423,3.5210571949012928
1163,3.989761317637957,73,-0.3644336439623054,9.375333924207599,1.1274751155734606,19.021209975913195,2.694801327178107,0.4458351785465113,5.12005590163963,3.347026498226897
1164,3.831886465727248,73,-0.38494459127073055,3.7844380126276764,1.1696937941415453,18.21814553575996,2.9355914421340903,0.26562516096570626,6.628597677289401,3.3818301180077417
1165,3.8218377206074083,73,-0.26025876895887035,4.69123801082487,1.0836744877187476,15.618797943236832,3.057855511875972,-0.17869088788477983,14.182160272774432,3.1845345324744763
1166,3.5153581336642095,73,-0.3354826521331133,6.0412436193848835,1.0515177484631246,15.481569130099668,3.0250162282066184,0.04544259772016252,12.393310399858322,3.2915903716214574
1167,6.973804915432975,73,-0.251566132588787,4.825570483430851,1.199129794610962,18.039830893645597,2.997048256897556,-0.10266749258333491,15.745644758830974,2.9015088107883544
1168,4.7142877370767495,73,-0.3910399269173178,4.426221236182841,1.181154049098903,18.831973868332426,2.8913666977002523,0.3594124081382887,12.007850792315237,3.170792224324006
1169,3.7829797112529953,74,-0.34788342740828193,3.702992882794822,1.058102704080196,19.02648982169892,2.9517449739575596,0.21429232717348543,9.05365874232579,3.452995300911639
1170,3.6747388536110623,74,-0.3573690622393148,3.9505254352366452,1.1247580759768343,18.362260472605865,3.0420691278408643,-0.022532731711663208,10.349272772333848,3.1640300983117187
1171,3.769499295757623,74,-0.4246748552086549,3.5011075282523825,1.0093731480385595,19.120657778197113,3.0089817425998358,0.4996575150296639,5.9903282786005345,3.543169747147515
1172,5.517436976565657,74,-0.35372294082497874,4.105733181523382,1.205295306355251,17.826869652355796,2.9367177146895176,0.01785332549389909,9.538407675372301,3.1505871594032793
1173,4.574527721717333,74,-0.3351622154490267,4.780231039884075,1.0260774141590854,19.724053907982878,2.844422056410173,0.46971810887208515,5.260503092955156,3.5980037502941613
1174,4.355793243643713,74,-0.22045784623605325,5.0066357801726875,1.0129976667352403,15.054645404821256,3.389582274152109,0.15359634940955968,15.304708979083662,3.0707128636299363
1175,3.747450686613811,74,-0.34573460352549074,4.709835152942383,1.0320054867835018,19.917772991267498,3.0708670810503556,-0.05313292653615743,12.63401676720356,3.2216394819461476
1176,5.524784901133658,74,-0.3446287424541777,6.508670129983743,1.028534708019513,19.125732399844082,3.0492732721528326,0.1803142919612722,10.748718902292111,3.5023213720470623
1177,3.8394182005623607,74,-0.2680627139374329,7.696826918530062,1.0165040424408462,19.088879743468688,2.797272250237532,0.27046098809567176,8.822990792638937,3.547066821846214
1178,3.7955715317914804,74,-0.34264180232337255,3.517821440854421,1.144120069762384,21.15047495110632,2.8831448599878575,0.08059523327356224,13.454775747080877,3.2723258988291035
1179,3.313213700584322,74,-0.28218821221638374,3.6729140647229777,1.0001397656102853,18.657131674989873,3.177554844026878,-0.19172703746058672,11.454096517438739,3.278412289774527
1180,3.799493182471716,74,-0.3008638683776334,3.429224511318766,1.0616410847255622,19.525325568542755,3.170101009537432,-0.19988817839290174,15.090910521325448,3.115299527122081
1181,3.6278115607161996,74,-0.30327743660834716,6.593322909533944,1.0306504401537697,17.73909348148557,3.0550709101309903,-0.1405018240358986,13.017563994386679,3.175499666308988
1182,3.8601681303625983,74,-0.31784563265621246,6.411374060723724,1.0023977395780566,16.356536192583473,3.052805993802794,0.16995495265582486,7.521153955781982,3.404557261853376
1183,3.1940632179677353,74,-0.3109436100075247,3.7483544540109293,1.0932041533676922,16.4559037404222,3.027378622499015,-0.05337713606532124,15.8088986728348,3.2746536143410045
1184,3.9536816048668495,74,-0.3569707351023721,6.7420066579121265,1.0550303222525457,20.091005244646627,2.7277959471532127,0.5114981835012351,7.45469773564281,3.5842363610369548
1185,3.8929340083662263,75,-0.3262595803610153,3.007019744994737,1.0053510662540222,17.631832222790916,3.146593830202356,-0.07217950956734302,10.94211751999866,3.4205538540444085
1186,5.691029443868381,75,-0.31264010219108573,8.003688348323177,1.2207602439132248,14.23956432850402,3.3553063449128064,0.04365157428059441,20.321075374238614,2.88114330753134
1187,4.406738647073915,75,-0.3760438046031314,4.920825777242917,1.1183603499164942,14.511584154463895,3.206946894225876,-0.07039181920583742,14.698369208189089,3.1943204484729124
1188,6.744214686484067,75,-0.19600891635850964,4.644470311743717,1.0003311233959085,18.187467166056546,3.235641560993356,0.0950459898385494,18.458509148112185,3.066864846492866
1189,4.303710947377498,75,-0.3535584947529714,6.52881590808116,1.0089190672640889,15.055704040594815,3.0166990198486348,0.17696210527018386,12.267605911050312,3.4007115918923443
1190,3.7349903505439483,75,-0.3289471509979199,3.852687511232635,1.1028024492723616,17.957290806218634,2.9930750025002557,0.010816970941622907,13.667780969378775,3.2763318352382456
1191,4.103202213542981,75,-0.40329059718890875,5.076959736346467,1.1496534421836178,17.898355208971847,2.8686792719082046,0.3725644720120073,9.317864413712634,3.3646261394995376
1192,4.510256918001487,75,-0.25302389529077296,3.924103243827314,1.0004986867077015,17.371434856506344,3.2703075346087003,-0.17106682167567666,16.549116922283964,3.126865824992735
1193,5.37845815189712,75,-0.2998550904323777,5.832335788687807,1.059185072451005,21.643830460211348,3.1055212942986463,-0.054672201252852264,10.113117618475918,3.435432938097248
1194,5.585609302344242,75,-0.4112507988231671,8.101777780502152,1.0313655514786004,17.911424927398414,2.9846919031937054,0.15130701727687096,11.236356427340866,3.188644303145973
1195,4.302810604051198,75,-0.24862153323609862,3.8500865122863557,1.0995981613086458,17.294532452508907,3.015856555983526,-0.19831968836892894,10.881990258904466,3.267349095582595
1196,3.742566102050429,75,-0.29879669723616764,5.791638952927583,1.1013432175617508,19.37954291941003,2.8821623503627807,-0.03419993418218759,13.965454806502947,3.257177115185593
1197,3.8964794417552073,75,-0.3448888549812891,8.221740833795277,1.0058239285286168,17.551262692973882,2.9297027210029687,0.21906261665219698,8.422331101445987,3.4137453268985696
1198,3.4080572430908913,75,-0.30391988323586944,3.9905939257427225,1.0749860184661724,19.299272424602897,2.9277262195925005,0.12381903998307747,12.07069502387165,3.393556758056984
1199,3.6359320062131664,75,-0.33458101623816894,6.869161248969995,1.0536605815611482,20.48447617599149,2.851561993608909,0.27307705208040994,9.83229670363119,3.339942015896216
1200,4.284103125141739,75,-0.38568742340816226,3.694128023877829,1.001182573162928,18.680559182756316,3.146559058188442,0.19509546297738325,15.7919947694631,3.2939888174522154
1201,3.7270243496108737,76,-0.4037364566716667,7.844213752676222,1.1242532312047249,18.23426299305876,2.741892500309105,0.4998690678492627,11.518778626334115,3.3512449102806334
1202,3.7180313243482237,76,-0.3171262458621784,4.552540107891616,1.1282774825774982,12.919563031828574,3.0265803935673192,0.0113398972163921,19.32214999347231,3.191618307132582
1203,3.8854443920072677,76,-0.3752492504973147,3.2129463235527083,1.1574915821507472,17.321941699558263,2.913381040309168,0.31355973036824747,16.65566938474533,3.330926161902316
1204,3.8437973344827596,76,-0.2894253862110695,4.5902060875811195,1.1097868596023723,25.089664614176026,2.74096559701817,0.13108778614133976,10.502418855995929,3.4388232261534593
1205,3.941318141729908,76,-0.3469678347996426,3.357821853687062,1.1598695353813664,18.217978925818617,2.855482168324818,0.2687723519258637,13.72852332810625,3.3440361277350914
1206,4.326648700547635,76,-0.33079584834910075,6.726798509790228,1.1544649313166078,20.380095613619595,2.6121437364887843,0.47343450350389976,8.50264251690325,3.521203121477068
1207,4.16700030720608,76,-0.3002957083417276,4.198455928954527,1.2849022401813954,18.124907179458752,2.7158685848252615,0.1535060997489372,13.155030828248853,3.2542890669076616
1208,4.128495220603371,76,-0.2943311023134286,5.269331212592946,1.0840853205076384,18.637308178474047,2.8467737943779,0.18947357953192362,12.514153999526942,3.423510792990874
1209,3.8718546955096316,76,-0.34852366929104583,7.132738708735792,1.1381048809118155,15.20707157914915,2.8607634904542154,0.17764079764193316,18.81605979003748,3.1847780246151074
1210,5.81080069775356,76,-0.2851547229027894,5.445508926038921,1.1666157067243463,12.77745200480921,3.3298859810792094,0.10820685226403459,25.597109032670442,2.86062280970777
1211,4.016761541391827,76,-0.3112914878261913,5.1262562040831785,1.0002772916052323,16.778493840878056,3.125488448063191,-0.021799268987918424,11.444757783165043,3.361566143006845
1212,3.847623702656449,76,-0.28911652077370226,4.322126197637145,1.1109480075036318,23.705741527081123,2.8059771668016436,0.07663877148205675,10.94576135665225,3.3749827820812732
1213,3.649482177411838,76,-0.3569028320697951,3.6149640130208684,1.0064392099421817,22.666988408713824,2.9991103801900114,0.2868267099150841,9.550182900550086,3.4224360867613712
1214,4.121417382207101,76,-0.2315156357000023,4.70844538155716,1.1775995474963554,19.01022683378521,2.810837961973098,-0.10249217557328141,12.991899550767688,3.301422345355739
1215,3.878726311347418,76,-0.2944600333889476,4.1161004323053705,1.1441156053484904,19.994649440822943,2.904967421165042,0.03437694724145289,14.852263205698891,3.2146794834328376
1216,4.900488006364558,76,-0.240193254129908,5.634217087932519,1.0187891819463637,15.047374243002924,3.1494147878792753,-0.18974668606804226,13.408201817184487,3.136932510594886
1217,5.151750027532009,77,-0.175232635970812,5.289217009884153,1.0031007486995582,23.096669612548034,3.0307261068888427,-0.11002332068718934,11.915944197924452,3.309411656346146
1218,3.8550656762860878,77,-0.3722313327938526,3.3671098702286963,1.0152300084071582,17.402153624625473,3.1964439649481857,0.012414471570745544,18.569576251999948,3.237004701461815
1219,4.369483811355267,77,-0.43165928747043775,4.383160230587803,1.2859175059940886,20.439937057805054,2.480756790160032,0.9710696068807729,4.199058241801477,3.6832920659457113
1220,5.045897538277244,77,-0.404446402304319,6.562089051427936,1.1120426881080585,16.244349025971932,2.8306721832189963,0.4512850398366746,13.132625951991956,3.43545673489173
1221,4.633725352937579,77,-0.3696821992151882,4.095322098923432,1.2270151533289555,19.623556748669802,2.65218247395822,0.6303503275881994,3.08061681401192,3.574740081017439
1222,3.8257838153105066,77,-0.4356285257161921,4.7056187962539,1.1205351557901824,22.873487962248834,2.657451491891206,0.8205982906308105,8.840635489092808,3.5912061096683883
1223,3.1466263246968476,77,-0.31374556572111073,4.525836544621639,1.0158246008946752,21.049401069236822,3.0503394088654807,-0.08035987884169368,14.52209784020786,3.2735506720822367
1224,3.3510455298622097,77,-0.3489018574364104,3.01327488241982,1.1667237045571566,16.376356165796526,3.011383850590778,0.10923450582756421,14.833632095517597,3.1953860885961767
1225,4.113187138637887,77,-0.2895320301105901,3.173000493678791,1.068048205296866,16.543036464083304,2.973778735238407,0.14933679861905136,11.16840850368071,3.5374256380377838
1226,3.679291540173021,77,-0.40330126404326694,3.7514594539139696,1.1465962833214034,18.590986973478905,2.909819771008527,0.3700067487245338,15.801221688234838,3.287064041186538
1227,5.445889517294216,77,-0.33602838875057456,4.185961549296234,1.2815655727646083,16.746068919528575,2.8815564673952405,0.03659120909375163,14.860820494753519,3.0577319211797542
1228,3.8711745101213726,77,-0.40141620316639226,8.804708746855596,1.0119104418822502,21.470036292937387,2.847144868526222,0.45994579014821,13.89849815128391,3.2811425362741082
1229,3.945094176642896,77,-0.2526352975453861,7.1509299141611775,1.1016778416288773,20.39760275616858,2.872213122569341,-0.1982293048587605,16.156671452073446,3.1318705717158877
1230,3.8642916240630005,77,-0.34276314599330665,9.194862948073036,1.0917514355702072,17.08971029994184,2.7221967201244683,0.46822295333440533,14.669167973987769,3.3689841049821103
1231,3.5755172861977664,77,-0.32450102165312156,3.47375916618922,1.0067454811884244,16.122547900977345,3.2452932413623614,-0.15200680408191877,14.417451967257563,3.175442907075285
1232,3.221779275676175,77,-0.35406419815518825,3.4960980188470554,1.1159364357989787,20.299503000031,2.9664222668872955,0.12742717532414977,14.564673266744604,3.2462121845729746
1233,3.9001950078853196,78,-0.23291969244185576,4.123463141862154,1.0672373520097906,21.85668177082493,2.8507629273618758,0.0166092849730258,6.5045989070516965,3.49531838782101
1234,3.4556471131012865,78,-0.33916179755250986,3.191089481711907,1.0580734984173161,23.19605795775111,3.058517248310483,-0.028969037643606324,16.245627429622953,3.168250435976387
1235,3.5688432882780368,78,-0.28772848380905997,4.241024655083263,1.0016325518999636,25.80774630651693,2.9536160482975546,-0.08139063356375147,15.798456946453308,3.38674010626385
1236,3.810515932689954,78,-0.3584538922445643,4.341028404579021,1.0458612300833126,22.031571660117798,2.9255993644138267,0.20729251403062715,10.495652536176797,3.38642045424166
1237,3.6336372528111065,78,-0.3522251132880163,3.328482585723612,1.1395751120393023,18.600438360689154,2.9460297017320536,0.1437637180697977,10.706569053115206,3.3420942118399375
1238,4.47040670914308,78,-0.3074506164276026,4.230941413155808,1.1274779861983948,16.174598204682752,3.0578236422961838,-0.15161775874340658,15.923432547299528,3.1298281570568904
1239,4.757627220988767,78,-0.35702533357628397,6.077168714427998,1.020201512204305,26.878792625221095,3.0835591669126345,0.06379222980259873,12.604749911851219,3.3699220532307903
1240,6.308625114717933,78,-0.202067570555515,6.069805465891772,1.0074863781813927,19.40018489759971,3.1718547762897664,0.005247932255629251,15.339990252531639,3.164636079707473
1241,4.868080415534763,78,-0.26518747345198496,3.013744796082642,1.0480248538848478,25.847361573161393,3.092535600327418,-0.04781442795446621,9.8789947303836,3.5384864471598525
1242,5.707612877419712,78,-0.45728531954773916,4.7528315797219065,1.2320506575381407,18.015555266328136,3.012764899648777,0.41590095173005726,15.829017314227022,3.165670470275367
1243,6.782540027094927,78,-0.4024894836284665,8.728608568902654,1.2165375155583908,14.92932974246036,3.282014771880681,-0.02814498466108674,20.264290265188443,3.067167964982049
1244,5.274612458880123,78,-0.2872185755551324,4.633871730786343,1.0232909109685777,21.100764405497905,3.2124423099243593,-0.19909035572133024,17.04591370664776,3.2153068380499374
1245,4.752741619125492,78,-0.2868113603650294,3.3584020136471855,1.0177781520336546,16.585010753221024,3.290161734214418,-0.17433002896141878,17.545985062375355,3.118982652140006
1246,4.062767413245934,78,-0.38669521970386944,5.567322266165223,1.0580617616468309,21.400144948806446,2.977835240735543,0.1501704882900088,17.417090428391777,3.142435124748451
1247,4.22810964671601,78,-0.3911439834768238,3.171845768411718,1.0945038923025259,16.303970944256637,3.1085598478076633,0.2395349052630496,14.296642414490956,3.242726917170358
1248,5.1852884103474945,78,-0.16288185393181584,3.039832955294156,1.005252262692794,25.31516973930805,3.0367587617537284,-0.16145886041566374,10.951787980048266,3.437514743008578
1249,6.36523087104211,79,-0.419293137479589,7.354070760149687,1.1980282238750548,20.63010630384449,3.0723724226036637,0.20509276562231,11.217478372150481,3.299521622080956
1250,4.549173783986331,79,-0.27533161982247495,4.823302607833715,1.0434095723175463,14.723124583040903,3.3636592614602914,-0.037263697334343315,19.885289915079333,3.052146994248595
1251,4.98165253727044,79,-0.38550680151588984,5.186895702068097,1.0850558665999253,17.585576992151854,3.078975297223362,-0.026736804561413037,13.495900022065666,3.1436038905623462
1252,3.7098944294058898,79,-0.31168373110245917,3.369106809543295,1.131633287157675,24.497076480511797,2.988772494012709,-0.13954803283584954,18.932458924751828,3.0847210465317727
1253,4.183400543272713,79,-0.37057904813360065,7.357931736155775,1.0604450348611751,15.069716989417385,3.0986020373902807,-0.03666732779570399,15.972313989536083,3.047323879874547
1254,6.1013666343906126,79,-0.20710725607232827,3.8913049333408707,1.0812584884486562,20.884629154127396,3.216201321576894,0.25318106172079036,19.932287160247668,2.992342229682842
1255,3.2142464982008456,79,-0.3042952715573187,4.130160430792709,1.0007274024769703,29.402571174629358,2.935706510678915,0.07073719176439469,6.0960413727680685,3.407966615462965
1256,4.520471789397031,79,-0.3751104986895614,4.616459764562169,1.0370990000178442,21.565934768498533,3.0189486050578433,0.06277044843894704,15.97373376751549,3.2608093904076725
1257,3.699891978104205,79,-0.2615388449215792,5.903987984293546,1.0733205215160686,20.877875080047353,2.9336683661691536,-0.19016018334237397,16.927934592333322,3.161689824560262
1258,3.2757742212914542,79,-0.2750489394848283,3.4151017264069643,1.0053543672398737,29.348759880852654,2.8978759883222924,-0.05561885237794344,17.974229641741736,3.391175796292957
1259,7.150955352066475,79,-0.3373647604643394,9.692057069661125,1.022058519793437,24.648026312308595,2.707281567343754,0.471836778061377,6.683564930503785,3.7432989678103232
1260,5.144058170612505,79,-0.37378066229257106,3.2516540711143636,1.1332341654413802,15.545764941611655,3.0870170288232472,0.005761263619309027,17.4152631624045,3.2898764592183323
1261,3.8154334874410063,79,-0.31040542217972067,4.824475625622043,1.089709836674524,27.059937781052366,2.759799269317657,0.14157992727799507,9.973738952060678,3.354738735679796
1262,3.1450830599329676,79,-0.276109092396728,4.00336216333463,1.0022874463183318,23.705331501400845,3.0885045091147454,-0.1642613981279597,10.252564577373237,3.343492269584641
1263,4.2112587314067165,79,-0.4072224830069698,7.707660671729444,1.1520358682066174,20.202689236853836,2.8733407484250075,0.21041799658664234,16.65673265531464,2.981295361502459
1264,6.4011945184266175,79,-0.17136400969831517,4.828518905165754,1.1311948132625333,20.292767900186124,3.1543180106464788,0.27800623114353473,20.392813922111856,2.9877600371427198
1265,5.455483429937125,80,-0.4055835293841673,6.295334376459207,1.0615607136652576,27.673772761660807,2.93643138964563,0.5645960009725544,3.597575030694836,3.6742950549471267
1266,4.720502624197034,80,-0.3293028684682737,4.806183699771523,1.0058811117826565,27.189430899424245,3.0371034869712545,0.04637026248509735,14.354257452480022,3.442760236347361
1267,8.75988324319193,80,-0.3226927295379603,6.885907080722843,1.1412766366472864,20.628374820895793,3.010638733794009,0.3921895447450056,5.415526117238692,3.858074872276259
1268,5.298516902646192,80,-0.4355584250832954,4.150157249893395,1.1220167417941171,26.442478794971226,2.5906555282001675,0.7963882711739185,3.9084081934789827,3.8322911327444804
1269,4.852088314278838,80,-0.3526793984084744,4.888963858130037,1.2522457826193267,25.13664285210318,2.8241251660054005,0.0877959849123165,16.291026241901953,3.2338034084504477
1270,3.702115074086237,80,-0.23026833138575836,8.803818895335537,1.0030155780427166,16.876347953682547,3.005421275915446,-0.19721079980003475,25.756482578919325,3.197980308552704
1271,3.737061522912658,80,-0.32003973481125153,3.0196524869235564,1.01545612501804,30.13676730758531,3.1863293845301355,-0.13639898604356038,10.865135046230773,3.151170439633807
1272,8.11169798432767,80,-0.3117689989053796,7.619970747792825,1.0781953608167787,16.605898089387924,3.2159879333880244,-0.051166036229373504,17.6111541801512,3.379885816223377
1273,6.873960143909789,80,-0.1654806105753321,4.862314465063007,1.1388207773511994,23.43320468014975,3.5277614437104368,0.5638145956368257,16.45498958772793,2.9456139691160126
1274,6.092597244479337,80,-0.37107034229653424,5.566290138776031,1.2515615054114246,21.48164392280779,3.017241970184432,0.018171896241118465,9.488658369549595,3.174305868673713
1275,3.167168405575895,80,-0.2595415660765039,6.204136112280489,1.0261812151569238,27.01508060587818,2.727899075497241,0.1318695455547955,8.23586993885185,3.5331928642874058
1276,5.162095805617322,80,-0.19277755013390613,7.1154371123651075,1.005021335637633,26.94900042105509,3.2881310397817862,0.1584388035550568,7.893523043738691,3.257426397138984
1277,4.1216289482764585,80,-0.29854305718301466,11.523610398726573,1.139447908909309,18.243181327177865,2.706896142984442,0.03036215955604228,18.119431599905518,3.141330370791599
1278,4.731133988559549,80,-0.43841571781255306,3.0881623261836606,1.0767096390566153,20.488463411999717,3.1460891517046363,0.1815116695496657,12.962568088608712,3.1294054424810973
1279,5.391764310903751,80,-0.27845063732065767,6.124209302856263,1.0251956821927262,20.363469705470294,3.2265626963486542,-0.19078429647795167,24.786779665080697,3.1031487120561505
1280,5.1434312527764385,80,-0.3878736109609581,3.9552556254073874,1.0243704649544874,28.94892851212061,3.086127380567345,0.08242668109761286,9.133436729672221,3.431169750890303
1281,4.7137730376039455,81,-0.10448908188867066,6.85100677079794,1.0262084197641097,17.531684821937432,3.404673625905598,0.2714985076207648,25.696682895801437,3.029022116872635
1282,37.04999263804579,81,-0.10968179975196131,14.525271563154536,1.593039229150654,33.801342091167975,3.2154286813064843,0.0008251916789323577,8.715158802768324,3.611448705185638
1283,4.926326182947272,81,-0.38859229237680804,5.770811186174543,1.0154737350688672,33.24647565569829,3.0614860563555317,0.08755460454879155,28.354667354192948,2.9656334298755507
1284,6.639168613939312,81,-0.26795366308804824,8.055101114701223,1.3277423289489598,27.436274944266206,2.4996048182667523,-0.03134301208185444,18.45214839258059,3.020345598065038
1285,4.8220617136413315,81,-0.29182776798574817,3.7596655790751337,1.2707376029770452,23.732593103243282,2.524979778935438,0.3506621187308345,6.844619082205483,3.571645641833014
1286,6.704335068153092,81,-0.24272417436243357,8.513623115182957,1.112569594466152,20.176270359237172,3.0717688573816493,-0.002781926721714491,24.144680158031274,3.444554934283718
1287,6.676174873468493,81,-0.4178237513715194,4.36631219961447,1.3061580267990711,20.443532875454224,2.674092064727949,0.36252200655835476,22.34764495976274,3.304401482677661
1288,7.193129788080142,81,-0.3407830309975771,3.3852013557090443,1.6583037214678231,18.912480794513055,2.647746436294979,-0.16082498762293673,23.18995074286454,2.6085275436270656
1289,12.632673695335226,81,-0.394905244937936,4.724463517644707,1.1873184406824213,21.389147978252446,3.5825308601728474,-0.19970507607524596,32.77607536626284,3.3193262163847357
1290,5.305603707770441,81,-0.16648472127751301,7.1358150307942285,1.1110011294611017,28.443929596048044,3.2071389259977354,-0.030491302072565563,19.99864922543549,3.1024508544714076
1291,7.283394802457143,81,-0.39949387387775237,4.882694068960437,1.298924197153511,17.057943274528363,3.0523988519160525,-0.136315418976683,29.639172044840016,2.5584608680163603
1292,5.3533221162237945,81,-0.25439875878659485,16.410597835161212,1.0535973943007804,10.573428023594055,2.7433191375779065,-0.16372687459613916,26.633884792490633,3.0960955943461066
1293,4.635087437457559,81,-0.41437083442345696,8.24585452472182,1.0657250487612382,15.367547629722456,2.9507395115575594,0.2610312305529736,24.5676958799376,3.164407299005922
1294,5.612011862628518,81,-0.33074118906283834,4.091264347426037,1.3369562044458592,5.5528112318009555,2.9943538298840466,-0.14508997884648298,21.622929507046635,3.075055094422912
1295,16.507617177859558,81,-0.3770172995543681,7.59074314774997,1.1903603942793484,20.78609309817623,2.4360130890673344,0.5938824062384089,18.038362601200447,3.6775626417618277
1296,7.387451108493775,81,-0.16027134773024088,14.19275397744989,1.2268385991198227,26.51026306359209,2.8367486520214826,-0.021502276471559032,4.164697759942685,3.652522942231685
1297,4.735312309120525,82,-0.3740426923922354,4.6785662812552005,1.0944008647969805,34.08209989778266,2.993124658187183,0.0625394898663472,16.727086811677847,3.2112751365210648
1298,8.055256730957302,82,-0.39537803824883294,15.532040421630441,1.5630812230430395,6.49734948937323,2.1282685885231767,0.5866773108825042,10.001571468207537,3.2118096942549696
1299,10.725814543903827,82,-0.541605010898464,12.852199109421871,1.633507043970794,24.694609377413546,1.8451354080830824,0.7683781356735186,16.487118206352427,3.1528283231618097
1300,23.69717367933303,82,-0.11284603867084944,6.356797661344924,1.0031183626043725,22.366015620138043,3.3118036643108586,0.20488378053779888,42.82171808975956,2.4341814882575012
1301,9.370196221275593,82,-0.6342551384937822,4.795635315117939,1.3985963547136142,35.53266992197767,2.7143880824431625,0.39591653062543075,18.981458107019623,2.841727028792903
1302,8.287694499400583,82,-0.10408935201962828,4.91805633688852,1.0644707610095634,34.405160015255284,2.9218352594907357,-0.19640617734822696,14.843823868905874,3.766583461865191
1303,4.909605516225273,82,-0.4382323945668395,12.271419288098748,1.0456186738050228,17.56826777235437,3.005456116348802,-0.014540419796277682,32.09212547156735,2.866069798346632
1304,7.1894827313190985,82,-0.14633684071406766,7.015389516568413,1.4047423819841345,11.904281901970318,3.245278344492281,0.04658158580130456,26.217972091446768,2.6365294462382756
1305,6.946600907593307,82,-0.3370957777308415,9.291940170283219,1.1348475317584459,5.859212576568652,3.6863149609068726,-0.11089004208324771,40.808737881520585,2.6703815574832577
1306,14.895886399565287,82,-0.3196964081408233,21.9991717769748,1.3108120998569155,28.701172205180274,3.544840703096722,-0.19467906239548868,22.548709052309015,2.885445964413188
1307,11.788989924130313,82,-0.12203543865542944,22.085214826759866,1.0021315621781672,22.921227568063863,2.310681551402379,0.01259048749149383,6.8274233521559875,3.446866907740936
1308,6.112406236434672,82,-0.4711138553894294,3.6066717303621365,1.2049603313936577,11.542043068622357,3.0863506179011457,0.19030165561913553,20.70703598189186,3.1383214913360744
1309,7.96218276702779,82,-0.38848676403786697,18.95563196951861,1.2710357033573783,39.30427083058666,2.427480355136563,0.5196348713719077,4.307340856170127,3.7687207484951304
1310,10.50182610417623,82,-0.6620243970034245,5.156755012490174,1.7230915363168995,19.635446436721242,2.3825932727098666,0.928068179232094,15.504174474369083,3.3243524385576695
1311,7.782400327764938,82,-0.2546089089840735,7.41055052521375,1.4862652683628175,30.468003275770087,2.1770608467347574,-0.011002094043086608,22.371614634131973,3.1700143648304744
1312,5.554448620703548,82,-0.4069321070023517,8.677577222200263,1.0308437973146936,17.296930633430392,2.7393988658684734,0.4901983403420008,11.317055710343086,3.6311032538657
1313,56.33763789472122,83,-1.005877476685869,20.956210789325368,1.4647413593005725,11.212302065782712,3.234191178797586,0.9116782477024248,24.19378946805879,3.585464081651003
1314,49.395671391406495,83,-0.3174920904339515,9.836100040591608,1.0038604358558048,13.807417818078802,3.998220672570534,-0.10586730473800088,15.08546395433477,2.6151390152768617
1315,40.180514355997424,83,-0.3404758972203067,22.205349385927,2.065996828460033,28.414049035462636,3.279100301063078,0.32231313446245624,19.3520054905333,3.9807855739741607
1316,7.682514306686105,83,-0.3926986317168431,3.791399075970877,1.5294218879897858,25.824081850526916,2.937850021186292,-0.13500331594486523,23.951155186236708,2.1923603506432126
1317,5.720484400395389,83,-0.2934331728135987,4.542832345002885,1.0020671685838036,43.591975128204375,2.0723306822871117,0.41421533755605544,3.7913491813124516,3.760692784651154
1318,6.261486135539559,83,-0.4200298809730544,5.869020734555122,1.2286482800076333,21.594277805819452,3.0350618230876236,0.21491795992947033,24.90403522654343,3.1846830653764107
1319,9.092560534174059,83,-0.1515853982942258,11.946779735938177,1.0824802733882823,3.144270161485703,3.547903666629323,0.08397248558641288,7.483278102281675,3.7383375304458593
1320,19.797948723290894,83,-0.6314269354863143,26.229306834902168,1.284465138224769,16.6289967488812,2.0428930299540293,0.46578497534881347,26.478432597706085,3.200285077120736
1321,18.43688772647334,83,-0.6054040729967715,10.550015551074534,1.6505390794912027,10.079802916955684,2.9032890346739793,0.3066795174067659,28.877152693113192,3.299347247964531
1322,38.95552566605585,83,-0.8415267788537479,9.77803244977438,1.5298248474099614,32.414296219171845,1.9927799105127622,0.9972085745841704,10.711702842725277,3.9287441975131334
1323,8.831129115438197,83,-0.3878010650969643,14.61156033811456,1.253506046442187,25.03004085170983,3.012578802433321,0.0632391674151924,27.27825232109914,3.342998044303956
1324,39.30226249504043,83,-0.7031836652991283,8.951952781440447,1.2083589249857054,17.80953652967799,2.3984161831441986,0.6178913392374336,28.238152373065162,3.785864020455256
1325,6.3716183435837435,83,-0.19241549631564192,5.007402547107656,1.4012224520943055,18.734807275788192,2.823277401750622,0.009050783167657922,21.789947608991355,3.264471782861516
1326,5.084577688938859,83,-0.10356256170824825,10.490892146760567,1.0132486634471103,12.947830437903981,3.3153673324820465,-0.07725760342754784,30.27985568894507,2.6798108710147126
1327,11.62739835303812,83,-0.5591914018282658,12.484845542909015,1.0535389314119963,33.61825282558927,2.5112650925414814,0.49688876154334394,14.28859380714167,3.6292195353340246
1328,39.87049172275653,83,-0.11897621168224437,27.87960249135247,1.1366957331935312,23.123254904231622,2.0334447353326204,0.3210314463693269,13.387799460925567,3.8191995327556425
1329,39.13396498331549,84,-0.8881004656857447,8.076314060714369,1.9531153993251025,8.210882298619328,2.270621120593764,0.8392075388926316,32.06380083554299,3.302196345847572
1330,30.997914524472115,84,-0.1582072674996589,4.485240113826051,1.717285183552471,22.47193841206473,3.883371571386489,-0.165512941444757,21.173068291130214,2.5239752311838095
1331,38.72749310496261,84,-0.5120378349428065,8.837840008061871,1.6427005064124174,30.605081271083208,1.9247836588066933,0.45505612701371867,17.066117631778194,3.603987147382815
1332,68.37797275436893,84,-0.18896013887826058,9.566312710254904,1.064624561231551,14.980743960119963,3.9952693514928512,0.16956301475507296,39.17758798550027,2.253868874933984
1333,39.32325287075168,84,-0.8340686109814877,21.61571959837193,3.186107808652317,3.7046486712839846,2.726167377729919,0.5547232542365204,35.10542349209417,2.1572683746575283
1334,6.33965203449729,84,-0.3105519292093236,20.783405958560763,1.0039534189815167,23.790811938056386,2.125991995842199,0.5793553790106566,3.5574357705915425,3.3702594851908745
1335,13.436426112397227,84,-0.4602794504303687,6.132791188672213,1.6979592352728676,30.036781519487498,2.863207315687314,0.2984204558495196,28.945281410885812,1.6311071728458968
1336,56.43913435064194,84,-0.13234940488770142,10.905080296005817,1.3838046512765945,22.54194895921051,3.8160045592317493,-0.18177765864210974,29.48733178167968,3.4626152811030697
1337,39.76603609002533,84,-0.8093702022443474,16.6408250158477,2.097750845094233,30.797989275017297,1.0068958760692772,0.9341845025907113,12.058867414847896,3.993064287857583
1338,1848.8720520770264,84,-0.9661543789031604,26.193334064389433,2.6905502009076763,32.02669487921054,3.220713764717561,0.2977495048847537,29.393605210500844,1.1943540032506055
1339,7.831990665429626,84,-0.2058803351371189,7.592503528334756,1.7785669723461695,9.202598705423247,3.0204599242860466,-0.04783890268988977,34.78939193257526,2.0717290485738498
1340,48.12954493810993,84,-0.7734625441040897,5.283495868161499,2.102072415000775,14.9850161100724,3.9270143206364816,0.0764271460615505,37.66472624580097,1.004557580203465
1341,38.77141770981387,84,-0.20943992589579796,16.63956783735808,1.701332623251602,19.23573122858753,2.8002123813538327,0.3248287693506523,13.668744538563526,3.981567855100687
1342,32.66383425363319,84,-0.836121275650384,19.155857919173506,1.6866955276839948,5.267446678940356,3.989189375256837,0.2576595267172366,31.037011556115814,2.35569709336473
1343,84.86337336619452,84,-0.10140809614262676,37.764750376904345,2.12761456923325,30.40608746798906,3.074006331654184,-0.1934824644979974,25.104295755630226,2.576611711761039
1344,38.82994655349843,84,-0.13864303433364294,16.191552510982003,1.4429516933434778,14.231261308974487,1.7690929652864418,0.29520400086326615,22.49059525165961,3.9354652945277193
1345,5.504186974406711,85,-0.10044680067674268,3.304001877912097,1.1097896868471064,17.285146622454484,3.340200875057842,-0.11061169102306556,21.73622466726143,3.061252692683046
1346,23.315452670916383,85,-0.13322369446741136,36.79701010898275,1.2388331745841374,6.814606618741424,2.0480764620665424,0.23662479649877177,11.131352490733917,2.8649097978821367
1347,39.4497813264743,85,-0.3135657184464877,17.863091917039306,1.2297432031929327,44.97402743958565,3.048098584336046,-0.05631616853823351,13.153301088169394,3.910726354163838
1348,39.10023175108479,85,-0.19382365588966424,41.12676721198355,2.4657174257059626,37.55110627219187,1.0082234439151254,0.7950392870003653,10.757689479306514,3.740611005801497
1349,7.647344791505743,85,-0.20920598529049533,5.000506048438546,1.5595203803979916,22.371905807207295,2.8397636107098942,0.20912705254514158,15.63763753487351,2.462007171865366
1350,124.12432904032421,85,-0.11438948718956607,20.108487981975735,2.3871203656080775,28.69253040656043,2.6309230545044957,-0.03572072899819889,7.785440316207385,3.088032087561032
1351,38.10228326403011,85,-0.1646569752719639,7.934853779905156,2.270149941185491,39.00238180246575,3.7784114311547503,-0.1275753221192515,7.609142031966114,3.9991913531851817
1352,30.957656890220374,85,-0.19201150308281562,7.878611718968016,1.327456081515105,31.700257957212433,3.4661786984058858,-0.052166471978961404,24.851285569015523,2.3659324673448507
1353,40.14185116120853,85,-1.0926039699575116,5.434166843717278,3.1377764496281966,25.06051953822382,1.6673235712506065,1.044840675244187,14.384982674675662,2.751752659973117
1354,14.50836068354498,85,-0.291272688984899,15.727795986886683,1.55846756847352,4.391464250542303,3.869722957700576,0.20228757307985767,38.61957399605883,2.4542667091619963
1355,39.50394470324613,85,-0.2188040599362898,34.16892754553889,2.1543512191980607,32.05140054624769,1.844499743153384,0.824234190058099,21.956417529501348,3.9997118166612053
1356,11.836710740490664,85,-0.20690030241917448,14.421559046359787,1.5723569604646928,37.66610717175928,3.2880042930139104,0.11895094381802296,8.640108968106055,2.114738628943124
1357,21.43209371680063,85,-0.4991351251435297,6.952745559540096,1.0001745367120112,25.996175064423646,2.7574028779607924,0.12089112127283155,8.794393046622773,3.961889206425469
1358,24.348469422841724,85,-0.14090744877242442,14.551447915130026,1.621503879323451,17.36309490936849,3.2065339545696228,0.0534065410886336,10.414491477081695,3.4247841223423614
1359,57.06313096420962,85,-0.8828840726486702,14.473067192928452,2.0089287231793156,27.417249118271076,2.9026366490726265,0.691540987676226,3.76363407879448,3.258332037513062
1360,75.31786152827434,85,-0.7633624909097376,12.223549485447851,2.5671311485434907,9.07589319116173,2.939666304417344,0.7031885455295737,29.913531094108038,1.3236881578081403
1361,39.47565233103598,86,-1.1870340254701066,9.745962747056057,2.408130053858187,15.73719315048581,2.7109932976201057,0.8485321846343236,19.053874060136106,3.409845443999637
1362,7.841919343147184,86,-0.23712680600875197,24.412032191316477,1.0115191093461793,21.556550282452918,2.892114470275087,0.13386920600002927,12.922521126450924,2.11799508225671
1363,36.46143507142646,86,-0.24788235688885463,24.178356796958596,2.5888527298069515,10.248958698032311,1.801966224007143,0.18879137524960798,35.66675801768064,1.847880733066057
1364,73.90209711144824,86,-0.17889148376350683,11.454559884776293,2.421931213005962,8.143470820282417,3.2082335024790654,0.039439670394141285,20.479305500931105,2.24415130305638
1365,62.364303506582196,86,-0.20267721417534015,11.671973806909087,1.3408108759079589,18.247414362669545,3.7854807851075165,-0.11678516846914594,26.206741445826225,2.5004003813537983
1366,7.0697625432153695,86,-0.2724842606148471,4.986466696440234,1.4997609951495787,27.200935172961326,3.079990537689473,-0.17316775045286323,21.0425607067914,2.7731973307699604
1367,11.813778336596078,86,-0.4372751802783039,8.486649539030306,1.1264192600026912,27.721472799801308,3.256910414494839,-0.1994451223982285,10.078962799542353,3.7080902945037097
1368,38.975250368603625,86,-0.8310525190500874,44.5188022841468,2.5114413974512177,26.24194719276567,2.0658889493584582,1.179604551147304,18.409990544430514,3.6799106991864483
1369,765.1405955178441,86,-0.11493770873879158,17.152628313392242,3.4988176685201315,19.49172493935997,2.5902414542742727,-0.19124422181597445,23.76989851211493,1.6880232797705486
1370,47.81357718386763,86,-0.2165207360678146,14.330402344106078,1.0008464863194646,12.959145483935895,3.9996882540211027,0.012774949407527117,12.783683817097694,2.903458745673037
1371,23.337153568924315,86,-0.396401601585326,5.231101317739626,1.4844563824306602,36.01266895276912,3.0772005891536542,0.3617385404456976,12.00152903224345,3.8247689120936736
1372,9.291040672736013,86,-0.5116233371844175,23.940211786616928,1.3387938566232518,17.30481095037484,2.9263404225959495,-0.16474518470970187,15.33944427023538,2.851178309447989
1373,32.024345058764396,86,-0.8386657775829114,5.468551273800912,2.410561283040717,7.568135320625974,2.7979020811382185,0.5120350756165644,31.574122968952576,2.16634348169329
1374,39.27895664512199,86,-0.4546161215383183,22.44052487071577,1.3890584311176906,32.37251124848589,1.9716641588105834,0.8437989708178479,9.19045313841221,3.978652579694429
1375,9.31906144039431,86,-0.10013006603347034,6.783367466499613,2.051276586360743,12.382652207168844,2.6665950559043132,0.21969113160915146,20.56388404554243,2.143968863930847
1376,39.58695243417299,86,-0.5545985140112462,15.735205956460117,1.5186961660674934,40.882049397309736,2.6295327913017337,0.425863043112158,7.3161440828419515,3.745521299511178
1377,97.05406148597929,87,-0.3024638171380211,30.629174472240898,2.089747905171671,20.88695758187164,3.544064888785574,0.17276465886635683,38.94398718478575,1.3695940350910432
1378,40.170598735376615,87,-0.29128773328223806,3.6429588911981234,1.2624525046026138,19.00549946603317,3.9275645988099357,0.18560572789304153,26.675905923161334,1.6772672301568097
1379,31.554903199676776,87,-0.3287108188028973,18.81610917511616,1.3379310846046013,37.01712168793249,3.9057051937386085,-0.19954520303521395,9.256344625247895,3.019904527032712
1380,68.44835964685862,87,-1.145295107443909,33.26992052466086,1.3905663140387077,12.07092560676833,1.8993156439236256,-0.06516313399011008,40.04621414394823,1.5032908401732104
1381,272.98873138716834,87,-0.10752299350340479,3.034205399177046,2.1540007308882156,44.9849870784205,3.9947555990063104,0.14015709852962044,22.020912209843786,2.410033877208236
1382,39.324732277598514,87,-0.1325968012400663,22.166313258886838,2.7022894786249547,25.174203623862457,3.975861822431198,-0.13310264117093457,31.792026727310375,3.055910116405884
1383,9.924770658009157,87,-0.11327346408928614,16.134051290854067,1.4910595046096125,30.024715027385867,2.9337886176632764,0.06900359778800477,7.059678653149316,3.270500439748602
1384,39.61031961095081,87,-0.26893896483335816,25.236638267842434,1.458601764991883,11.832299665906804,2.8283095277483143,-0.04618272364057782,11.142270313490087,3.979848336423387
1385,9.148074309903151,87,-0.27583829407939997,4.484835133790414,1.7917184814598497,27.803190695299868,2.6555041034448,0.14294058689216177,5.473149700187081,2.9429252491585296
1386,61.04063361450028,87,-0.10231461543922066,4.968555796108405,1.5386415669362525,29.04621373141503,3.8391694664777596,0.21981455879550482,37.729988380971406,1.8997250172418636
1387,9.650092711335983,87,-0.708558272438325,10.520007705859713,1.062579420496918,38.05538048042189,2.87420334640319,0.1742219712795763,8.50897536379681,3.4862992577838248
1388,15.355837621075349,87,-0.7723392857212508,12.152369191097774,1.5396214519591387,13.473423800189662,3.511991690181412,0.1060437553731898,3.5137701199619347,2.681560373829829
1389,21.303187911212408,87,-0.6181702687924095,16.039450376322183,1.9003096242539534,25.136497806389738,2.6928923496973702,0.2095943809842566,27.08391268525232,1.582976156329575
1390,68.69724414813079,87,-0.3668833511796282,18.022339039699055,1.9104792681903406,21.840380782084143,3.9806751550657644,0.4124414704689735,41.56740592809492,1.2840448660554675
1391,293.19250711076404,87,-0.1007436591526415,12.880293053273135,2.2565750451704902,26.273131384600845,3.965330516126273,-0.11190048914935996,27.473684272071814,2.254904350830596
1392,40.05378145725822,87,-0.4214976597813424,30.585712880575905,1.677393428554614,12.689853887209937,2.987056936425236,0.2370626202206785,12.305671276376106,3.6784555277034503
1393,5.115190872920733,88,-0.3040036459294504,11.22746058475228,1.0106675684221111,36.827097265911284,2.708058749517819,0.06958559056931929,12.765597414455044,3.4462723570988922
1394,38.17636114222462,88,-0.7961509844202077,31.84399746620801,3.507945544252628,4.019881411718818,3.9872900644909497,-0.03545847071959854,21.124647560573905,1.9238995877001492
1395,30.813384150128442,88,-0.3112880431991518,36.34734923479414,1.9643904550117914,20.221923449581297,2.098031694912299,0.052093415136233195,12.500514033937558,1.7835678339772791
1396,198.0895506217367,88,-0.4465405694444167,12.752210374047866,2.579746935351738,24.29024278990014,3.1806832619355525,-0.13577324222501208,9.233677812637055,2.627324949618438
1397,39.143804386320596,88,-0.14671757518090006,16.711913922469083,1.8701355883224295,29.715749555747294,1.6521778670116503,0.123338664239046,12.873419794193792,3.9992140658556785
1398,39.04038708258722,88,-0.25965891015771936,11.894273388910008,2.319088623123707,37.62091488308526,2.4502489487422823,0.23921208450477777,14.141166823489753,3.0741183273053334
1399,29.85209545430006,88,-0.32244279252278624,6.886737740526945,1.1944299397803686,44.59177198602977,3.6267000946920005,0.3901562282715966,11.870925099438729,2.1177646688152723
1400,21.603270905074854,88,-0.6396573646697892,8.813761302915779,1.6431446544031167,20.77243613434655,2.5969298076817884,0.3463124510453348,3.168250594699325,3.920205952991983
1401,8.054263808107834,88,-0.35688612281564497,15.498818361085103,1.6503600424355667,12.921462986683563,3.1302150349358406,0.012548917115410757,16.12144785742688,2.025303839488542
1402,7.971707287570179,88,-0.3659203369129973,5.796860251456992,1.924557301773093,17.495328379477044,3.589276787623995,-0.15987119653107132,26.251832272027713,1.0980538897620904
1403,8.469615806014538,88,-0.42217376109732835,7.405803324645638,1.0000062845676758,15.831645649185251,3.517804313637061,0.29233583805853103,7.649952517632059,3.3297498192161417
1404,12.52874614037455,88,-0.44457978348234123,27.41129202747206,1.7271618055154847,17.97503401076305,3.0001025068502387,-0.046844806734809064,3.7743712008865478,1.2365848478249188
1405,39.631693527129954,88,-0.4822925358992538,6.726260315316034,3.449177155486942,22.358773628439813,1.504756260239342,0.3568685575758961,6.2997592300276635,3.851853225763481
1406,7.205649520662707,88,-0.649721101584088,18.160602769812986,1.0307169699166652,16.12743006402546,2.954649789745117,0.46439488564919384,14.31531611300916,3.4286283137507683
1407,130.12627302001684,88,-0.32464239404095685,42.05989751000527,2.6424926224294074,24.404623636741082,1.2653791878768064,0.35747418894853983,3.0095510174492537,2.620740793879422
1408,39.5969801675713,88,-0.5433817781966623,27.3833426771829,1.27948945717997,43.381116840996675,1.6113509631623413,0.7968760846745997,18.856931588960833,3.8164210536166587
1409,5.286193323573285,89,-0.20695461928217646,14.577325902358169,1.1770217497209983,11.203717342945218,3.997871501763549,-0.006369253283713738,28.968519327584964,1.2073953947481249
1410,11.532527367774204,89,-0.4916578543963811,20.367656009830235,1.8975824096428968,17.47404117313296,2.2612298700281492,0.4686214857231908,7.731104017267915,2.735086454689592
1411,7.082488008210527,89,-0.39463506128841785,9.976994311342697,1.854250920954346,17.95140334178544,3.5700355649265636,-0.1573280673935743,6.644290879049659,1.5374007497065794
1412,8.980040288386858,89,-0.46489891363509994,21.185616162524525,1.8987271332431552,4.717532287117689,3.1243672521095207,0.08883148451320187,19.562326137961715,2.0208494067523057
1413,477.0807191837915,89,-0.142081166438355,5.11217892206249,2.3955727203673898,9.882074716588592,3.953858255320074,0.22369669066895637,27.347752889037732,1.9048885561370725
1414,19.893727384553124,89,-0.6181684562794538,10.407606781816824,1.9745775051226009,27.493322990636912,2.7604975241427487,0.3448009596463212,44.26961181921922,1.295421946682373
1415,59.70377793067551,89,-0.1294337281830214,12.553230580994523,1.8238684276716803,39.26288975958559,3.5850227387618747,0.14021725008384656,31.18632162593316,1.991615755611206
1416,29.639506023122525,89,-0.2891307325091221,9.116371113458316,1.1720638554048677,11.319145954812715,3.947468700816732,-0.0759313677928743,12.796109845900249,2.819717453029842
1417,39.271458215364724,89,-0.9948034577350869,24.863471733702553,1.632749061998762,42.28911562047652,2.501584474438689,0.9894941642577272,22.64675573327704,3.7137533664059807
1418,32.62500008154917,89,-0.6439793187482978,8.341965988225056,1.5218039644596701,5.515389906885002,3.9421328350035423,-0.11971445066575104,37.87311695449706,1.8758732564671206
1419,9.36266726608356,89,-0.43974450236952045,3.905699560008107,1.1654335863562038,42.88504686061323,3.945826396419917,-0.19999989183865138,27.64231197778756,1.6427919734654304
1420,333.2190021166441,89,-0.2167900729115858,22.907050243538478,2.2583035493568264,16.870434332756812,3.7176834616090235,0.34106415952712754,26.422383615450503,1.877231386378959
1421,15.345006360439404,89,-0.42221034918335176,21.167318512944597,1.24095898608947,16.35738585452804,3.5916516322822702,-0.0006065959601155579,20.134959256651282,2.2777440026690527
1422,12.770220705421496,89,-0.41322627412613916,3.8274802368299783,1.028893072617022,38.48098173112251,2.6583780721045236,0.5605362187735694,10.393750422788406,3.9125471716811306
1423,39.2979724753318,89,-0.9127097109574172,9.222569501918588,3.805038306583594,13.685279716987672,1.725773187300032,0.49165744828537805,14.818980060169583,2.230459256692672
1424,87.8522882966745,89,-1.001532064008334,10.999885703203741,2.0117199338002703,7.668707310118615,3.975690565826205,0.21326391395724575,24.647002094210002,2.393430209478792
1425,12.812781790875938,90,-0.1224284459362193,21.54288844481129,1.4462058133387303,16.649945708003727,2.4210301046861717,0.19423782233969153,28.57175878226181,2.719049066479078
1426,81.9810868989118,90,-1.0107580529774038,3.5672546522563664,2.7124137025594246,18.72857791804889,2.6978506069193586,0.8004672967494717,17.558267504101533,2.06714752017157
1427,14.251999669988324,90,-0.4034013066829868,27.92872046239612,1.3081093944418474,23.039597128423004,2.4888679812744745,-0.00912644751923794,5.911233050114786,2.9441643123940793
1428,16.71638945779091,90,-0.3594696673732061,10.95372338060658,1.6191123078970404,12.56948493761969,3.733571820820876,-0.061766328503186835,35.5594472867397,1.1930245747206563
1429,15.84759434858091,90,-0.6251243275513811,13.54666547064822,1.000990886701937,21.709262391339767,3.9737511156381937,0.2587792664458316,43.38016159198645,2.989498420769138
1430,14.200118778116899,90,-0.10723529109029907,29.238063982037332,1.018783135158167,9.796404375850305,2.693934729809408,0.10047245842569785,16.459215368556496,2.859002058375683
1431,8.069081915211939,90,-0.22578701146614444,13.581699452894997,1.4786611647042225,19.346364068544414,3.161972623943829,-0.06893981000769467,16.872820459011557,2.5358801279720664
1432,453.1802216504957,90,-0.5103806443650122,5.597025644041126,3.3565574443815036,24.657883717207504,2.0135529848654192,0.42855688526579516,9.221427106959833,2.4681539176256395
1433,36.10769320980706,90,-0.5428865302232675,17.229495845672677,2.425343925328086,16.167476789101716,1.9139954234094878,0.699372410197742,9.833761751565461,2.726480203901659
1434,10.627627472182622,90,-0.8400010707337107,8.165355340105709,1.1697214045528463,19.671698693164473,3.8288669867553926,0.30291714682446425,19.579012106289518,2.0963912404160396
1435,121.45469551522875,90,-0.3979467529806392,7.029806949642145,2.3378575713695016,7.504181185207134,3.609878120018864,0.11287551411054253,44.02736572368969,2.5093600568742453
1436,12.934282689111717,90,-0.2916501388555861,5.883285857473438,2.07006960240402,31.937645890418132,2.692047786316731,0.08877275997788672,6.388698476465796,2.892447926502019
1437,11.099864277954358,90,-0.11141487599780328,4.3075941958295605,1.6685456738502622,36.58699087462272,3.2524401843419937,-0.17624995800115667,4.824808536088337,1.75705025330717
1438,39.59575736925363,90,-0.36678054082417566,22.66369679658078,1.8743110261106406,44.969711269754626,1.2426154334673751,0.3016071714341012,6.655307626391406,3.8517166207242375
1439,7.673455470156671,90,-0.32111032336232265,17.429337807094434,1.2948125519699065,32.777738433456356,3.1483233770183663,0.13594331531219342,10.548260761793955,2.6209997011055712
1440,8563.971387777974,90,-0.9473966976001523,13.401139864206446,3.131110782148422,17.665455866176572,3.2895534927276326,0.3439332142158119,28.68001434242762,1.278687139009587
1441,18.820383528359656,91,-0.15462799975547367,8.5809739611255,1.562534927217885,17.04290995876883,3.7294221246067365,0.009369220938757694,26.943568200154864,1.7351185140209866
1442,8.048578648425398,91,-0.331471728108939,13.230002632800334,1.4849803873460645,16.564824046583894,3.1259784625033626,0.1033230099469569,7.134430460319058,2.907428327058504
1443,147.6144116876555,91,-0.9841305187106542,13.289284361915472,1.728838977417708,23.259312634455412,3.740509828769099,0.6265163046379391,17.042942098930027,3.467104952864015
1444,39.84434954124973,91,-0.7990178626252635,7.15940470521917,2.981553647668827,27.086512307834898,1.7375904308975665,0.8589007446407035,16.520364292517435,2.5766608205614636
1445,17.528975426332806,91,-0.10054422418844973,29.37764963175114,1.0281743959760807,5.108766085687485,2.8083746505956664,0.2891613267724922,10.126893736326078,3.0296269399236175
1446,8.141292909915707,91,-0.14862235048144937,10.730399178613037,1.6300371678291088,17.323262235232992,3.0228866709488615,0.049792437278210214,25.474963463217257,2.4298942864103426
1447,11.353370504935944,91,-0.29167204767807353,24.22273485640904,1.1325706295680498,17.754233868684704,3.7860403724932388,0.21598664794110795,16.208350145026802,2.9580250356534954
1448,139.7225124134397,91,-0.4687893121100976,26.861659859902222,1.9181418073393135,23.154414060221104,3.9085196477066173,0.21963522324967977,8.673700295953918,2.363126130409332
1449,11.864323756758125,91,-0.45304345268156226,16.00484076295705,1.8978166525337719,29.53519685569388,2.6688268594536106,0.013077042257223101,8.054466529852073,2.332671478856128
1450,6.328932418406174,91,-0.10173863059496505,15.60292992237192,1.0452517383136901,24.246270953308187,3.254151141514197,-0.1962144659758539,21.91917758290697,2.352829727021154
1451,9.580305358970692,91,-0.11223117389785647,3.565058667786441,2.0122878792752372,7.457358577099864,3.7922525930362965,0.1125513379270896,30.48695552523651,1.0634760564959869
1452,10.790401999756435,91,-0.18130240108050244,11.967876281368428,1.7243671633874267,6.563774997402189,3.9990955496925262,0.05361554532822166,30.423092462361222,1.0258913372169836
1453,11.632968024185569,91,-0.13038242732996425,29.389560997878515,1.7018079764016314,28.584704265702797,2.8036905515405337,0.17072009454324105,10.853747540178848,2.889849527101597
1454,5.834578388501405,91,-0.5394180135942273,6.256702808404385,1.1608080170186197,8.029954954770082,3.4389005534798964,-0.16027301043199849,39.18630446032803,1.220306849412034
1455,23.07943581246202,91,-0.6121321245094207,3.0842475288073232,1.6490287974680407,27.197608919330115,3.746858848463284,0.2595167206506833,8.061059779307078,1.399470156283124
1456,12.354030975736297,91,-0.10992132533739198,17.400820997225775,1.6033159843799614,40.63900742450719,2.7670825053670196,0.18184082991166683,4.267739029248071,3.365634084897068
1457,8.897121108217677,92,-0.10597395305033282,20.676121242748223,1.0597696291811107,27.611828273836686,2.9023319342436036,-0.14264056536087552,10.104305658939793,2.911123268745338
1458,7.122471489481939,92,-0.11807381321161754,12.653805054224058,1.726320708030336,35.68685838672251,1.7598201915016245,0.5301866542696732,11.136081684763411,3.4532520252582213
1459,10.785362602651064,92,-0.11933714764244469,19.442992411205022,1.0181649554149808,39.011968549243,2.315375330655505,0.17906572480221333,22.347192965902735,2.9425611732236363
1460,14.676001505646022,92,-0.2799736183319996,29.68749399750318,1.437202847111247,20.805933687303867,2.3226800805938055,0.3317953220023899,8.42033649205034,2.362671745037982
1461,10.766228104641264,92,-0.6527583536321127,23.70256366764489,1.185505024884063,12.778824839451387,3.2763689449437816,0.2515179950506052,17.88221365417917,2.2332715797781275
1462,39.60279978382312,92,-0.44979701790641147,11.464963699804194,1.2879083691763427,35.629111446663984,2.5342880970912045,0.6479555305059994,16.511990246665768,3.9749229951217884
1463,15.106653444835324,92,-0.48448983904829646,22.899932403774226,1.056016246792192,14.75397005397911,2.607946941489499,0.6457838663147213,13.964376415052914,3.6332790167311932
1464,16.935731462366643,92,-0.3168272658039257,3.53988689451963,1.9931700379652724,20.930092599150413,3.6215953156146528,0.2604127081644506,35.13079189974949,1.5048976556805953
1465,29.95748521043452,92,-0.3730494937865666,21.119962029066215,2.4557413583865326,19.06874202587001,1.9325727975788423,0.3841270787883352,14.846365259598707,2.258060116170255
1466,13.024927274645014,92,-0.11370162240359219,4.038552929662172,1.5926129778175167,24.99970891828825,3.6125293125105573,-0.17663274323389377,31.32731130937362,1.5380479211340927
1467,39.36034274764257,92,-0.5820682637981409,14.792967536235148,1.9451287115438132,42.171339055035,3.0550352497003237,0.40122021303498456,11.493440147088613,3.999712150553663
1468,9.570373667915057,92,-0.31965860653324896,7.344881059245446,1.0104539092003808,30.30257219379598,3.9435011955649433,-0.12217801517071658,18.075387882195496,1.554354317856221
1469,13.08620112960303,92,-0.25175908912364114,17.887649801334167,1.9258044977775315,26.02803469989921,2.6826064495189392,-0.07452777206796346,33.59662069421273,1.5001698726972568
1470,11.534616080478884,92,-0.6118773690012358,9.811720588734694,1.0953637226459412,44.05821253640634,3.2159021799401666,0.10457848153557193,9.2578940412734,2.3173579204671815
1471,37.85730819474582,92,-0.6574328421970772,38.58240346960659,2.1348535239285504,4.331533594789006,1.9516028554431737,0.708100188544139,6.273490965128584,1.980254436592547
1472,29.71603140833082,92,-0.36141827601563803,14.605556132255138,1.084964299624695,23.25758194745885,3.747354694200142,-0.14657463610900417,37.500085436706144,1.9418933056808756
1473,41.594221435614116,93,-0.6254537439472873,5.5511940006914955,1.6608741975851897,32.20303631116114,3.5580622646779454,0.13225189337914067,25.11359361326666,1.6544080077898382
1474,39.54397508962229,93,-0.19029430817957563,44.18322301980851,2.970132272673166,40.77934139804617,1.9527830811970786,0.7579947316275807,21.55817243124381,3.4603848805065414
1475,153.33435003206725,93,-0.2377654490956862,10.762985642521532,2.0237623070287363,41.377511028206285,3.860037489077081,-0.11493802458836519,18.685995443426254,2.7542770547875177
1476,17.32678575394963,93,-1.0301816147798508,21.64402939562059,1.2382095077483792,35.88641491257823,1.2064225499421086,1.1313078684329008,26.334137217185315,3.54119956348779
1477,10.174329212502741,93,-0.36520559411248776,9.577844993803051,1.676102208497745,16.348387367112437,3.297898535546753,-0.08300594387892415,11.924662391264757,2.7066544223176576
1478,39.512528033320955,93,-0.432501223484691,31.89246049092324,2.1722710192249273,44.95841397915858,2.18186792677798,-0.04007882497241744,23.106520248940335,3.207411707024348
1479,40.02000408997343,93,-0.36924248951768046,31.7153769282531,1.3442772228804745,31.827029525482182,2.0029481778899374,0.6066513313551823,11.6415113494637,3.985332343716046
1480,13.177635257107877,93,-0.5963182938546128,11.50094463590093,1.143073646890179,44.08527932401169,2.607896103113232,-0.15878060315576187,9.54804881704353,3.0936243628190314
1481,39.61825656961099,93,-0.10019872856930966,15.659392849946652,2.2571153272676985,34.755374010124896,2.6089080441863683,0.2617583549579564,7.067416257022075,3.5734702751134986
1482,49.42421633556139,93,-0.11701354344638609,13.973496145402612,1.0926232670655767,12.630013168655172,3.927057667781836,-0.07610450521167905,23.347119505406717,1.9474139868280367
1483,13.83329099392649,93,-0.21446309906577543,3.7008681417086553,2.5898248307947505,37.430898317748465,2.3153186598015614,0.19535734466438887,21.810259775073554,1.8448300973676646
1484,39.361209451268294,93,-0.13809764781052575,38.55975546942166,1.88809346151284,43.11879648956884,1.4119739615821332,0.4250417937322638,11.626394860193248,3.1117433964413572
1485,22.67135779000176,93,-0.20035079766909594,37.6407834244025,1.2788626049542693,13.034903000289887,1.7961403009352024,0.3048136610906689,21.56806464948434,2.907639038392431
1486,17.918332620764524,93,-0.5494476225045225,7.436167584990368,1.3457729264396496,41.332986347220015,3.580196964472273,0.3754433501955663,7.916276863037634,3.370221706048122
1487,7.627408021694447,93,-0.33973428026563873,20.0625851267691,1.686280005130626,24.39169468318596,2.1251819839778263,0.9275258506103865,9.515561431664592,3.1908628362757114
1488,50.02895851102963,93,-0.7802688660292556,17.70272435387823,1.5570670782910119,17.674375999509493,3.859758848666543,0.3769291548942094,14.2839682798208,2.924338415429073
1489,70.8928072954966,94,-0.21623215356471603,30.70871769199984,2.07386816253811,32.97619123335847,2.9592282883824113,0.03768989426263378,3.238049245253861,3.052335139912728
1490,39.54791617013912,94,-0.3383097218866233,23.78894396657224,2.0509643783146005,36.69073295240071,1.0920799033365987,0.6107382544117581,16.78360738020173,3.345102508998856
1491,26.661896455054297,94,-0.7446109223475612,11.956013278066013,1.4186067010066203,22.068909560535776,3.8297471888910297,0.036291273048251166,28.71549955997618,1.7197244862823864
1492,6.575956166389943,94,-0.2836106476993466,4.134584709005347,1.0191289137216824,43.44338106498325,3.1573425124735377,-0.19871781668967164,12.3223416881615,2.7676148383989245
1493,38.26433801285233,94,-0.41896421499942416,36.749763778785784,1.730461390418569,7.3960870924234,3.069559083131344,0.4568367008823485,5.632101355268104,3.4864362298782923
1494,38.81417719873065,94,-0.5083469923723023,13.623119246461101,1.61002180936971,6.895919332049115,2.619261507879054,0.7662854983378175,20.78167018308269,3.999168967963968
1495,30.090078734960727,94,-0.5440139067431907,3.7493493363382635,1.351091649763245,21.836259574579,3.8575324986488417,0.09332168351799222,28.74026875284669,2.31562198250149
1496,158.15804940136604,94,-0.4758622660541113,7.108615104033941,1.5606449822688526,25.95800138798092,3.9928414691837313,0.045471180486655605,11.965118340493719,1.9714291933646388
1497,9.03805740525961,94,-0.513348977993687,6.305221743163159,1.4333335724203768,31.48780886601189,3.2049433074781954,0.29191142502601275,15.388709744800911,2.397638946531329
1498,8.249396834252805,94,-0.5162468946804415,10.373829333269821,1.2543581438324587,39.33832557935534,2.9267896780433778,0.42876323982985715,19.757035086682386,3.1884578247925726
1499,36.70207599140993,94,-0.7524391384593493,27.54554657512618,1.6894316966343974,22.094888569451896,2.3040975618271684,0.6590903159712628,16.42630481262532,2.336600352168176
1500,39.5638142377932,94,-0.1354252290189724,14.009734905531712,2.8214092475099566,21.232130600134983,1.7117715450054019,0.27926834127990946,15.083077567148202,2.7503465399937963
