# Data         : s(q,f)_total
# First row    : q (1/nm)
# First column : omega (rad/ps)
  0.0000e+00    4.2000e+00    8.2000e+00    1.2200e+01    1.6200e+01    2.0200e+01    2.4200e+01    2.8200e+01    3.2200e+01    3.6200e+01
 -3.1401e+01    5.9002e-07    1.5959e-05    4.7484e-05    3.4819e-05    2.8209e-05    6.4805e-05    1.9566e-04    2.9265e-04    2.7044e-04
 -3.1369e+01    5.9011e-07    1.5963e-05    4.7495e-05    3.4821e-05    2.8211e-05    6.4812e-05    1.9568e-04    2.9269e-04    2.7045e-04
 -3.1338e+01    5.9030e-07    1.5972e-05    4.7516e-05    3.4827e-05    2.8216e-05    6.4828e-05    1.9573e-04    2.9276e-04    2.7047e-04
 -3.1306e+01    5.9057e-07    1.5984e-05    4.7548e-05    3.4836e-05    2.8223e-05    6.4851e-05    1.9579e-04    2.9287e-04    2.7050e-04
 -3.1275e+01    5.9093e-07    1.6001e-05    4.7592e-05    3.4848e-05    2.8232e-05    6.4882e-05    1.9588e-04    2.9302e-04    2.7053e-04
 -3.1243e+01    5.9138e-07    1.6022e-05    4.7646e-05    3.4863e-05    2.8243e-05    6.4921e-05    1.9599e-04    2.9320e-04    2.7058e-04
 -3.1212e+01    5.9192e-07    1.6047e-05    4.7710e-05    3.4881e-05    2.8257e-05    6.4968e-05    1.9612e-04    2.9342e-04    2.7063e-04
 -3.1180e+01    5.9255e-07    1.6077e-05    4.7786e-05    3.4902e-05    2.8273e-05    6.5022e-05    1.9627e-04    2.9367e-04    2.7069e-04
 -3.1149e+01    5.9327e-07    1.6111e-05    4.7873e-05    3.4927e-05    2.8291e-05    6.5085e-05    1.9644e-04    2.9397e-04    2.7076e-04
 -3.1118e+01    5.9408e-07    1.6149e-05    4.7972e-05    3.4954e-05    2.8312e-05    6.5156e-05    1.9664e-04    2.9430e-04    2.7084e-04
 -3.1086e+01    5.9498e-07    1.6191e-05    4.8081e-05    3.4984e-05    2.8335e-05    6.5235e-05    1.9686e-04    2.9467e-04    2.7094e-04
 -3.1055e+01    5.9597e-07    1.6238e-05    4.8202e-05    3.5018e-05    2.8360e-05    6.5322e-05    1.9710e-04    2.9507e-04    2.7104e-04
 -3.1023e+01    5.9705e-07    1.6289e-05    4.8334e-05    3.5055e-05    2.8388e-05    6.5417e-05    1.9737e-04    2.9552e-04    2.7115e-04
 -3.0992e+01    5.9821e-07    1.6344e-05    4.8478e-05    3.5095e-05    2.8418e-05    6.5521e-05    1.9767e-04    2.9600e-04    2.7127e-04
 -3.0960e+01    5.9946e-07    1.6404e-05    4.8634e-05    3.5138e-05    2.8450e-05    6.5633e-05    1.9798e-04    2.9653e-04    2.7140e-04
 -3.0929e+01    6.0080e-07    1.6468e-05    4.8801e-05    3.5185e-05    2.8485e-05    6.5755e-05    1.9833e-04    2.9710e-04    2.7154e-04
 -3.0897e+01    6.0222e-07    1.6536e-05    4.8981e-05    3.5236e-05    2.8522e-05    6.5885e-05    1.9870e-04    2.9770e-04    2.7170e-04
 -3.0866e+01    6.0374e-07    1.6609e-05    4.9173e-05    3.5289e-05    2.8561e-05    6.6023e-05    1.9909e-04    2.9835e-04    2.7186e-04
 -3.0834e+01    6.0533e-07    1.6686e-05    4.9377e-05    3.5347e-05    2.8603e-05    6.6171e-05    1.9951e-04    2.9904e-04    2.7204e-04
 -3.0803e+01    6.0701e-07    1.6768e-05    4.9594e-05    3.5408e-05    2.8648e-05    6.6329e-05    1.9996e-04    2.9977e-04    2.7223e-04
 -3.0771e+01    6.0878e-07    1.6854e-05    4.9824e-05    3.5473e-05    2.8694e-05    6.6495e-05    2.0044e-04    3.0055e-04    2.7243e-04
 -3.0740e+01    6.1063e-07    1.6945e-05    5.0066e-05    3.5541e-05    2.8744e-05    6.6671e-05    2.0095e-04    3.0137e-04    2.7264e-04
 -3.0708e+01    6.1257e-07    1.7041e-05    5.0322e-05    3.5613e-05    2.8795e-05    6.6857e-05    2.0149e-04    3.0223e-04    2.7287e-04
 -3.0677e+01    6.1459e-07    1.7141e-05    5.0591e-05    3.5689e-05    2.8850e-05    6.7053e-05    2.0206e-04    3.0314e-04    2.7311e-04
 -3.0646e+01    6.1669e-07    1.7245e-05    5.0873e-05    3.5769e-05    2.8906e-05    6.7258e-05    2.0266e-04    3.0409e-04    2.7337e-04
 -3.0614e+01    6.1887e-07    1.7355e-05    5.1169e-05    3.5854e-05    2.8966e-05    6.7474e-05    2.0329e-04    3.0509e-04    2.7364e-04
 -3.0583e+01    6.2114e-07    1.7469e-05    5.1479e-05    3.5942e-05    2.9027e-05    6.7700e-05    2.0395e-04    3.0614e-04    2.7392e-04
 -3.0551e+01    6.2349e-07    1.7588e-05    5.1803e-05    3.6034e-05    2.9092e-05    6.7937e-05    2.0464e-04    3.0724e-04    2.7422e-04
 -3.0520e+01    6.2591e-07    1.7711e-05    5.2141e-05    3.6131e-05    2.9159e-05    6.8184e-05    2.0537e-04    3.0838e-04    2.7454e-04
 -3.0488e+01    6.2842e-07    1.7840e-05    5.2494e-05    3.6231e-05    2.9229e-05    6.8442e-05    2.0614e-04    3.0957e-04    2.7487e-04
 -3.0457e+01    6.3102e-07    1.7973e-05    5.2861e-05    3.6337e-05    2.9301e-05    6.8712e-05    2.0694e-04    3.1081e-04    2.7522e-04
 -3.0425e+01    6.3369e-07    1.8111e-05    5.3244e-05    3.6446e-05    2.9376e-05    6.8992e-05    2.0777e-04    3.1211e-04    2.7559e-04
 -3.0394e+01    6.3644e-07    1.8254e-05    5.3641e-05    3.6560e-05    2.9453e-05    6.9284e-05    2.0864e-04    3.1345e-04    2.7597e-04
 -3.0362e+01    6.3927e-07    1.8402e-05    5.4054e-05    3.6679e-05    2.9534e-05    6.9587e-05    2.0955e-04    3.1484e-04    2.7637e-04
 -3.0331e+01    6.4218e-07    1.8556e-05    5.4482e-05    3.6802e-05    2.9617e-05    6.9901e-05    2.1049e-04    3.1628e-04    2.7679e-04
 -3.0299e+01    6.4517e-07    1.8714e-05    5.4925e-05    3.6931e-05    2.9702e-05    7.0228e-05    2.1148e-04    3.1778e-04    2.7723e-04
 -3.0268e+01    6.4823e-07    1.8877e-05    5.5384e-05    3.7063e-05    2.9791e-05    7.0567e-05    2.1250e-04    3.1933e-04    2.7769e-04
 -3.0237e+01    6.5138e-07    1.9045e-05    5.5859e-05    3.7201e-05    2.9882e-05    7.0918e-05    2.1356e-04    3.2093e-04    2.7817e-04
 -3.0205e+01    6.5460e-07    1.9219e-05    5.6351e-05    3.7343e-05    2.9976e-05    7.1281e-05    2.1466e-04    3.2258e-04    2.7867e-04
 -3.0174e+01    6.5791e-07    1.9397e-05    5.6858e-05    3.7491e-05    3.0073e-05    7.1656e-05    2.1581e-04    3.2429e-04    2.7919e-04
 -3.0142e+01    6.6129e-07    1.9581e-05    5.7382e-05    3.7643e-05    3.0172e-05    7.2044e-05    2.1699e-04    3.2605e-04    2.7973e-04
 -3.0111e+01    6.6475e-07    1.9770e-05    5.7922e-05    3.7800e-05    3.0275e-05    7.2445e-05    2.1821e-04    3.2786e-04    2.8030e-04
 -3.0079e+01    6.6829e-07    1.9965e-05    5.8479e-05    3.7963e-05    3.0380e-05    7.2859e-05    2.1948e-04    3.2973e-04    2.8089e-04
 -3.0048e+01    6.7191e-07    2.0164e-05    5.9053e-05    3.8130e-05    3.0488e-05    7.3285e-05    2.2079e-04    3.3165e-04    2.8150e-04
 -3.0016e+01    6.7560e-07    2.0369e-05    5.9643e-05    3.8303e-05    3.0599e-05    7.3725e-05    2.2214e-04    3.3363e-04    2.8213e-04
 -2.9985e+01    6.7938e-07    2.0580e-05    6.0251e-05    3.8481e-05    3.0713e-05    7.4178e-05    2.2353e-04    3.3566e-04    2.8279e-04
 -2.9953e+01    6.8323e-07    2.0796e-05    6.0875e-05    3.8664e-05    3.0830e-05    7.4644e-05    2.2497e-04    3.3774e-04    2.8347e-04
 -2.9922e+01    6.8716e-07    2.1017e-05    6.1517e-05    3.8852e-05    3.0949e-05    7.5124e-05    2.2645e-04    3.3988e-04    2.8418e-04
 -2.9890e+01    6.9117e-07    2.1243e-05    6.2175e-05    3.9046e-05    3.1072e-05    7.5617e-05    2.2797e-04    3.4208e-04    2.8491e-04
 -2.9859e+01    6.9526e-07    2.1476e-05    6.2851e-05    3.9245e-05    3.1197e-05    7.6124e-05    2.2954e-04    3.4433e-04    2.8567e-04
 -2.9827e+01    6.9943e-07    2.1713e-05    6.3544e-05    3.9449e-05    3.1325e-05    7.6644e-05    2.3115e-04    3.4663e-04    2.8646e-04
 -2.9796e+01    7.0368e-07    2.1956e-05    6.4254e-05    3.9659e-05    3.1456e-05    7.7179e-05    2.3280e-04    3.4898e-04    2.8727e-04
 -2.9765e+01    7.0800e-07    2.2205e-05    6.4981e-05    3.9874e-05    3.1590e-05    7.7727e-05    2.3450e-04    3.5139e-04    2.8811e-04
 -2.9733e+01    7.1241e-07    2.2459e-05    6.5725e-05    4.0095e-05    3.1727e-05    7.8289e-05    2.3625e-04    3.5385e-04    2.8897e-04
 -2.9702e+01    7.1690e-07    2.2718e-05    6.6487e-05    4.0321e-05    3.1867e-05    7.8864e-05    2.3803e-04    3.5637e-04    2.8987e-04
 -2.9670e+01    7.2146e-07    2.2983e-05    6.7266e-05    4.0552e-05    3.2009e-05    7.9454e-05    2.3986e-04    3.5894e-04    2.9079e-04
 -2.9639e+01    7.2611e-07    2.3254e-05    6.8062e-05    4.0789e-05    3.2155e-05    8.0058e-05    2.4174e-04    3.6156e-04    2.9174e-04
 -2.9607e+01    7.3084e-07    2.3530e-05    6.8874e-05    4.1031e-05    3.2303e-05    8.0676e-05    2.4366e-04    3.6423e-04    2.9272e-04
 -2.9576e+01    7.3564e-07    2.3812e-05    6.9704e-05    4.1278e-05    3.2454e-05    8.1307e-05    2.4562e-04    3.6695e-04    2.9373e-04
 -2.9544e+01    7.4053e-07    2.4099e-05    7.0550e-05    4.1531e-05    3.2608e-05    8.1953e-05    2.4762e-04    3.6972e-04    2.9477e-04
 -2.9513e+01    7.4550e-07    2.4392e-05    7.1414e-05    4.1790e-05    3.2765e-05    8.2613e-05    2.4967e-04    3.7255e-04    2.9583e-04
 -2.9481e+01    7.5055e-07    2.4690e-05    7.2293e-05    4.2054e-05    3.2924e-05    8.3287e-05    2.5176e-04    3.7542e-04    2.9693e-04
 -2.9450e+01    7.5568e-07    2.4994e-05    7.3190e-05    4.2323e-05    3.3086e-05    8.3974e-05    2.5389e-04    3.7834e-04    2.9806e-04
 -2.9418e+01    7.6090e-07    2.5304e-05    7.4102e-05    4.2598e-05    3.3251e-05    8.4676e-05    2.5607e-04    3.8131e-04    2.9921e-04
 -2.9387e+01    7.6619e-07    2.5619e-05    7.5031e-05    4.2878e-05    3.3418e-05    8.5391e-05    2.5828e-04    3.8432e-04    3.0040e-04
 -2.9356e+01    7.7156e-07    2.5939e-05    7.5975e-05    4.3163e-05    3.3589e-05    8.6120e-05    2.6054e-04    3.8739e-04    3.0162e-04
 -2.9324e+01    7.7702e-07    2.6265e-05    7.6935e-05    4.3454e-05    3.3761e-05    8.6863e-05    2.6284e-04    3.9049e-04    3.0287e-04
 -2.9293e+01    7.8256e-07    2.6597e-05    7.7911e-05    4.3750e-05    3.3937e-05    8.7619e-05    2.6518e-04    3.9365e-04    3.0414e-04
 -2.9261e+01    7.8818e-07    2.6933e-05    7.8902e-05    4.4052e-05    3.4115e-05    8.8389e-05    2.6756e-04    3.9685e-04    3.0545e-04
 -2.9230e+01    7.9387e-07    2.7276e-05    7.9908e-05    4.4359e-05    3.4295e-05    8.9172e-05    2.6998e-04    4.0009e-04    3.0679e-04
 -2.9198e+01    7.9965e-07    2.7624e-05    8.0929e-05    4.4671e-05    3.4478e-05    8.9968e-05    2.7243e-04    4.0337e-04    3.0816e-04
 -2.9167e+01    8.0551e-07    2.7977e-05    8.1964e-05    4.4989e-05    3.4663e-05    9.0778e-05    2.7493e-04    4.0670e-04    3.0956e-04
 -2.9135e+01    8.1145e-07    2.8336e-05    8.3014e-05    4.5312e-05    3.4851e-05    9.1600e-05    2.7746e-04    4.1006e-04    3.1100e-04
 -2.9104e+01    8.1747e-07    2.8700e-05    8.4078e-05    4.5640e-05    3.5041e-05    9.2435e-05    2.8003e-04    4.1347e-04    3.1246e-04
 -2.9072e+01    8.2357e-07    2.9069e-05    8.5155e-05    4.5974e-05    3.5234e-05    9.3283e-05    2.8264e-04    4.1691e-04    3.1395e-04
 -2.9041e+01    8.2975e-07    2.9444e-05    8.6246e-05    4.6313e-05    3.5428e-05    9.4143e-05    2.8528e-04    4.2040e-04    3.1548e-04
 -2.9009e+01    8.3601e-07    2.9825e-05    8.7351e-05    4.6657e-05    3.5625e-05    9.5016e-05    2.8796e-04    4.2392e-04    3.1703e-04
 -2.8978e+01    8.4234e-07    3.0210e-05    8.8468e-05    4.7006e-05    3.5824e-05    9.5900e-05    2.9068e-04    4.2748e-04    3.1861e-04
 -2.8947e+01    8.4875e-07    3.0601e-05    8.9597e-05    4.7361e-05    3.6026e-05    9.6797e-05    2.9343e-04    4.3107e-04    3.2023e-04
 -2.8915e+01    8.5524e-07    3.0998e-05    9.0739e-05    4.7721e-05    3.6229e-05    9.7705e-05    2.9621e-04    4.3470e-04    3.2187e-04
 -2.8884e+01    8.6181e-07    3.1400e-05    9.1892e-05    4.8086e-05    3.6434e-05    9.8624e-05    2.9902e-04    4.3837e-04    3.2354e-04
 -2.8852e+01    8.6845e-07    3.1807e-05    9.3057e-05    4.8457e-05    3.6642e-05    9.9555e-05    3.0187e-04    4.4207e-04    3.2524e-04
 -2.8821e+01    8.7516e-07    3.2219e-05    9.4234e-05    4.8833e-05    3.6851e-05    1.0050e-04    3.0476e-04    4.4580e-04    3.2697e-04
 -2.8789e+01    8.8196e-07    3.2637e-05    9.5421e-05    4.9214e-05    3.7063e-05    1.0145e-04    3.0767e-04    4.4956e-04    3.2873e-04
 -2.8758e+01    8.8882e-07    3.3060e-05    9.6619e-05    4.9601e-05    3.7276e-05    1.0241e-04    3.1061e-04    4.5335e-04    3.3052e-04
 -2.8726e+01    8.9576e-07    3.3488e-05    9.7826e-05    4.9993e-05    3.7491e-05    1.0338e-04    3.1359e-04    4.5718e-04    3.3233e-04
 -2.8695e+01    9.0277e-07    3.3922e-05    9.9044e-05    5.0390e-05    3.7708e-05    1.0437e-04    3.1660e-04    4.6103e-04    3.3418e-04
 -2.8663e+01    9.0985e-07    3.4361e-05    1.0027e-04    5.0793e-05    3.7926e-05    1.0536e-04    3.1963e-04    4.6492e-04    3.3604e-04
 -2.8632e+01    9.1701e-07    3.4806e-05    1.0151e-04    5.1201e-05    3.8147e-05    1.0636e-04    3.2270e-04    4.6883e-04    3.3794e-04
 -2.8600e+01    9.2423e-07    3.5256e-05    1.0275e-04    5.1615e-05    3.8369e-05    1.0737e-04    3.2580e-04    4.7277e-04    3.3986e-04
 -2.8569e+01    9.3153e-07    3.5711e-05    1.0401e-04    5.2034e-05    3.8593e-05    1.0839e-04    3.2892e-04    4.7674e-04    3.4181e-04
 -2.8537e+01    9.3889e-07    3.6172e-05    1.0527e-04    5.2458e-05    3.8818e-05    1.0942e-04    3.3208e-04    4.8073e-04    3.4378e-04
 -2.8506e+01    9.4633e-07    3.6638e-05    1.0654e-04    5.2889e-05    3.9045e-05    1.1046e-04    3.3526e-04    4.8476e-04    3.4578e-04
 -2.8475e+01    9.5383e-07    3.7110e-05    1.0781e-04    5.3325e-05    3.9274e-05    1.1150e-04    3.3847e-04    4.8880e-04    3.4781e-04
 -2.8443e+01    9.6140e-07    3.7588e-05    1.0910e-04    5.3767e-05    3.9504e-05    1.1256e-04    3.4171e-04    4.9288e-04    3.4985e-04
 -2.8412e+01    9.6904e-07    3.8070e-05    1.1039e-04    5.4214e-05    3.9736e-05    1.1362e-04    3.4498e-04    4.9698e-04    3.5192e-04
 -2.8380e+01    9.7675e-07    3.8559e-05    1.1169e-04    5.4667e-05    3.9970e-05    1.1469e-04    3.4827e-04    5.0110e-04    3.5402e-04
 -2.8349e+01    9.8453e-07    3.9053e-05    1.1299e-04    5.5127e-05    4.0205e-05    1.1576e-04    3.5160e-04    5.0525e-04    3.5613e-04
 -2.8317e+01    9.9237e-07    3.9553e-05    1.1430e-04    5.5592e-05    4.0442e-05    1.1684e-04    3.5495e-04    5.0943e-04    3.5827e-04
 -2.8286e+01    1.0003e-06    4.0059e-05    1.1561e-04    5.6063e-05    4.0680e-05    1.1793e-04    3.5833e-04    5.1362e-04    3.6043e-04
 -2.8254e+01    1.0083e-06    4.0570e-05    1.1693e-04    5.6541e-05    4.0920e-05    1.1903e-04    3.6173e-04    5.1785e-04    3.6261e-04
 -2.8223e+01    1.0163e-06    4.1087e-05    1.1826e-04    5.7024e-05    4.1161e-05    1.2013e-04    3.6517e-04    5.2209e-04    3.6481e-04
 -2.8191e+01    1.0244e-06    4.1611e-05    1.1959e-04    5.7515e-05    4.1404e-05    1.2124e-04    3.6863e-04    5.2636e-04    3.6703e-04
 -2.8160e+01    1.0326e-06    4.2140e-05    1.2092e-04    5.8011e-05    4.1649e-05    1.2235e-04    3.7212e-04    5.3066e-04    3.6927e-04
 -2.8128e+01    1.0409e-06    4.2675e-05    1.2226e-04    5.8514e-05    4.1895e-05    1.2347e-04    3.7563e-04    5.3498e-04    3.7153e-04
 -2.8097e+01    1.0492e-06    4.3217e-05    1.2360e-04    5.9024e-05    4.2143e-05    1.2459e-04    3.7918e-04    5.3932e-04    3.7381e-04
 -2.8066e+01    1.0576e-06    4.3765e-05    1.2495e-04    5.9540e-05    4.2392e-05    1.2572e-04    3.8275e-04    5.4368e-04    3.7611e-04
 -2.8034e+01    1.0661e-06    4.4319e-05    1.2630e-04    6.0063e-05    4.2644e-05    1.2686e-04    3.8635e-04    5.4807e-04    3.7842e-04
 -2.8003e+01    1.0746e-06    4.4879e-05    1.2765e-04    6.0594e-05    4.2897e-05    1.2800e-04    3.8998e-04    5.5248e-04    3.8075e-04
 -2.7971e+01    1.0833e-06    4.5446e-05    1.2901e-04    6.1131e-05    4.3152e-05    1.2915e-04    3.9364e-04    5.5692e-04    3.8310e-04
 -2.7940e+01    1.0920e-06    4.6020e-05    1.3037e-04    6.1675e-05    4.3409e-05    1.3030e-04    3.9733e-04    5.6138e-04    3.8547e-04
 -2.7908e+01    1.1008e-06    4.6600e-05    1.3173e-04    6.2227e-05    4.3668e-05    1.3145e-04    4.0105e-04    5.6587e-04    3.8785e-04
 -2.7877e+01    1.1096e-06    4.7188e-05    1.3310e-04    6.2786e-05    4.3929e-05    1.3262e-04    4.0480e-04    5.7038e-04    3.9025e-04
 -2.7845e+01    1.1186e-06    4.7782e-05    1.3447e-04    6.3353e-05    4.4192e-05    1.3378e-04    4.0858e-04    5.7491e-04    3.9266e-04
 -2.7814e+01    1.1276e-06    4.8383e-05    1.3584e-04    6.3928e-05    4.4457e-05    1.3495e-04    4.1239e-04    5.7947e-04    3.9509e-04
 -2.7782e+01    1.1368e-06    4.8991e-05    1.3721e-04    6.4510e-05    4.4724e-05    1.3613e-04    4.1623e-04    5.8405e-04    3.9753e-04
 -2.7751e+01    1.1460e-06    4.9606e-05    1.3858e-04    6.5101e-05    4.4993e-05    1.3731e-04    4.2011e-04    5.8866e-04    3.9999e-04
 -2.7719e+01    1.1553e-06    5.0229e-05    1.3996e-04    6.5699e-05    4.5265e-05    1.3850e-04    4.2401e-04    5.9329e-04    4.0247e-04
 -2.7688e+01    1.1647e-06    5.0859e-05    1.4134e-04    6.6306e-05    4.5540e-05    1.3969e-04    4.2795e-04    5.9795e-04    4.0496e-04
 -2.7657e+01    1.1743e-06    5.1496e-05    1.4272e-04    6.6921e-05    4.5816e-05    1.4089e-04    4.3192e-04    6.0264e-04    4.0746e-04
 -2.7625e+01    1.1839e-06    5.2142e-05    1.4410e-04    6.7545e-05    4.6096e-05    1.4210e-04    4.3593e-04    6.0735e-04    4.0998e-04
 -2.7594e+01    1.1936e-06    5.2795e-05    1.4549e-04    6.8177e-05    4.6378e-05    1.4331e-04    4.3997e-04    6.1209e-04    4.1251e-04
 -2.7562e+01    1.2035e-06    5.3456e-05    1.4688e-04    6.8818e-05    4.6663e-05    1.4452e-04    4.4404e-04    6.1685e-04    4.1506e-04
 -2.7531e+01    1.2135e-06    5.4125e-05    1.4826e-04    6.9468e-05    4.6951e-05    1.4574e-04    4.4815e-04    6.2164e-04    4.1763e-04
 -2.7499e+01    1.2236e-06    5.4801e-05    1.4965e-04    7.0128e-05    4.7242e-05    1.4697e-04    4.5229e-04    6.2646e-04    4.2020e-04
 -2.7468e+01    1.2339e-06    5.5487e-05    1.5105e-04    7.0796e-05    4.7535e-05    1.4821e-04    4.5647e-04    6.3131e-04    4.2280e-04
 -2.7436e+01    1.2442e-06    5.6180e-05    1.5244e-04    7.1474e-05    4.7833e-05    1.4945e-04    4.6069e-04    6.3618e-04    4.2541e-04
 -2.7405e+01    1.2547e-06    5.6882e-05    1.5384e-04    7.2161e-05    4.8133e-05    1.5070e-04    4.6494e-04    6.4108e-04    4.2803e-04
 -2.7373e+01    1.2654e-06    5.7593e-05    1.5524e-04    7.2858e-05    4.8437e-05    1.5195e-04    4.6923e-04    6.4601e-04    4.3067e-04
 -2.7342e+01    1.2762e-06    5.8312e-05    1.5664e-04    7.3565e-05    4.8744e-05    1.5322e-04    4.7356e-04    6.5097e-04    4.3333e-04
 -2.7310e+01    1.2872e-06    5.9040e-05    1.5804e-04    7.4282e-05    4.9055e-05    1.5449e-04    4.7792e-04    6.5595e-04    4.3600e-04
 -2.7279e+01    1.2983e-06    5.9776e-05    1.5944e-04    7.5008e-05    4.9369e-05    1.5577e-04    4.8233e-04    6.6097e-04    4.3870e-04
 -2.7247e+01    1.3096e-06    6.0522e-05    1.6085e-04    7.5745e-05    4.9688e-05    1.5706e-04    4.8677e-04    6.6601e-04    4.4141e-04
 -2.7216e+01    1.3211e-06    6.1277e-05    1.6226e-04    7.6492e-05    5.0010e-05    1.5836e-04    4.9125e-04    6.7109e-04    4.4413e-04
 -2.7185e+01    1.3327e-06    6.2041e-05    1.6367e-04    7.7250e-05    5.0336e-05    1.5966e-04    4.9577e-04    6.7619e-04    4.4688e-04
 -2.7153e+01    1.3446e-06    6.2814e-05    1.6508e-04    7.8018e-05    5.0667e-05    1.6098e-04    5.0033e-04    6.8132e-04    4.4964e-04
 -2.7122e+01    1.3566e-06    6.3597e-05    1.6649e-04    7.8797e-05    5.1001e-05    1.6231e-04    5.0493e-04    6.8648e-04    4.5243e-04
 -2.7090e+01    1.3688e-06    6.4389e-05    1.6791e-04    7.9586e-05    5.1340e-05    1.6364e-04    5.0957e-04    6.9167e-04    4.5523e-04
 -2.7059e+01    1.3813e-06    6.5191e-05    1.6933e-04    8.0387e-05    5.1684e-05    1.6499e-04    5.1425e-04    6.9689e-04    4.5806e-04
 -2.7027e+01    1.3939e-06    6.6003e-05    1.7075e-04    8.1198e-05    5.2031e-05    1.6635e-04    5.1897e-04    7.0214e-04    4.6091e-04
 -2.6996e+01    1.4068e-06    6.6824e-05    1.7217e-04    8.2021e-05    5.2384e-05    1.6772e-04    5.2373e-04    7.0742e-04    4.6378e-04
 -2.6964e+01    1.4199e-06    6.7655e-05    1.7360e-04    8.2855e-05    5.2741e-05    1.6910e-04    5.2852e-04    7.1274e-04    4.6667e-04
 -2.6933e+01    1.4332e-06    6.8496e-05    1.7503e-04    8.3700e-05    5.3103e-05    1.7049e-04    5.3336e-04    7.1808e-04    4.6959e-04
 -2.6901e+01    1.4468e-06    6.9347e-05    1.7646e-04    8.4557e-05    5.3469e-05    1.7190e-04    5.3824e-04    7.2345e-04    4.7253e-04
 -2.6870e+01    1.4606e-06    7.0208e-05    1.7789e-04    8.5425e-05    5.3841e-05    1.7331e-04    5.4316e-04    7.2884e-04    4.7550e-04
 -2.6838e+01    1.4747e-06    7.1080e-05    1.7932e-04    8.6305e-05    5.4218e-05    1.7474e-04    5.4812e-04    7.3427e-04    4.7850e-04
 -2.6807e+01    1.4890e-06    7.1961e-05    1.8076e-04    8.7197e-05    5.4599e-05    1.7619e-04    5.5311e-04    7.3973e-04    4.8152e-04
 -2.6776e+01    1.5036e-06    7.2853e-05    1.8220e-04    8.8100e-05    5.4986e-05    1.7765e-04    5.5815e-04    7.4522e-04    4.8457e-04
 -2.6744e+01    1.5184e-06    7.3755e-05    1.8364e-04    8.9015e-05    5.5378e-05    1.7912e-04    5.6322e-04    7.5074e-04    4.8765e-04
 -2.6713e+01    1.5336e-06    7.4667e-05    1.8509e-04    8.9943e-05    5.5775e-05    1.8061e-04    5.6834e-04    7.5628e-04    4.9076e-04
 -2.6681e+01    1.5490e-06    7.5590e-05    1.8654e-04    9.0882e-05    5.6177e-05    1.8211e-04    5.7349e-04    7.6186e-04    4.9390e-04
 -2.6650e+01    1.5647e-06    7.6523e-05    1.8799e-04    9.1833e-05    5.6585e-05    1.8363e-04    5.7867e-04    7.6746e-04    4.9707e-04
 -2.6618e+01    1.5807e-06    7.7467e-05    1.8944e-04    9.2797e-05    5.6998e-05    1.8516e-04    5.8389e-04    7.7309e-04    5.0028e-04
 -2.6587e+01    1.5971e-06    7.8421e-05    1.9089e-04    9.3773e-05    5.7416e-05    1.8671e-04    5.8915e-04    7.7874e-04    5.0351e-04
 -2.6555e+01    1.6137e-06    7.9386e-05    1.9235e-04    9.4761e-05    5.7840e-05    1.8827e-04    5.9445e-04    7.8443e-04    5.0678e-04
 -2.6524e+01    1.6307e-06    8.0361e-05    1.9380e-04    9.5762e-05    5.8269e-05    1.8985e-04    5.9978e-04    7.9014e-04    5.1009e-04
 -2.6492e+01    1.6480e-06    8.1347e-05    1.9526e-04    9.6775e-05    5.8703e-05    1.9145e-04    6.0514e-04    7.9587e-04    5.1343e-04
 -2.6461e+01    1.6656e-06    8.2344e-05    1.9673e-04    9.7800e-05    5.9143e-05    1.9306e-04    6.1053e-04    8.0163e-04    5.1680e-04
 -2.6429e+01    1.6835e-06    8.3351e-05    1.9819e-04    9.8838e-05    5.9589e-05    1.9469e-04    6.1596e-04    8.0742e-04    5.2021e-04
 -2.6398e+01    1.7019e-06    8.4368e-05    1.9965e-04    9.9888e-05    6.0040e-05    1.9634e-04    6.2141e-04    8.1323e-04    5.2366e-04
 -2.6366e+01    1.7205e-06    8.5397e-05    2.0112e-04    1.0095e-04    6.0496e-05    1.9800e-04    6.2690e-04    8.1906e-04    5.2715e-04
 -2.6335e+01    1.7396e-06    8.6435e-05    2.0259e-04    1.0203e-04    6.0957e-05    1.9969e-04    6.3241e-04    8.2492e-04    5.3068e-04
 -2.6304e+01    1.7590e-06    8.7484e-05    2.0405e-04    1.0311e-04    6.1424e-05    2.0139e-04    6.3795e-04    8.3079e-04    5.3424e-04
 -2.6272e+01    1.7787e-06    8.8544e-05    2.0552e-04    1.0421e-04    6.1896e-05    2.0311e-04    6.4352e-04    8.3669e-04    5.3784e-04
 -2.6241e+01    1.7989e-06    8.9614e-05    2.0699e-04    1.0533e-04    6.2373e-05    2.0485e-04    6.4911e-04    8.4261e-04    5.4148e-04
 -2.6209e+01    1.8194e-06    9.0694e-05    2.0846e-04    1.0645e-04    6.2856e-05    2.0660e-04    6.5473e-04    8.4855e-04    5.4517e-04
 -2.6178e+01    1.8404e-06    9.1784e-05    2.0993e-04    1.0759e-04    6.3343e-05    2.0838e-04    6.6037e-04    8.5450e-04    5.4889e-04
 -2.6146e+01    1.8617e-06    9.2885e-05    2.1140e-04    1.0874e-04    6.3836e-05    2.1017e-04    6.6603e-04    8.6047e-04    5.5265e-04
 -2.6115e+01    1.8835e-06    9.3995e-05    2.1287e-04    1.0990e-04    6.4334e-05    2.1199e-04    6.7171e-04    8.6646e-04    5.5645e-04
 -2.6083e+01    1.9056e-06    9.5116e-05    2.1434e-04    1.1108e-04    6.4836e-05    2.1382e-04    6.7740e-04    8.7246e-04    5.6030e-04
 -2.6052e+01    1.9282e-06    9.6246e-05    2.1581e-04    1.1226e-04    6.5344e-05    2.1567e-04    6.8312e-04    8.7847e-04    5.6418e-04
 -2.6020e+01    1.9512e-06    9.7386e-05    2.1728e-04    1.1346e-04    6.5856e-05    2.1755e-04    6.8884e-04    8.8449e-04    5.6811e-04
 -2.5989e+01    1.9747e-06    9.8536e-05    2.1874e-04    1.1468e-04    6.6373e-05    2.1944e-04    6.9458e-04    8.9053e-04    5.7208e-04
 -2.5957e+01    1.9986e-06    9.9695e-05    2.2021e-04    1.1590e-04    6.6894e-05    2.2135e-04    7.0033e-04    8.9657e-04    5.7608e-04
 -2.5926e+01    2.0229e-06    1.0086e-04    2.2167e-04    1.1713e-04    6.7420e-05    2.2329e-04    7.0610e-04    9.0263e-04    5.8013e-04
 -2.5895e+01    2.0477e-06    1.0204e-04    2.2313e-04    1.1838e-04    6.7950e-05    2.2524e-04    7.1186e-04    9.0868e-04    5.8422e-04
 -2.5863e+01    2.0730e-06    1.0323e-04    2.2459e-04    1.1964e-04    6.8484e-05    2.2721e-04    7.1764e-04    9.1475e-04    5.8835e-04
 -2.5832e+01    2.0987e-06    1.0442e-04    2.2605e-04    1.2091e-04    6.9022e-05    2.2920e-04    7.2342e-04    9.2081e-04    5.9252e-04
 -2.5800e+01    2.1250e-06    1.0563e-04    2.2750e-04    1.2219e-04    6.9565e-05    2.3122e-04    7.2920e-04    9.2688e-04    5.9672e-04
 -2.5769e+01    2.1517e-06    1.0684e-04    2.2895e-04    1.2349e-04    7.0111e-05    2.3325e-04    7.3498e-04    9.3294e-04    6.0097e-04
 -2.5737e+01    2.1789e-06    1.0806e-04    2.3040e-04    1.2479e-04    7.0661e-05    2.3531e-04    7.4077e-04    9.3900e-04    6.0525e-04
 -2.5706e+01    2.2066e-06    1.0929e-04    2.3184e-04    1.2611e-04    7.1214e-05    2.3738e-04    7.4654e-04    9.4506e-04    6.0958e-04
 -2.5674e+01    2.2348e-06    1.1052e-04    2.3328e-04    1.2743e-04    7.1771e-05    2.3948e-04    7.5232e-04    9.5111e-04    6.1394e-04
 -2.5643e+01    2.2635e-06    1.1176e-04    2.3472e-04    1.2877e-04    7.2331e-05    2.4160e-04    7.5808e-04    9.5715e-04    6.1833e-04
 -2.5611e+01    2.2928e-06    1.1301e-04    2.3615e-04    1.3012e-04    7.2895e-05    2.4374e-04    7.6384e-04    9.6318e-04    6.2277e-04
 -2.5580e+01    2.3226e-06    1.1427e-04    2.3757e-04    1.3147e-04    7.3461e-05    2.4590e-04    7.6958e-04    9.6920e-04    6.2724e-04
 -2.5548e+01    2.3530e-06    1.1553e-04    2.3899e-04    1.3284e-04    7.4030e-05    2.4808e-04    7.7532e-04    9.7521e-04    6.3174e-04
 -2.5517e+01    2.3839e-06    1.1680e-04    2.4040e-04    1.3422e-04    7.4602e-05    2.5028e-04    7.8103e-04    9.8119e-04    6.3627e-04
 -2.5486e+01    2.4153e-06    1.1807e-04    2.4181e-04    1.3560e-04    7.5177e-05    2.5250e-04    7.8673e-04    9.8716e-04    6.4084e-04
 -2.5454e+01    2.4473e-06    1.1935e-04    2.4322e-04    1.3700e-04    7.5754e-05    2.5474e-04    7.9242e-04    9.9311e-04    6.4544e-04
 -2.5423e+01    2.4800e-06    1.2064e-04    2.4461e-04    1.3840e-04    7.6334e-05    2.5700e-04    7.9808e-04    9.9903e-04    6.5007e-04
 -2.5391e+01    2.5132e-06    1.2193e-04    2.4600e-04    1.3981e-04    7.6916e-05    2.5929e-04    8.0371e-04    1.0049e-03    6.5473e-04
 -2.5360e+01    2.5469e-06    1.2322e-04    2.4738e-04    1.4123e-04    7.7500e-05    2.6159e-04    8.0932e-04    1.0108e-03    6.5942e-04
 -2.5328e+01    2.5814e-06    1.2452e-04    2.4876e-04    1.4266e-04    7.8086e-05    2.6392e-04    8.1490e-04    1.0166e-03    6.6414e-04
 -2.5297e+01    2.6164e-06    1.2582e-04    2.5013e-04    1.4410e-04    7.8674e-05    2.6626e-04    8.2046e-04    1.0225e-03    6.6888e-04
 -2.5265e+01    2.6520e-06    1.2713e-04    2.5149e-04    1.4554e-04    7.9264e-05    2.6863e-04    8.2598e-04    1.0282e-03    6.7365e-04
 -2.5234e+01    2.6883e-06    1.2843e-04    2.5284e-04    1.4699e-04    7.9855e-05    2.7101e-04    8.3147e-04    1.0340e-03    6.7844e-04
 -2.5202e+01    2.7252e-06    1.2974e-04    2.5419e-04    1.4845e-04    8.0448e-05    2.7342e-04    8.3692e-04    1.0397e-03    6.8326e-04
 -2.5171e+01    2.7628e-06    1.3105e-04    2.5552e-04    1.4991e-04    8.1043e-05    2.7585e-04    8.4233e-04    1.0453e-03    6.8810e-04
 -2.5139e+01    2.8011e-06    1.3236e-04    2.5685e-04    1.5138e-04    8.1639e-05    2.7829e-04    8.4771e-04    1.0509e-03    6.9295e-04
 -2.5108e+01    2.8400e-06    1.3368e-04    2.5817e-04    1.5285e-04    8.2236e-05    2.8076e-04    8.5304e-04    1.0565e-03    6.9783e-04
 -2.5076e+01    2.8797e-06    1.3499e-04    2.5948e-04    1.5433e-04    8.2835e-05    2.8325e-04    8.5832e-04    1.0620e-03    7.0273e-04
 -2.5045e+01    2.9200e-06    1.3630e-04    2.6077e-04    1.5581e-04    8.3436e-05    2.8575e-04    8.6357e-04    1.0675e-03    7.0764e-04
 -2.5014e+01    2.9611e-06    1.3761e-04    2.6206e-04    1.5730e-04    8.4037e-05    2.8828e-04    8.6876e-04    1.0729e-03    7.1257e-04
 -2.4982e+01    3.0028e-06    1.3892e-04    2.6334e-04    1.5880e-04    8.4640e-05    2.9082e-04    8.7390e-04    1.0783e-03    7.1751e-04
 -2.4951e+01    3.0453e-06    1.4023e-04    2.6461e-04    1.6029e-04    8.5243e-05    2.9338e-04    8.7900e-04    1.0836e-03    7.2247e-04
 -2.4919e+01    3.0886e-06    1.4154e-04    2.6587e-04    1.6179e-04    8.5849e-05    2.9596e-04    8.8403e-04    1.0888e-03    7.2744e-04
 -2.4888e+01    3.1326e-06    1.4284e-04    2.6712e-04    1.6330e-04    8.6455e-05    2.9856e-04    8.8902e-04    1.0940e-03    7.3242e-04
 -2.4856e+01    3.1774e-06    1.4415e-04    2.6836e-04    1.6480e-04    8.7062e-05    3.0118e-04    8.9394e-04    1.0992e-03    7.3740e-04
 -2.4825e+01    3.2230e-06    1.4544e-04    2.6959e-04    1.6631e-04    8.7671e-05    3.0382e-04    8.9881e-04    1.1042e-03    7.4240e-04
 -2.4793e+01    3.2694e-06    1.4674e-04    2.7080e-04    1.6782e-04    8.8281e-05    3.0647e-04    9.0362e-04    1.1092e-03    7.4740e-04
 -2.4762e+01    3.3166e-06    1.4803e-04    2.7200e-04    1.6933e-04    8.8893e-05    3.0915e-04    9.0836e-04    1.1142e-03    7.5241e-04
 -2.4730e+01    3.3646e-06    1.4931e-04    2.7320e-04    1.7085e-04    8.9505e-05    3.1184e-04    9.1304e-04    1.1190e-03    7.5742e-04
 -2.4699e+01    3.4135e-06    1.5059e-04    2.7438e-04    1.7236e-04    9.0119e-05    3.1454e-04    9.1766e-04    1.1238e-03    7.6244e-04
 -2.4667e+01    3.4632e-06    1.5186e-04    2.7554e-04    1.7388e-04    9.0735e-05    3.1727e-04    9.2221e-04    1.1285e-03    7.6745e-04
 -2.4636e+01    3.5138e-06    1.5312e-04    2.7670e-04    1.7539e-04    9.1352e-05    3.2001e-04    9.2669e-04    1.1332e-03    7.7247e-04
 -2.4605e+01    3.5652e-06    1.5438e-04    2.7784e-04    1.7691e-04    9.1971e-05    3.2276e-04    9.3110e-04    1.1378e-03    7.7749e-04
 -2.4573e+01    3.6176e-06    1.5563e-04    2.7897e-04    1.7843e-04    9.2592e-05    3.2553e-04    9.3544e-04    1.1423e-03    7.8250e-04
 -2.4542e+01    3.6709e-06    1.5687e-04    2.8009e-04    1.7994e-04    9.3215e-05    3.2832e-04    9.3971e-04    1.1467e-03    7.8751e-04
 -2.4510e+01    3.7251e-06    1.5811e-04    2.8119e-04    1.8146e-04    9.3840e-05    3.3113e-04    9.4391e-04    1.1510e-03    7.9252e-04
 -2.4479e+01    3.7802e-06    1.5933e-04    2.8228e-04    1.8297e-04    9.4467e-05    3.3394e-04    9.4804e-04    1.1553e-03    7.9752e-04
 -2.4447e+01    3.8363e-06    1.6054e-04    2.8336e-04    1.8449e-04    9.5096e-05    3.3678e-04    9.5209e-04    1.1595e-03    8.0252e-04
 -2.4416e+01    3.8934e-06    1.6175e-04    2.8442e-04    1.8600e-04    9.5727e-05    3.3963e-04    9.5606e-04    1.1636e-03    8.0750e-04
 -2.4384e+01    3.9514e-06    1.6294e-04    2.8547e-04    1.8751e-04    9.6362e-05    3.4249e-04    9.5996e-04    1.1676e-03    8.1248e-04
 -2.4353e+01    4.0105e-06    1.6412e-04    2.8650e-04    1.8902e-04    9.6998e-05    3.4537e-04    9.6379e-04    1.1716e-03    8.1745e-04
 -2.4321e+01    4.0706e-06    1.6529e-04    2.8752e-04    1.9053e-04    9.7638e-05    3.4826e-04    9.6754e-04    1.1755e-03    8.2241e-04
 -2.4290e+01    4.1317e-06    1.6645e-04    2.8853e-04    1.9203e-04    9.8281e-05    3.5116e-04    9.7121e-04    1.1792e-03    8.2735e-04
 -2.4258e+01    4.1939e-06    1.6760e-04    2.8951e-04    1.9354e-04    9.8927e-05    3.5408e-04    9.7480e-04    1.1830e-03    8.3228e-04
 -2.4227e+01    4.2572e-06    1.6873e-04    2.9049e-04    1.9504e-04    9.9576e-05    3.5701e-04    9.7832e-04    1.1866e-03    8.3720e-04
 -2.4196e+01    4.3216e-06    1.6985e-04    2.9145e-04    1.9654e-04    1.0023e-04    3.5995e-04    9.8176e-04    1.1901e-03    8.4210e-04
 -2.4164e+01    4.3871e-06    1.7096e-04    2.9239e-04    1.9803e-04    1.0088e-04    3.6291e-04    9.8512e-04    1.1936e-03    8.4698e-04
 -2.4133e+01    4.4537e-06    1.7205e-04    2.9332e-04    1.9953e-04    1.0155e-04    3.6588e-04    9.8841e-04    1.1970e-03    8.5184e-04
 -2.4101e+01    4.5215e-06    1.7313e-04    2.9423e-04    2.0102e-04    1.0221e-04    3.6886e-04    9.9161e-04    1.2003e-03    8.5669e-04
 -2.4070e+01    4.5905e-06    1.7419e-04    2.9512e-04    2.0251e-04    1.0288e-04    3.7185e-04    9.9475e-04    1.2035e-03    8.6152e-04
 -2.4038e+01    4.6608e-06    1.7524e-04    2.9600e-04    2.0399e-04    1.0355e-04    3.7485e-04    9.9781e-04    1.2067e-03    8.6633e-04
 -2.4007e+01    4.7322e-06    1.7627e-04    2.9686e-04    2.0548e-04    1.0423e-04    3.7787e-04    1.0008e-03    1.2098e-03    8.7112e-04
 -2.3975e+01    4.8050e-06    1.7729e-04    2.9770e-04    2.0696e-04    1.0491e-04    3.8090e-04    1.0037e-03    1.2127e-03    8.7588e-04
 -2.3944e+01    4.8790e-06    1.7829e-04    2.9853e-04    2.0843e-04    1.0559e-04    3.8393e-04    1.0065e-03    1.2157e-03    8.8062e-04
 -2.3912e+01    4.9543e-06    1.7927e-04    2.9933e-04    2.0991e-04    1.0629e-04    3.8698e-04    1.0093e-03    1.2185e-03    8.8534e-04
 -2.3881e+01    5.0310e-06    1.8024e-04    3.0013e-04    2.1138e-04    1.0698e-04    3.9004e-04    1.0120e-03    1.2213e-03    8.9004e-04
 -2.3849e+01    5.1091e-06    1.8119e-04    3.0090e-04    2.1284e-04    1.0768e-04    3.9311e-04    1.0146e-03    1.2240e-03    8.9471e-04
 -2.3818e+01    5.1886e-06    1.8212e-04    3.0165e-04    2.1431e-04    1.0839e-04    3.9619e-04    1.0172e-03    1.2266e-03    8.9935e-04
 -2.3786e+01    5.2695e-06    1.8303e-04    3.0239e-04    2.1577e-04    1.0910e-04    3.9928e-04    1.0197e-03    1.2292e-03    9.0397e-04
 -2.3755e+01    5.3520e-06    1.8392e-04    3.0311e-04    2.1722e-04    1.0982e-04    4.0237e-04    1.0221e-03    1.2317e-03    9.0857e-04
 -2.3724e+01    5.4360e-06    1.8480e-04    3.0381e-04    2.1868e-04    1.1054e-04    4.0548e-04    1.0245e-03    1.2341e-03    9.1313e-04
 -2.3692e+01    5.5215e-06    1.8565e-04    3.0449e-04    2.2013e-04    1.1127e-04    4.0860e-04    1.0268e-03    1.2364e-03    9.1767e-04
 -2.3661e+01    5.6086e-06    1.8649e-04    3.0515e-04    2.2158e-04    1.1200e-04    4.1172e-04    1.0290e-03    1.2387e-03    9.2218e-04
 -2.3629e+01    5.6974e-06    1.8731e-04    3.0580e-04    2.2302e-04    1.1274e-04    4.1485e-04    1.0312e-03    1.2409e-03    9.2667e-04
 -2.3598e+01    5.7879e-06    1.8810e-04    3.0642e-04    2.2446e-04    1.1349e-04    4.1800e-04    1.0333e-03    1.2431e-03    9.3113e-04
 -2.3566e+01    5.8801e-06    1.8888e-04    3.0702e-04    2.2590e-04    1.1424e-04    4.2115e-04    1.0354e-03    1.2452e-03    9.3555e-04
 -2.3535e+01    5.9742e-06    1.8964e-04    3.0761e-04    2.2733e-04    1.1500e-04    4.2430e-04    1.0374e-03    1.2473e-03    9.3996e-04
 -2.3503e+01    6.0701e-06    1.9037e-04    3.0818e-04    2.2876e-04    1.1576e-04    4.2747e-04    1.0394e-03    1.2493e-03    9.4433e-04
 -2.3472e+01    6.1678e-06    1.9108e-04    3.0872e-04    2.3019e-04    1.1654e-04    4.3064e-04    1.0413e-03    1.2512e-03    9.4867e-04
 -2.3440e+01    6.2676e-06    1.9177e-04    3.0925e-04    2.3161e-04    1.1731e-04    4.3382e-04    1.0432e-03    1.2531e-03    9.5299e-04
 -2.3409e+01    6.3694e-06    1.9244e-04    3.0976e-04    2.3303e-04    1.1810e-04    4.3700e-04    1.0451e-03    1.2549e-03    9.5728e-04
 -2.3377e+01    6.4732e-06    1.9309e-04    3.1025e-04    2.3444e-04    1.1889e-04    4.4019e-04    1.0469e-03    1.2567e-03    9.6155e-04
 -2.3346e+01    6.5792e-06    1.9371e-04    3.1072e-04    2.3585e-04    1.1969e-04    4.4339e-04    1.0487e-03    1.2585e-03    9.6579e-04
 -2.3315e+01    6.6874e-06    1.9431e-04    3.1116e-04    2.3726e-04    1.2049e-04    4.4660e-04    1.0504e-03    1.2602e-03    9.7000e-04
 -2.3283e+01    6.7979e-06    1.9489e-04    3.1159e-04    2.3866e-04    1.2130e-04    4.4980e-04    1.0521e-03    1.2618e-03    9.7419e-04
 -2.3252e+01    6.9108e-06    1.9545e-04    3.1200e-04    2.4006e-04    1.2212e-04    4.5302e-04    1.0538e-03    1.2634e-03    9.7835e-04
 -2.3220e+01    7.0261e-06    1.9598e-04    3.1240e-04    2.4146e-04    1.2294e-04    4.5623e-04    1.0555e-03    1.2650e-03    9.8250e-04
 -2.3189e+01    7.1440e-06    1.9648e-04    3.1277e-04    2.4285e-04    1.2378e-04    4.5946e-04    1.0571e-03    1.2666e-03    9.8662e-04
 -2.3157e+01    7.2644e-06    1.9696e-04    3.1312e-04    2.4423e-04    1.2461e-04    4.6268e-04    1.0588e-03    1.2681e-03    9.9071e-04
 -2.3126e+01    7.3875e-06    1.9742e-04    3.1345e-04    2.4562e-04    1.2546e-04    4.6591e-04    1.0604e-03    1.2696e-03    9.9479e-04
 -2.3094e+01    7.5134e-06    1.9785e-04    3.1377e-04    2.4700e-04    1.2632e-04    4.6914e-04    1.0620e-03    1.2710e-03    9.9885e-04
 -2.3063e+01    7.6422e-06    1.9826e-04    3.1406e-04    2.4837e-04    1.2718e-04    4.7238e-04    1.0636e-03    1.2725e-03    1.0029e-03
 -2.3031e+01    7.7740e-06    1.9864e-04    3.1434e-04    2.4974e-04    1.2805e-04    4.7562e-04    1.0651e-03    1.2739e-03    1.0069e-03
 -2.3000e+01    7.9088e-06    1.9900e-04    3.1459e-04    2.5111e-04    1.2893e-04    4.7885e-04    1.0667e-03    1.2753e-03    1.0109e-03
 -2.2968e+01    8.0468e-06    1.9933e-04    3.1483e-04    2.5247e-04    1.2981e-04    4.8209e-04    1.0683e-03    1.2766e-03    1.0149e-03
 -2.2937e+01    8.1880e-06    1.9963e-04    3.1505e-04    2.5383e-04    1.3071e-04    4.8533e-04    1.0699e-03    1.2780e-03    1.0189e-03
 -2.2906e+01    8.3327e-06    1.9990e-04    3.1526e-04    2.5518e-04    1.3161e-04    4.8858e-04    1.0715e-03    1.2793e-03    1.0229e-03
 -2.2874e+01    8.4808e-06    2.0015e-04    3.1544e-04    2.5653e-04    1.3252e-04    4.9182e-04    1.0731e-03    1.2806e-03    1.0269e-03
 -2.2843e+01    8.6325e-06    2.0038e-04    3.1561e-04    2.5787e-04    1.3344e-04    4.9506e-04    1.0747e-03    1.2819e-03    1.0309e-03
 -2.2811e+01    8.7880e-06    2.0057e-04    3.1576e-04    2.5921e-04    1.3437e-04    4.9829e-04    1.0763e-03    1.2832e-03    1.0349e-03
 -2.2780e+01    8.9473e-06    2.0074e-04    3.1590e-04    2.6055e-04    1.3531e-04    5.0153e-04    1.0780e-03    1.2845e-03    1.0388e-03
 -2.2748e+01    9.1105e-06    2.0088e-04    3.1601e-04    2.6188e-04    1.3626e-04    5.0477e-04    1.0797e-03    1.2858e-03    1.0428e-03
 -2.2717e+01    9.2779e-06    2.0100e-04    3.1611e-04    2.6321e-04    1.3721e-04    5.0800e-04    1.0814e-03    1.2870e-03    1.0468e-03
 -2.2685e+01    9.4495e-06    2.0108e-04    3.1620e-04    2.6454e-04    1.3818e-04    5.1123e-04    1.0831e-03    1.2883e-03    1.0508e-03
 -2.2654e+01    9.6254e-06    2.0114e-04    3.1627e-04    2.6586e-04    1.3916e-04    5.1445e-04    1.0848e-03    1.2896e-03    1.0548e-03
 -2.2622e+01    9.8058e-06    2.0117e-04    3.1632e-04    2.6718e-04    1.4015e-04    5.1767e-04    1.0866e-03    1.2908e-03    1.0588e-03
 -2.2591e+01    9.9908e-06    2.0117e-04    3.1636e-04    2.6850e-04    1.4115e-04    5.2089e-04    1.0884e-03    1.2921e-03    1.0628e-03
 -2.2559e+01    1.0181e-05    2.0114e-04    3.1639e-04    2.6981e-04    1.4216e-04    5.2410e-04    1.0903e-03    1.2934e-03    1.0669e-03
 -2.2528e+01    1.0375e-05    2.0109e-04    3.1640e-04    2.7112e-04    1.4319e-04    5.2731e-04    1.0922e-03    1.2946e-03    1.0710e-03
 -2.2496e+01    1.0575e-05    2.0101e-04    3.1639e-04    2.7243e-04    1.4422e-04    5.3051e-04    1.0941e-03    1.2959e-03    1.0751e-03
 -2.2465e+01    1.0780e-05    2.0090e-04    3.1638e-04    2.7374e-04    1.4527e-04    5.3370e-04    1.0961e-03    1.2972e-03    1.0792e-03
 -2.2434e+01    1.0990e-05    2.0076e-04    3.1635e-04    2.7504e-04    1.4633e-04    5.3689e-04    1.0982e-03    1.2985e-03    1.0833e-03
 -2.2402e+01    1.1206e-05    2.0059e-04    3.1630e-04    2.7635e-04    1.4741e-04    5.4007e-04    1.1002e-03    1.2998e-03    1.0875e-03
 -2.2371e+01    1.1427e-05    2.0040e-04    3.1625e-04    2.7765e-04    1.4850e-04    5.4324e-04    1.1024e-03    1.3011e-03    1.0918e-03
 -2.2339e+01    1.1654e-05    2.0017e-04    3.1618e-04    2.7896e-04    1.4960e-04    5.4640e-04    1.1046e-03    1.3024e-03    1.0960e-03
 -2.2308e+01    1.1887e-05    1.9992e-04    3.1610e-04    2.8026e-04    1.5071e-04    5.4955e-04    1.1068e-03    1.3038e-03    1.1003e-03
 -2.2276e+01    1.2126e-05    1.9965e-04    3.1601e-04    2.8157e-04    1.5185e-04    5.5270e-04    1.1091e-03    1.3051e-03    1.1047e-03
 -2.2245e+01    1.2371e-05    1.9934e-04    3.1591e-04    2.8287e-04    1.5299e-04    5.5584e-04    1.1115e-03    1.3065e-03    1.1091e-03
 -2.2213e+01    1.2623e-05    1.9901e-04    3.1580e-04    2.8418e-04    1.5415e-04    5.5896e-04    1.1139e-03    1.3079e-03    1.1135e-03
 -2.2182e+01    1.2881e-05    1.9865e-04    3.1568e-04    2.8550e-04    1.5533e-04    5.6208e-04    1.1164e-03    1.3093e-03    1.1180e-03
 -2.2150e+01    1.3146e-05    1.9827e-04    3.1555e-04    2.8681e-04    1.5653e-04    5.6519e-04    1.1189e-03    1.3107e-03    1.1226e-03
 -2.2119e+01    1.3418e-05    1.9786e-04    3.1541e-04    2.8813e-04    1.5774e-04    5.6829e-04    1.1215e-03    1.3122e-03    1.1272e-03
 -2.2087e+01    1.3696e-05    1.9742e-04    3.1526e-04    2.8945e-04    1.5897e-04    5.7137e-04    1.1242e-03    1.3136e-03    1.1319e-03
 -2.2056e+01    1.3982e-05    1.9696e-04    3.1510e-04    2.9078e-04    1.6021e-04    5.7445e-04    1.1269e-03    1.3151e-03    1.1366e-03
 -2.2025e+01    1.4275e-05    1.9647e-04    3.1494e-04    2.9212e-04    1.6147e-04    5.7751e-04    1.1297e-03    1.3166e-03    1.1414e-03
 -2.1993e+01    1.4575e-05    1.9596e-04    3.1476e-04    2.9346e-04    1.6276e-04    5.8057e-04    1.1325e-03    1.3181e-03    1.1463e-03
 -2.1962e+01    1.4883e-05    1.9542e-04    3.1458e-04    2.9481e-04    1.6406e-04    5.8361e-04    1.1355e-03    1.3197e-03    1.1512e-03
 -2.1930e+01    1.5198e-05    1.9486e-04    3.1439e-04    2.9616e-04    1.6537e-04    5.8665e-04    1.1384e-03    1.3213e-03    1.1563e-03
 -2.1899e+01    1.5521e-05    1.9428e-04    3.1420e-04    2.9753e-04    1.6671e-04    5.8967e-04    1.1415e-03    1.3229e-03    1.1614e-03
 -2.1867e+01    1.5853e-05    1.9367e-04    3.1400e-04    2.9891e-04    1.6807e-04    5.9268e-04    1.1446e-03    1.3245e-03    1.1665e-03
 -2.1836e+01    1.6192e-05    1.9304e-04    3.1379e-04    3.0030e-04    1.6945e-04    5.9568e-04    1.1478e-03    1.3261e-03    1.1718e-03
 -2.1804e+01    1.6539e-05    1.9239e-04    3.1358e-04    3.0170e-04    1.7084e-04    5.9867e-04    1.1511e-03    1.3278e-03    1.1771e-03
 -2.1773e+01    1.6895e-05    1.9172e-04    3.1336e-04    3.0311e-04    1.7226e-04    6.0165e-04    1.1544e-03    1.3295e-03    1.1825e-03
 -2.1741e+01    1.7259e-05    1.9102e-04    3.1313e-04    3.0454e-04    1.7370e-04    6.0462e-04    1.1577e-03    1.3312e-03    1.1880e-03
 -2.1710e+01    1.7632e-05    1.9031e-04    3.1290e-04    3.0598e-04    1.7516e-04    6.0758e-04    1.1612e-03    1.3330e-03    1.1936e-03
 -2.1678e+01    1.8014e-05    1.8958e-04    3.1267e-04    3.0743e-04    1.7664e-04    6.1053e-04    1.1647e-03    1.3347e-03    1.1993e-03
 -2.1647e+01    1.8404e-05    1.8883e-04    3.1243e-04    3.0890e-04    1.7814e-04    6.1347e-04    1.1682e-03    1.3365e-03    1.2050e-03
 -2.1615e+01    1.8803e-05    1.8805e-04    3.1218e-04    3.1039e-04    1.7966e-04    6.1640e-04    1.1719e-03    1.3384e-03    1.2109e-03
 -2.1584e+01    1.9212e-05    1.8727e-04    3.1193e-04    3.1190e-04    1.8120e-04    6.1933e-04    1.1755e-03    1.3402e-03    1.2168e-03
 -2.1553e+01    1.9629e-05    1.8646e-04    3.1168e-04    3.1342e-04    1.8276e-04    6.2224e-04    1.1792e-03    1.3421e-03    1.2228e-03
 -2.1521e+01    2.0055e-05    1.8564e-04    3.1143e-04    3.1497e-04    1.8434e-04    6.2514e-04    1.1830e-03    1.3441e-03    1.2289e-03
 -2.1490e+01    2.0491e-05    1.8480e-04    3.1117e-04    3.1654e-04    1.8595e-04    6.2804e-04    1.1869e-03    1.3460e-03    1.2351e-03
 -2.1458e+01    2.0936e-05    1.8395e-04    3.1090e-04    3.1812e-04    1.8757e-04    6.3093e-04    1.1907e-03    1.3480e-03    1.2414e-03
 -2.1427e+01    2.1391e-05    1.8309e-04    3.1064e-04    3.1973e-04    1.8922e-04    6.3381e-04    1.1946e-03    1.3500e-03    1.2478e-03
 -2.1395e+01    2.1855e-05    1.8221e-04    3.1037e-04    3.2136e-04    1.9089e-04    6.3669e-04    1.1986e-03    1.3521e-03    1.2543e-03
 -2.1364e+01    2.2329e-05    1.8131e-04    3.1009e-04    3.2302e-04    1.9258e-04    6.3956e-04    1.2026e-03    1.3542e-03    1.2609e-03
 -2.1332e+01    2.2812e-05    1.8041e-04    3.0982e-04    3.2470e-04    1.9428e-04    6.4242e-04    1.2067e-03    1.3563e-03    1.2676e-03
 -2.1301e+01    2.3305e-05    1.7949e-04    3.0954e-04    3.2641e-04    1.9601e-04    6.4527e-04    1.2107e-03    1.3584e-03    1.2744e-03
 -2.1269e+01    2.3808e-05    1.7857e-04    3.0926e-04    3.2814e-04    1.9776e-04    6.4813e-04    1.2148e-03    1.3606e-03    1.2813e-03
 -2.1238e+01    2.4321e-05    1.7763e-04    3.0897e-04    3.2989e-04    1.9953e-04    6.5097e-04    1.2190e-03    1.3629e-03    1.2882e-03
 -2.1206e+01    2.4843e-05    1.7668e-04    3.0869e-04    3.3168e-04    2.0132e-04    6.5382e-04    1.2231e-03    1.3651e-03    1.2953e-03
 -2.1175e+01    2.5376e-05    1.7573e-04    3.0840e-04    3.3349e-04    2.0312e-04    6.5666e-04    1.2273e-03    1.3674e-03    1.3025e-03
 -2.1144e+01    2.5918e-05    1.7476e-04    3.0811e-04    3.3533e-04    2.0495e-04    6.5949e-04    1.2316e-03    1.3698e-03    1.3097e-03
 -2.1112e+01    2.6471e-05    1.7379e-04    3.0781e-04    3.3721e-04    2.0679e-04    6.6233e-04    1.2358e-03    1.3722e-03    1.3171e-03
 -2.1081e+01    2.7033e-05    1.7282e-04    3.0752e-04    3.3911e-04    2.0865e-04    6.6516e-04    1.2400e-03    1.3746e-03    1.3245e-03
 -2.1049e+01    2.7606e-05    1.7183e-04    3.0722e-04    3.4104e-04    2.1053e-04    6.6799e-04    1.2443e-03    1.3771e-03    1.3321e-03
 -2.1018e+01    2.8188e-05    1.7084e-04    3.0692e-04    3.4300e-04    2.1243e-04    6.7082e-04    1.2485e-03    1.3796e-03    1.3398e-03
 -2.0986e+01    2.8781e-05    1.6985e-04    3.0662e-04    3.4499e-04    2.1434e-04    6.7365e-04    1.2528e-03    1.3822e-03    1.3475e-03
 -2.0955e+01    2.9384e-05    1.6885e-04    3.0631e-04    3.4702e-04    2.1627e-04    6.7648e-04    1.2571e-03    1.3848e-03    1.3554e-03
 -2.0923e+01    2.9996e-05    1.6785e-04    3.0600e-04    3.4907e-04    2.1822e-04    6.7930e-04    1.2614e-03    1.3874e-03    1.3633e-03
 -2.0892e+01    3.0619e-05    1.6685e-04    3.0569e-04    3.5116e-04    2.2018e-04    6.8213e-04    1.2656e-03    1.3901e-03    1.3714e-03
 -2.0860e+01    3.1253e-05    1.6585e-04    3.0538e-04    3.5328e-04    2.2215e-04    6.8496e-04    1.2699e-03    1.3929e-03    1.3795e-03
 -2.0829e+01    3.1896e-05    1.6484e-04    3.0507e-04    3.5544e-04    2.2414e-04    6.8780e-04    1.2741e-03    1.3957e-03    1.3878e-03
 -2.0797e+01    3.2549e-05    1.6383e-04    3.0475e-04    3.5763e-04    2.2614e-04    6.9063e-04    1.2784e-03    1.3986e-03    1.3961e-03
 -2.0766e+01    3.3213e-05    1.6282e-04    3.0443e-04    3.5985e-04    2.2816e-04    6.9347e-04    1.2826e-03    1.4015e-03    1.4045e-03
 -2.0735e+01    3.3886e-05    1.6182e-04    3.0411e-04    3.6210e-04    2.3019e-04    6.9631e-04    1.2868e-03    1.4045e-03    1.4131e-03
 -2.0703e+01    3.4570e-05    1.6081e-04    3.0378e-04    3.6439e-04    2.3223e-04    6.9915e-04    1.2910e-03    1.4075e-03    1.4217e-03
 -2.0672e+01    3.5264e-05    1.5981e-04    3.0346e-04    3.6672e-04    2.3428e-04    7.0200e-04    1.2952e-03    1.4106e-03    1.4305e-03
 -2.0640e+01    3.5968e-05    1.5880e-04    3.0313e-04    3.6908e-04    2.3635e-04    7.0485e-04    1.2993e-03    1.4137e-03    1.4393e-03
 -2.0609e+01    3.6682e-05    1.5780e-04    3.0279e-04    3.7147e-04    2.3842e-04    7.0770e-04    1.3034e-03    1.4169e-03    1.4482e-03
 -2.0577e+01    3.7406e-05    1.5681e-04    3.0246e-04    3.7390e-04    2.4051e-04    7.1057e-04    1.3075e-03    1.4202e-03    1.4573e-03
 -2.0546e+01    3.8140e-05    1.5581e-04    3.0212e-04    3.7636e-04    2.4260e-04    7.1343e-04    1.3115e-03    1.4235e-03    1.4664e-03
 -2.0514e+01    3.8885e-05    1.5482e-04    3.0178e-04    3.7886e-04    2.4471e-04    7.1631e-04    1.3156e-03    1.4269e-03    1.4757e-03
 -2.0483e+01    3.9639e-05    1.5384e-04    3.0143e-04    3.8140e-04    2.4682e-04    7.1919e-04    1.3195e-03    1.4304e-03    1.4850e-03
 -2.0451e+01    4.0403e-05    1.5286e-04    3.0108e-04    3.8396e-04    2.4894e-04    7.2208e-04    1.3235e-03    1.4339e-03    1.4944e-03
 -2.0420e+01    4.1177e-05    1.5188e-04    3.0072e-04    3.8657e-04    2.5107e-04    7.2497e-04    1.3274e-03    1.4374e-03    1.5040e-03
 -2.0388e+01    4.1961e-05    1.5091e-04    3.0037e-04    3.8921e-04    2.5321e-04    7.2788e-04    1.3313e-03    1.4411e-03    1.5136e-03
 -2.0357e+01    4.2755e-05    1.4995e-04    3.0000e-04    3.9188e-04    2.5536e-04    7.3079e-04    1.3351e-03    1.4448e-03    1.5233e-03
 -2.0325e+01    4.3559e-05    1.4899e-04    2.9963e-04    3.9459e-04    2.5751e-04    7.3371e-04    1.3389e-03    1.4486e-03    1.5332e-03
 -2.0294e+01    4.4373e-05    1.4804e-04    2.9926e-04    3.9733e-04    2.5967e-04    7.3664e-04    1.3426e-03    1.4524e-03    1.5431e-03
 -2.0263e+01    4.5196e-05    1.4709e-04    2.9888e-04    4.0011e-04    2.6183e-04    7.3958e-04    1.3463e-03    1.4563e-03    1.5531e-03
 -2.0231e+01    4.6029e-05    1.4616e-04    2.9850e-04    4.0292e-04    2.6401e-04    7.4254e-04    1.3500e-03    1.4603e-03    1.5633e-03
 -2.0200e+01    4.6872e-05    1.4523e-04    2.9811e-04    4.0576e-04    2.6618e-04    7.4550e-04    1.3536e-03    1.4643e-03    1.5735e-03
 -2.0168e+01    4.7725e-05    1.4431e-04    2.9772e-04    4.0864e-04    2.6837e-04    7.4848e-04    1.3571e-03    1.4684e-03    1.5838e-03
 -2.0137e+01    4.8587e-05    1.4339e-04    2.9731e-04    4.1156e-04    2.7056e-04    7.5147e-04    1.3607e-03    1.4726e-03    1.5942e-03
 -2.0105e+01    4.9459e-05    1.4249e-04    2.9690e-04    4.1451e-04    2.7275e-04    7.5447e-04    1.3641e-03    1.4768e-03    1.6047e-03
 -2.0074e+01    5.0340e-05    1.4159e-04    2.9649e-04    4.1749e-04    2.7495e-04    7.5749e-04    1.3675e-03    1.4811e-03    1.6153e-03
 -2.0042e+01    5.1230e-05    1.4071e-04    2.9607e-04    4.2050e-04    2.7716e-04    7.6052e-04    1.3709e-03    1.4854e-03    1.6260e-03
 -2.0011e+01    5.2130e-05    1.3983e-04    2.9564e-04    4.2355e-04    2.7937e-04    7.6357e-04    1.3742e-03    1.4899e-03    1.6367e-03
 -1.9979e+01    5.3039e-05    1.3896e-04    2.9520e-04    4.2662e-04    2.8159e-04    7.6663e-04    1.3775e-03    1.4943e-03    1.6476e-03
 -1.9948e+01    5.3958e-05    1.3810e-04    2.9475e-04    4.2973e-04    2.8382e-04    7.6971e-04    1.3808e-03    1.4989e-03    1.6585e-03
 -1.9916e+01    5.4885e-05    1.3725e-04    2.9429e-04    4.3288e-04    2.8605e-04    7.7281e-04    1.3840e-03    1.5035e-03    1.6695e-03
 -1.9885e+01    5.5821e-05    1.3640e-04    2.9383e-04    4.3605e-04    2.8828e-04    7.7593e-04    1.3871e-03    1.5081e-03    1.6806e-03
 -1.9854e+01    5.6766e-05    1.3557e-04    2.9335e-04    4.3925e-04    2.9053e-04    7.7907e-04    1.3902e-03    1.5128e-03    1.6918e-03
 -1.9822e+01    5.7720e-05    1.3475e-04    2.9287e-04    4.4249e-04    2.9278e-04    7.8223e-04    1.3933e-03    1.5176e-03    1.7030e-03
 -1.9791e+01    5.8682e-05    1.3393e-04    2.9237e-04    4.4575e-04    2.9503e-04    7.8541e-04    1.3963e-03    1.5224e-03    1.7143e-03
 -1.9759e+01    5.9653e-05    1.3313e-04    2.9186e-04    4.4904e-04    2.9730e-04    7.8861e-04    1.3992e-03    1.5273e-03    1.7257e-03
 -1.9728e+01    6.0632e-05    1.3234e-04    2.9135e-04    4.5236e-04    2.9957e-04    7.9184e-04    1.4022e-03    1.5322e-03    1.7372e-03
 -1.9696e+01    6.1618e-05    1.3155e-04    2.9082e-04    4.5571e-04    3.0185e-04    7.9510e-04    1.4050e-03    1.5371e-03    1.7487e-03
 -1.9665e+01    6.2613e-05    1.3077e-04    2.9027e-04    4.5909e-04    3.0414e-04    7.9837e-04    1.4079e-03    1.5421e-03    1.7602e-03
 -1.9633e+01    6.3615e-05    1.3001e-04    2.8972e-04    4.6249e-04    3.0644e-04    8.0168e-04    1.4107e-03    1.5472e-03    1.7718e-03
 -1.9602e+01    6.4625e-05    1.2925e-04    2.8915e-04    4.6592e-04    3.0874e-04    8.0501e-04    1.4135e-03    1.5523e-03    1.7835e-03
 -1.9570e+01    6.5641e-05    1.2850e-04    2.8857e-04    4.6938e-04    3.1106e-04    8.0837e-04    1.4162e-03    1.5574e-03    1.7952e-03
 -1.9539e+01    6.6664e-05    1.2776e-04    2.8798e-04    4.7286e-04    3.1339e-04    8.1177e-04    1.4189e-03    1.5625e-03    1.8069e-03
 -1.9507e+01    6.7694e-05    1.2703e-04    2.8737e-04    4.7636e-04    3.1573e-04    8.1519e-04    1.4215e-03    1.5677e-03    1.8186e-03
 -1.9476e+01    6.8730e-05    1.2631e-04    2.8675e-04    4.7989e-04    3.1808e-04    8.1865e-04    1.4242e-03    1.5729e-03    1.8304e-03
 -1.9445e+01    6.9772e-05    1.2559e-04    2.8611e-04    4.8344e-04    3.2044e-04    8.2214e-04    1.4267e-03    1.5782e-03    1.8423e-03
 -1.9413e+01    7.0820e-05    1.2489e-04    2.8546e-04    4.8701e-04    3.2282e-04    8.2566e-04    1.4293e-03    1.5834e-03    1.8541e-03
 -1.9382e+01    7.1873e-05    1.2419e-04    2.8479e-04    4.9060e-04    3.2521e-04    8.2922e-04    1.4318e-03    1.5887e-03    1.8659e-03
 -1.9350e+01    7.2930e-05    1.2350e-04    2.8411e-04    4.9421e-04    3.2762e-04    8.3282e-04    1.4343e-03    1.5940e-03    1.8778e-03
 -1.9319e+01    7.3992e-05    1.2282e-04    2.8341e-04    4.9784e-04    3.3004e-04    8.3645e-04    1.4368e-03    1.5993e-03    1.8897e-03
 -1.9287e+01    7.5058e-05    1.2214e-04    2.8269e-04    5.0148e-04    3.3247e-04    8.4013e-04    1.4392e-03    1.6047e-03    1.9015e-03
 -1.9256e+01    7.6127e-05    1.2147e-04    2.8196e-04    5.0515e-04    3.3493e-04    8.4384e-04    1.4416e-03    1.6100e-03    1.9134e-03
 -1.9224e+01    7.7199e-05    1.2081e-04    2.8121e-04    5.0883e-04    3.3740e-04    8.4759e-04    1.4440e-03    1.6153e-03    1.9252e-03
 -1.9193e+01    7.8273e-05    1.2016e-04    2.8045e-04    5.1252e-04    3.3989e-04    8.5139e-04    1.4464e-03    1.6207e-03    1.9370e-03
 -1.9161e+01    7.9350e-05    1.1951e-04    2.7966e-04    5.1623e-04    3.4240e-04    8.5523e-04    1.4487e-03    1.6260e-03    1.9488e-03
 -1.9130e+01    8.0427e-05    1.1886e-04    2.7886e-04    5.1995e-04    3.4493e-04    8.5912e-04    1.4510e-03    1.6313e-03    1.9606e-03
 -1.9098e+01    8.1506e-05    1.1822e-04    2.7804e-04    5.2368e-04    3.4749e-04    8.6305e-04    1.4534e-03    1.6366e-03    1.9723e-03
 -1.9067e+01    8.2585e-05    1.1759e-04    2.7721e-04    5.2743e-04    3.5006e-04    8.6702e-04    1.4556e-03    1.6420e-03    1.9840e-03
 -1.9035e+01    8.3663e-05    1.1696e-04    2.7636e-04    5.3118e-04    3.5266e-04    8.7104e-04    1.4579e-03    1.6473e-03    1.9957e-03
 -1.9004e+01    8.4740e-05    1.1634e-04    2.7548e-04    5.3494e-04    3.5529e-04    8.7511e-04    1.4602e-03    1.6526e-03    2.0073e-03
 -1.8973e+01    8.5816e-05    1.1572e-04    2.7460e-04    5.3871e-04    3.5793e-04    8.7923e-04    1.4624e-03    1.6578e-03    2.0188e-03
 -1.8941e+01    8.6889e-05    1.1511e-04    2.7369e-04    5.4249e-04    3.6061e-04    8.8340e-04    1.4646e-03    1.6631e-03    2.0304e-03
 -1.8910e+01    8.7959e-05    1.1449e-04    2.7276e-04    5.4627e-04    3.6331e-04    8.8761e-04    1.4669e-03    1.6683e-03    2.0418e-03
 -1.8878e+01    8.9025e-05    1.1389e-04    2.7182e-04    5.5006e-04    3.6605e-04    8.9188e-04    1.4691e-03    1.6735e-03    2.0532e-03
 -1.8847e+01    9.0087e-05    1.1328e-04    2.7086e-04    5.5385e-04    3.6881e-04    8.9620e-04    1.4713e-03    1.6787e-03    2.0645e-03
 -1.8815e+01    9.1143e-05    1.1268e-04    2.6988e-04    5.5765e-04    3.7160e-04    9.0057e-04    1.4735e-03    1.6839e-03    2.0758e-03
 -1.8784e+01    9.2194e-05    1.1208e-04    2.6889e-04    5.6144e-04    3.7443e-04    9.0499e-04    1.4757e-03    1.6890e-03    2.0869e-03
 -1.8752e+01    9.3237e-05    1.1148e-04    2.6788e-04    5.6524e-04    3.7729e-04    9.0946e-04    1.4779e-03    1.6941e-03    2.0981e-03
 -1.8721e+01    9.4273e-05    1.1089e-04    2.6685e-04    5.6904e-04    3.8018e-04    9.1399e-04    1.4801e-03    1.6992e-03    2.1091e-03
 -1.8689e+01    9.5301e-05    1.1029e-04    2.6580e-04    5.7284e-04    3.8311e-04    9.1857e-04    1.4823e-03    1.7042e-03    2.1200e-03
 -1.8658e+01    9.6319e-05    1.0970e-04    2.6474e-04    5.7663e-04    3.8607e-04    9.2320e-04    1.4845e-03    1.7092e-03    2.1309e-03
 -1.8626e+01    9.7328e-05    1.0911e-04    2.6366e-04    5.8042e-04    3.8908e-04    9.2788e-04    1.4867e-03    1.7142e-03    2.1417e-03
 -1.8595e+01    9.8325e-05    1.0852e-04    2.6257e-04    5.8421e-04    3.9212e-04    9.3262e-04    1.4890e-03    1.7191e-03    2.1524e-03
 -1.8564e+01    9.9311e-05    1.0793e-04    2.6145e-04    5.8800e-04    3.9520e-04    9.3741e-04    1.4912e-03    1.7240e-03    2.1630e-03
 -1.8532e+01    1.0028e-04    1.0735e-04    2.6033e-04    5.9178e-04    3.9833e-04    9.4225e-04    1.4935e-03    1.7289e-03    2.1736e-03
 -1.8501e+01    1.0124e-04    1.0676e-04    2.5919e-04    5.9556e-04    4.0150e-04    9.4715e-04    1.4957e-03    1.7337e-03    2.1841e-03
 -1.8469e+01    1.0219e-04    1.0617e-04    2.5803e-04    5.9933e-04    4.0471e-04    9.5210e-04    1.4980e-03    1.7385e-03    2.1944e-03
 -1.8438e+01    1.0312e-04    1.0559e-04    2.5686e-04    6.0310e-04    4.0797e-04    9.5710e-04    1.5003e-03    1.7433e-03    2.2047e-03
 -1.8406e+01    1.0404e-04    1.0500e-04    2.5568e-04    6.0686e-04    4.1128e-04    9.6216e-04    1.5027e-03    1.7481e-03    2.2150e-03
 -1.8375e+01    1.0494e-04    1.0441e-04    2.5448e-04    6.1062e-04    4.1464e-04    9.6727e-04    1.5050e-03    1.7528e-03    2.2251e-03
 -1.8343e+01    1.0582e-04    1.0383e-04    2.5328e-04    6.1436e-04    4.1804e-04    9.7242e-04    1.5074e-03    1.7574e-03    2.2352e-03
 -1.8312e+01    1.0668e-04    1.0324e-04    2.5206e-04    6.1811e-04    4.2150e-04    9.7763e-04    1.5098e-03    1.7621e-03    2.2451e-03
 -1.8280e+01    1.0753e-04    1.0266e-04    2.5082e-04    6.2184e-04    4.2501e-04    9.8290e-04    1.5123e-03    1.7667e-03    2.2551e-03
 -1.8249e+01    1.0836e-04    1.0207e-04    2.4958e-04    6.2557e-04    4.2858e-04    9.8821e-04    1.5148e-03    1.7713e-03    2.2649e-03
 -1.8217e+01    1.0916e-04    1.0149e-04    2.4833e-04    6.2929e-04    4.3220e-04    9.9357e-04    1.5173e-03    1.7759e-03    2.2747e-03
 -1.8186e+01    1.0995e-04    1.0090e-04    2.4707e-04    6.3301e-04    4.3588e-04    9.9898e-04    1.5198e-03    1.7804e-03    2.2844e-03
 -1.8154e+01    1.1071e-04    1.0032e-04    2.4580e-04    6.3672e-04    4.3962e-04    1.0044e-03    1.5224e-03    1.7850e-03    2.2940e-03
 -1.8123e+01    1.1145e-04    9.9731e-05    2.4452e-04    6.4042e-04    4.4342e-04    1.0100e-03    1.5251e-03    1.7895e-03    2.3036e-03
 -1.8092e+01    1.1217e-04    9.9146e-05    2.4323e-04    6.4412e-04    4.4728e-04    1.0155e-03    1.5278e-03    1.7940e-03    2.3132e-03
 -1.8060e+01    1.1287e-04    9.8561e-05    2.4193e-04    6.4782e-04    4.5120e-04    1.0211e-03    1.5305e-03    1.7985e-03    2.3227e-03
 -1.8029e+01    1.1354e-04    9.7977e-05    2.4063e-04    6.5151e-04    4.5519e-04    1.0268e-03    1.5333e-03    1.8030e-03    2.3321e-03
 -1.7997e+01    1.1419e-04    9.7393e-05    2.3933e-04    6.5520e-04    4.5925e-04    1.0325e-03    1.5361e-03    1.8075e-03    2.3415e-03
 -1.7966e+01    1.1482e-04    9.6809e-05    2.3801e-04    6.5888e-04    4.6338e-04    1.0382e-03    1.5390e-03    1.8120e-03    2.3509e-03
 -1.7934e+01    1.1541e-04    9.6227e-05    2.3670e-04    6.6256e-04    4.6757e-04    1.0440e-03    1.5420e-03    1.8165e-03    2.3602e-03
 -1.7903e+01    1.1599e-04    9.5646e-05    2.3538e-04    6.6625e-04    4.7184e-04    1.0498e-03    1.5450e-03    1.8210e-03    2.3695e-03
 -1.7871e+01    1.1653e-04    9.5065e-05    2.3405e-04    6.6993e-04    4.7617e-04    1.0557e-03    1.5481e-03    1.8255e-03    2.3788e-03
 -1.7840e+01    1.1706e-04    9.4486e-05    2.3273e-04    6.7361e-04    4.8059e-04    1.0617e-03    1.5512e-03    1.8300e-03    2.3881e-03
 -1.7808e+01    1.1755e-04    9.3909e-05    2.3140e-04    6.7730e-04    4.8507e-04    1.0676e-03    1.5544e-03    1.8346e-03    2.3974e-03
 -1.7777e+01    1.1802e-04    9.3333e-05    2.3007e-04    6.8099e-04    4.8964e-04    1.0736e-03    1.5577e-03    1.8391e-03    2.4066e-03
 -1.7745e+01    1.1846e-04    9.2759e-05    2.2875e-04    6.8468e-04    4.9428e-04    1.0797e-03    1.5610e-03    1.8437e-03    2.4159e-03
 -1.7714e+01    1.1888e-04    9.2187e-05    2.2742e-04    6.8838e-04    4.9900e-04    1.0858e-03    1.5645e-03    1.8483e-03    2.4251e-03
 -1.7683e+01    1.1927e-04    9.1617e-05    2.2609e-04    6.9209e-04    5.0381e-04    1.0920e-03    1.5679e-03    1.8530e-03    2.4344e-03
 -1.7651e+01    1.1963e-04    9.1051e-05    2.2477e-04    6.9580e-04    5.0869e-04    1.0981e-03    1.5715e-03    1.8577e-03    2.4437e-03
 -1.7620e+01    1.1996e-04    9.0486e-05    2.2345e-04    6.9953e-04    5.1366e-04    1.1044e-03    1.5751e-03    1.8624e-03    2.4530e-03
 -1.7588e+01    1.2027e-04    8.9925e-05    2.2213e-04    7.0327e-04    5.1872e-04    1.1107e-03    1.5789e-03    1.8672e-03    2.4623e-03
 -1.7557e+01    1.2055e-04    8.9368e-05    2.2081e-04    7.0702e-04    5.2386e-04    1.1170e-03    1.5826e-03    1.8720e-03    2.4717e-03
 -1.7525e+01    1.2080e-04    8.8813e-05    2.1950e-04    7.1078e-04    5.2909e-04    1.1234e-03    1.5865e-03    1.8769e-03    2.4811e-03
 -1.7494e+01    1.2103e-04    8.8263e-05    2.1820e-04    7.1456e-04    5.3441e-04    1.1298e-03    1.5904e-03    1.8818e-03    2.4906e-03
 -1.7462e+01    1.2123e-04    8.7716e-05    2.1689e-04    7.1836e-04    5.3981e-04    1.1362e-03    1.5945e-03    1.8868e-03    2.5000e-03
 -1.7431e+01    1.2141e-04    8.7174e-05    2.1560e-04    7.2217e-04    5.4531e-04    1.1427e-03    1.5986e-03    1.8918e-03    2.5096e-03
 -1.7399e+01    1.2156e-04    8.6636e-05    2.1431e-04    7.2601e-04    5.5090e-04    1.1493e-03    1.6028e-03    1.8969e-03    2.5192e-03
 -1.7368e+01    1.2169e-04    8.6103e-05    2.1303e-04    7.2986e-04    5.5658e-04    1.1559e-03    1.6070e-03    1.9021e-03    2.5289e-03
 -1.7336e+01    1.2179e-04    8.5575e-05    2.1176e-04    7.3374e-04    5.6236e-04    1.1625e-03    1.6114e-03    1.9073e-03    2.5386e-03
 -1.7305e+01    1.2186e-04    8.5051e-05    2.1050e-04    7.3764e-04    5.6823e-04    1.1692e-03    1.6158e-03    1.9126e-03    2.5484e-03
 -1.7274e+01    1.2192e-04    8.4533e-05    2.0924e-04    7.4157e-04    5.7419e-04    1.1760e-03    1.6203e-03    1.9180e-03    2.5583e-03
 -1.7242e+01    1.2194e-04    8.4021e-05    2.0799e-04    7.4552e-04    5.8025e-04    1.1828e-03    1.6248e-03    1.9234e-03    2.5682e-03
 -1.7211e+01    1.2195e-04    8.3514e-05    2.0676e-04    7.4950e-04    5.8641e-04    1.1896e-03    1.6295e-03    1.9290e-03    2.5783e-03
 -1.7179e+01    1.2194e-04    8.3013e-05    2.0553e-04    7.5351e-04    5.9266e-04    1.1965e-03    1.6342e-03    1.9346e-03    2.5884e-03
 -1.7148e+01    1.2190e-04    8.2518e-05    2.0431e-04    7.5755e-04    5.9901e-04    1.2035e-03    1.6390e-03    1.9403e-03    2.5986e-03
 -1.7116e+01    1.2184e-04    8.2029e-05    2.0311e-04    7.6161e-04    6.0546e-04    1.2105e-03    1.6439e-03    1.9461e-03    2.6089e-03
 -1.7085e+01    1.2176e-04    8.1546e-05    2.0191e-04    7.6571e-04    6.1201e-04    1.2176e-03    1.6489e-03    1.9519e-03    2.6193e-03
 -1.7053e+01    1.2167e-04    8.1070e-05    2.0073e-04    7.6984e-04    6.1865e-04    1.2247e-03    1.6539e-03    1.9579e-03    2.6299e-03
 -1.7022e+01    1.2155e-04    8.0600e-05    1.9956e-04    7.7400e-04    6.2540e-04    1.2319e-03    1.6590e-03    1.9639e-03    2.6405e-03
 -1.6990e+01    1.2142e-04    8.0137e-05    1.9840e-04    7.7819e-04    6.3224e-04    1.2392e-03    1.6641e-03    1.9700e-03    2.6512e-03
 -1.6959e+01    1.2127e-04    7.9681e-05    1.9725e-04    7.8242e-04    6.3918e-04    1.2465e-03    1.6693e-03    1.9762e-03    2.6621e-03
 -1.6927e+01    1.2110e-04    7.9232e-05    1.9612e-04    7.8668e-04    6.4623e-04    1.2539e-03    1.6746e-03    1.9825e-03    2.6731e-03
 -1.6896e+01    1.2092e-04    7.8789e-05    1.9500e-04    7.9097e-04    6.5337e-04    1.2614e-03    1.6799e-03    1.9888e-03    2.6842e-03
 -1.6864e+01    1.2072e-04    7.8354e-05    1.9389e-04    7.9529e-04    6.6061e-04    1.2689e-03    1.6853e-03    1.9953e-03    2.6954e-03
 -1.6833e+01    1.2051e-04    7.7925e-05    1.9279e-04    7.9965e-04    6.6795e-04    1.2765e-03    1.6908e-03    2.0018e-03    2.7068e-03
 -1.6802e+01    1.2029e-04    7.7504e-05    1.9171e-04    8.0404e-04    6.7539e-04    1.2842e-03    1.6963e-03    2.0084e-03    2.7183e-03
 -1.6770e+01    1.2005e-04    7.7090e-05    1.9064e-04    8.0846e-04    6.8293e-04    1.2920e-03    1.7018e-03    2.0151e-03    2.7299e-03
 -1.6739e+01    1.1981e-04    7.6683e-05    1.8958e-04    8.1291e-04    6.9057e-04    1.2998e-03    1.7074e-03    2.0219e-03    2.7416e-03
 -1.6707e+01    1.1955e-04    7.6282e-05    1.8854e-04    8.1739e-04    6.9831e-04    1.3077e-03    1.7130e-03    2.0287e-03    2.7535e-03
 -1.6676e+01    1.1928e-04    7.5889e-05    1.8751e-04    8.2190e-04    7.0614e-04    1.3157e-03    1.7186e-03    2.0356e-03    2.7656e-03
 -1.6644e+01    1.1901e-04    7.5503e-05    1.8649e-04    8.2644e-04    7.1408e-04    1.3238e-03    1.7243e-03    2.0426e-03    2.7777e-03
 -1.6613e+01    1.1873e-04    7.5124e-05    1.8548e-04    8.3101e-04    7.2211e-04    1.3320e-03    1.7300e-03    2.0497e-03    2.7901e-03
 -1.6581e+01    1.1844e-04    7.4752e-05    1.8449e-04    8.3561e-04    7.3024e-04    1.3403e-03    1.7358e-03    2.0568e-03    2.8025e-03
 -1.6550e+01    1.1814e-04    7.4387e-05    1.8351e-04    8.4022e-04    7.3847e-04    1.3486e-03    1.7415e-03    2.0640e-03    2.8151e-03
 -1.6518e+01    1.1784e-04    7.4029e-05    1.8254e-04    8.4487e-04    7.4679e-04    1.3571e-03    1.7473e-03    2.0712e-03    2.8279e-03
 -1.6487e+01    1.1754e-04    7.3677e-05    1.8159e-04    8.4953e-04    7.5521e-04    1.3656e-03    1.7530e-03    2.0785e-03    2.8408e-03
 -1.6455e+01    1.1723e-04    7.3332e-05    1.8065e-04    8.5421e-04    7.6373e-04    1.3742e-03    1.7588e-03    2.0859e-03    2.8539e-03
 -1.6424e+01    1.1692e-04    7.2994e-05    1.7971e-04    8.5892e-04    7.7234e-04    1.3830e-03    1.7646e-03    2.0933e-03    2.8671e-03
 -1.6393e+01    1.1660e-04    7.2662e-05    1.7880e-04    8.6363e-04    7.8105e-04    1.3918e-03    1.7703e-03    2.1008e-03    2.8805e-03
 -1.6361e+01    1.1629e-04    7.2336e-05    1.7789e-04    8.6837e-04    7.8986e-04    1.4007e-03    1.7761e-03    2.1083e-03    2.8941e-03
 -1.6330e+01    1.1598e-04    7.2017e-05    1.7699e-04    8.7311e-04    7.9875e-04    1.4098e-03    1.7818e-03    2.1158e-03    2.9078e-03
 -1.6298e+01    1.1566e-04    7.1703e-05    1.7611e-04    8.7786e-04    8.0775e-04    1.4189e-03    1.7876e-03    2.1234e-03    2.9216e-03
 -1.6267e+01    1.1535e-04    7.1396e-05    1.7523e-04    8.8263e-04    8.1684e-04    1.4281e-03    1.7933e-03    2.1310e-03    2.9357e-03
 -1.6235e+01    1.1504e-04    7.1094e-05    1.7437e-04    8.8739e-04    8.2602e-04    1.4375e-03    1.7990e-03    2.1387e-03    2.9499e-03
 -1.6204e+01    1.1473e-04    7.0798e-05    1.7351e-04    8.9216e-04    8.3529e-04    1.4469e-03    1.8046e-03    2.1463e-03    2.9642e-03
 -1.6172e+01    1.1443e-04    7.0508e-05    1.7267e-04    8.9693e-04    8.4466e-04    1.4564e-03    1.8102e-03    2.1540e-03    2.9787e-03
 -1.6141e+01    1.1412e-04    7.0222e-05    1.7183e-04    9.0169e-04    8.5412e-04    1.4661e-03    1.8158e-03    2.1617e-03    2.9934e-03
 -1.6109e+01    1.1383e-04    6.9942e-05    1.7101e-04    9.0645e-04    8.6368e-04    1.4758e-03    1.8213e-03    2.1695e-03    3.0083e-03
 -1.6078e+01    1.1353e-04    6.9667e-05    1.7019e-04    9.1120e-04    8.7332e-04    1.4856e-03    1.8268e-03    2.1772e-03    3.0233e-03
 -1.6046e+01    1.1325e-04    6.9397e-05    1.6938e-04    9.1595e-04    8.8306e-04    1.4956e-03    1.8322e-03    2.1849e-03    3.0384e-03
 -1.6015e+01    1.1296e-04    6.9131e-05    1.6858e-04    9.2067e-04    8.9290e-04    1.5056e-03    1.8376e-03    2.1927e-03    3.0538e-03
 -1.5984e+01    1.1269e-04    6.8870e-05    1.6778e-04    9.2538e-04    9.0282e-04    1.5158e-03    1.8429e-03    2.2004e-03    3.0693e-03
 -1.5952e+01    1.1242e-04    6.8613e-05    1.6700e-04    9.3008e-04    9.1284e-04    1.5260e-03    1.8482e-03    2.2081e-03    3.0849e-03
 -1.5921e+01    1.1216e-04    6.8360e-05    1.6622e-04    9.3475e-04    9.2295e-04    1.5363e-03    1.8534e-03    2.2159e-03    3.1008e-03
 -1.5889e+01    1.1190e-04    6.8111e-05    1.6544e-04    9.3939e-04    9.3316e-04    1.5468e-03    1.8585e-03    2.2236e-03    3.1168e-03
 -1.5858e+01    1.1166e-04    6.7866e-05    1.6468e-04    9.4401e-04    9.4346e-04    1.5573e-03    1.8635e-03    2.2313e-03    3.1329e-03
 -1.5826e+01    1.1142e-04    6.7625e-05    1.6391e-04    9.4860e-04    9.5385e-04    1.5679e-03    1.8685e-03    2.2390e-03    3.1492e-03
 -1.5795e+01    1.1119e-04    6.7387e-05    1.6316e-04    9.5315e-04    9.6434e-04    1.5786e-03    1.8734e-03    2.2466e-03    3.1657e-03
 -1.5763e+01    1.1097e-04    6.7152e-05    1.6241e-04    9.5767e-04    9.7492e-04    1.5894e-03    1.8782e-03    2.2543e-03    3.1823e-03
 -1.5732e+01    1.1075e-04    6.6920e-05    1.6166e-04    9.6216e-04    9.8559e-04    1.6003e-03    1.8829e-03    2.2619e-03    3.1991e-03
 -1.5700e+01    1.1055e-04    6.6692e-05    1.6092e-04    9.6660e-04    9.9636e-04    1.6112e-03    1.8876e-03    2.2695e-03    3.2161e-03
 -1.5669e+01    1.1036e-04    6.6466e-05    1.6018e-04    9.7100e-04    1.0072e-03    1.6223e-03    1.8921e-03    2.2770e-03    3.2332e-03
 -1.5637e+01    1.1017e-04    6.6242e-05    1.5945e-04    9.7535e-04    1.0182e-03    1.6334e-03    1.8966e-03    2.2845e-03    3.2504e-03
 -1.5606e+01    1.0999e-04    6.6021e-05    1.5872e-04    9.7966e-04    1.0293e-03    1.6446e-03    1.9010e-03    2.2920e-03    3.2678e-03
 -1.5574e+01    1.0983e-04    6.5803e-05    1.5799e-04    9.8391e-04    1.0404e-03    1.6558e-03    1.9052e-03    2.2995e-03    3.2854e-03
 -1.5543e+01    1.0967e-04    6.5586e-05    1.5727e-04    9.8811e-04    1.0517e-03    1.6672e-03    1.9094e-03    2.3069e-03    3.3031e-03
 -1.5512e+01    1.0952e-04    6.5371e-05    1.5655e-04    9.9226e-04    1.0630e-03    1.6786e-03    1.9135e-03    2.3143e-03    3.3209e-03
 -1.5480e+01    1.0938e-04    6.5159e-05    1.5583e-04    9.9635e-04    1.0745e-03    1.6900e-03    1.9175e-03    2.3216e-03    3.3389e-03
 -1.5449e+01    1.0925e-04    6.4947e-05    1.5512e-04    1.0004e-03    1.0860e-03    1.7015e-03    1.9214e-03    2.3289e-03    3.3570e-03
 -1.5417e+01    1.0913e-04    6.4738e-05    1.5440e-04    1.0044e-03    1.0977e-03    1.7131e-03    1.9252e-03    2.3361e-03    3.3753e-03
 -1.5386e+01    1.0902e-04    6.4530e-05    1.5369e-04    1.0083e-03    1.1095e-03    1.7247e-03    1.9289e-03    2.3433e-03    3.3937e-03
 -1.5354e+01    1.0891e-04    6.4323e-05    1.5299e-04    1.0121e-03    1.1213e-03    1.7364e-03    1.9325e-03    2.3505e-03    3.4122e-03
 -1.5323e+01    1.0882e-04    6.4117e-05    1.5228e-04    1.0159e-03    1.1333e-03    1.7481e-03    1.9360e-03    2.3576e-03    3.4309e-03
 -1.5291e+01    1.0873e-04    6.3913e-05    1.5158e-04    1.0196e-03    1.1454e-03    1.7598e-03    1.9394e-03    2.3646e-03    3.4496e-03
 -1.5260e+01    1.0866e-04    6.3709e-05    1.5088e-04    1.0233e-03    1.1576e-03    1.7716e-03    1.9427e-03    2.3716e-03    3.4685e-03
 -1.5228e+01    1.0859e-04    6.3507e-05    1.5018e-04    1.0268e-03    1.1699e-03    1.7834e-03    1.9458e-03    2.3786e-03    3.4876e-03
 -1.5197e+01    1.0852e-04    6.3305e-05    1.4949e-04    1.0303e-03    1.1823e-03    1.7952e-03    1.9489e-03    2.3855e-03    3.5067e-03
 -1.5165e+01    1.0847e-04    6.3104e-05    1.4879e-04    1.0338e-03    1.1949e-03    1.8071e-03    1.9519e-03    2.3924e-03    3.5260e-03
 -1.5134e+01    1.0842e-04    6.2903e-05    1.4810e-04    1.0371e-03    1.2075e-03    1.8190e-03    1.9548e-03    2.3992e-03    3.5454e-03
 -1.5103e+01    1.0838e-04    6.2703e-05    1.4741e-04    1.0404e-03    1.2203e-03    1.8309e-03    1.9576e-03    2.4059e-03    3.5648e-03
 -1.5071e+01    1.0834e-04    6.2504e-05    1.4673e-04    1.0437e-03    1.2332e-03    1.8428e-03    1.9603e-03    2.4127e-03    3.5844e-03
 -1.5040e+01    1.0831e-04    6.2305e-05    1.4604e-04    1.0468e-03    1.2462e-03    1.8547e-03    1.9629e-03    2.4193e-03    3.6041e-03
 -1.5008e+01    1.0829e-04    6.2106e-05    1.4536e-04    1.0499e-03    1.2593e-03    1.8667e-03    1.9654e-03    2.4260e-03    3.6239e-03
 -1.4977e+01    1.0827e-04    6.1907e-05    1.4468e-04    1.0529e-03    1.2725e-03    1.8786e-03    1.9678e-03    2.4325e-03    3.6438e-03
 -1.4945e+01    1.0826e-04    6.1709e-05    1.4401e-04    1.0558e-03    1.2859e-03    1.8906e-03    1.9701e-03    2.4391e-03    3.6638e-03
 -1.4914e+01    1.0825e-04    6.1511e-05    1.4333e-04    1.0586e-03    1.2994e-03    1.9025e-03    1.9724e-03    2.4455e-03    3.6838e-03
 -1.4882e+01    1.0824e-04    6.1314e-05    1.4266e-04    1.0614e-03    1.3131e-03    1.9144e-03    1.9745e-03    2.4520e-03    3.7040e-03
 -1.4851e+01    1.0824e-04    6.1116e-05    1.4200e-04    1.0641e-03    1.3268e-03    1.9264e-03    1.9765e-03    2.4584e-03    3.7242e-03
 -1.4819e+01    1.0824e-04    6.0919e-05    1.4134e-04    1.0667e-03    1.3407e-03    1.9383e-03    1.9785e-03    2.4647e-03    3.7445e-03
 -1.4788e+01    1.0824e-04    6.0721e-05    1.4068e-04    1.0692e-03    1.3548e-03    1.9502e-03    1.9803e-03    2.4710e-03    3.7649e-03
 -1.4756e+01    1.0825e-04    6.0524e-05    1.4002e-04    1.0717e-03    1.3689e-03    1.9621e-03    1.9821e-03    2.4772e-03    3.7854e-03
 -1.4725e+01    1.0825e-04    6.0327e-05    1.3937e-04    1.0741e-03    1.3833e-03    1.9740e-03    1.9838e-03    2.4834e-03    3.8059e-03
 -1.4694e+01    1.0826e-04    6.0131e-05    1.3873e-04    1.0764e-03    1.3977e-03    1.9859e-03    1.9854e-03    2.4896e-03    3.8265e-03
 -1.4662e+01    1.0827e-04    5.9934e-05    1.3808e-04    1.0787e-03    1.4123e-03    1.9977e-03    1.9869e-03    2.4957e-03    3.8472e-03
 -1.4631e+01    1.0828e-04    5.9738e-05    1.3745e-04    1.0809e-03    1.4271e-03    2.0096e-03    1.9883e-03    2.5018e-03    3.8679e-03
 -1.4599e+01    1.0829e-04    5.9542e-05    1.3682e-04    1.0830e-03    1.4420e-03    2.0214e-03    1.9896e-03    2.5078e-03    3.8887e-03
 -1.4568e+01    1.0830e-04    5.9346e-05    1.3619e-04    1.0851e-03    1.4570e-03    2.0332e-03    1.9909e-03    2.5138e-03    3.9096e-03
 -1.4536e+01    1.0830e-04    5.9150e-05    1.3557e-04    1.0870e-03    1.4722e-03    2.0450e-03    1.9921e-03    2.5197e-03    3.9305e-03
 -1.4505e+01    1.0831e-04    5.8955e-05    1.3496e-04    1.0890e-03    1.4875e-03    2.0567e-03    1.9932e-03    2.5256e-03    3.9515e-03
 -1.4473e+01    1.0831e-04    5.8760e-05    1.3435e-04    1.0908e-03    1.5030e-03    2.0684e-03    1.9943e-03    2.5314e-03    3.9725e-03
 -1.4442e+01    1.0831e-04    5.8566e-05    1.3375e-04    1.0926e-03    1.5187e-03    2.0802e-03    1.9952e-03    2.5372e-03    3.9936e-03
 -1.4410e+01    1.0831e-04    5.8372e-05    1.3315e-04    1.0943e-03    1.5345e-03    2.0918e-03    1.9961e-03    2.5430e-03    4.0147e-03
 -1.4379e+01    1.0831e-04    5.8179e-05    1.3257e-04    1.0960e-03    1.5505e-03    2.1035e-03    1.9969e-03    2.5487e-03    4.0359e-03
 -1.4347e+01    1.0830e-04    5.7986e-05    1.3198e-04    1.0976e-03    1.5666e-03    2.1152e-03    1.9977e-03    2.5544e-03    4.0571e-03
 -1.4316e+01    1.0829e-04    5.7794e-05    1.3141e-04    1.0992e-03    1.5829e-03    2.1268e-03    1.9984e-03    2.5600e-03    4.0784e-03
 -1.4284e+01    1.0827e-04    5.7603e-05    1.3084e-04    1.1007e-03    1.5994e-03    2.1384e-03    1.9990e-03    2.5656e-03    4.0997e-03
 -1.4253e+01    1.0825e-04    5.7413e-05    1.3029e-04    1.1021e-03    1.6160e-03    2.1500e-03    1.9995e-03    2.5711e-03    4.1211e-03
 -1.4222e+01    1.0822e-04    5.7224e-05    1.2974e-04    1.1035e-03    1.6328e-03    2.1615e-03    2.0000e-03    2.5766e-03    4.1425e-03
 -1.4190e+01    1.0819e-04    5.7035e-05    1.2919e-04    1.1049e-03    1.6498e-03    2.1731e-03    2.0005e-03    2.5820e-03    4.1639e-03
 -1.4159e+01    1.0816e-04    5.6848e-05    1.2866e-04    1.1062e-03    1.6669e-03    2.1846e-03    2.0009e-03    2.5874e-03    4.1854e-03
 -1.4127e+01    1.0811e-04    5.6662e-05    1.2813e-04    1.1074e-03    1.6842e-03    2.1962e-03    2.0012e-03    2.5927e-03    4.2069e-03
 -1.4096e+01    1.0807e-04    5.6477e-05    1.2761e-04    1.1087e-03    1.7016e-03    2.2077e-03    2.0015e-03    2.5980e-03    4.2285e-03
 -1.4064e+01    1.0801e-04    5.6294e-05    1.2711e-04    1.1098e-03    1.7192e-03    2.2192e-03    2.0017e-03    2.6032e-03    4.2501e-03
 -1.4033e+01    1.0796e-04    5.6112e-05    1.2661e-04    1.1110e-03    1.7370e-03    2.2307e-03    2.0019e-03    2.6084e-03    4.2717e-03
 -1.4001e+01    1.0789e-04    5.5932e-05    1.2611e-04    1.1121e-03    1.7550e-03    2.2421e-03    2.0020e-03    2.6136e-03    4.2934e-03
 -1.3970e+01    1.0782e-04    5.5753e-05    1.2563e-04    1.1132e-03    1.7731e-03    2.2536e-03    2.0021e-03    2.6186e-03    4.3151e-03
 -1.3938e+01    1.0774e-04    5.5576e-05    1.2516e-04    1.1142e-03    1.7914e-03    2.2651e-03    2.0022e-03    2.6237e-03    4.3368e-03
 -1.3907e+01    1.0766e-04    5.5401e-05    1.2470e-04    1.1152e-03    1.8098e-03    2.2765e-03    2.0022e-03    2.6287e-03    4.3586e-03
 -1.3875e+01    1.0757e-04    5.5228e-05    1.2424e-04    1.1162e-03    1.8284e-03    2.2880e-03    2.0022e-03    2.6336e-03    4.3805e-03
 -1.3844e+01    1.0747e-04    5.5057e-05    1.2380e-04    1.1172e-03    1.8472e-03    2.2995e-03    2.0021e-03    2.6385e-03    4.4023e-03
 -1.3813e+01    1.0737e-04    5.4888e-05    1.2336e-04    1.1181e-03    1.8662e-03    2.3109e-03    2.0021e-03    2.6433e-03    4.4242e-03
 -1.3781e+01    1.0726e-04    5.4721e-05    1.2293e-04    1.1190e-03    1.8852e-03    2.3224e-03    2.0020e-03    2.6480e-03    4.4461e-03
 -1.3750e+01    1.0715e-04    5.4557e-05    1.2252e-04    1.1199e-03    1.9045e-03    2.3339e-03    2.0018e-03    2.6527e-03    4.4681e-03
 -1.3718e+01    1.0703e-04    5.4394e-05    1.2211e-04    1.1208e-03    1.9239e-03    2.3454e-03    2.0017e-03    2.6574e-03    4.4901e-03
 -1.3687e+01    1.0690e-04    5.4235e-05    1.2171e-04    1.1217e-03    1.9434e-03    2.3569e-03    2.0015e-03    2.6620e-03    4.5121e-03
 -1.3655e+01    1.0677e-04    5.4077e-05    1.2132e-04    1.1226e-03    1.9631e-03    2.3684e-03    2.0013e-03    2.6665e-03    4.5342e-03
 -1.3624e+01    1.0663e-04    5.3922e-05    1.2094e-04    1.1234e-03    1.9830e-03    2.3799e-03    2.0012e-03    2.6710e-03    4.5563e-03
 -1.3592e+01    1.0649e-04    5.3770e-05    1.2057e-04    1.1243e-03    2.0030e-03    2.3915e-03    2.0010e-03    2.6755e-03    4.5784e-03
 -1.3561e+01    1.0634e-04    5.3621e-05    1.2021e-04    1.1251e-03    2.0231e-03    2.4030e-03    2.0008e-03    2.6798e-03    4.6006e-03
 -1.3529e+01    1.0619e-04    5.3474e-05    1.1986e-04    1.1259e-03    2.0434e-03    2.4146e-03    2.0005e-03    2.6841e-03    4.6228e-03
 -1.3498e+01    1.0603e-04    5.3330e-05    1.1952e-04    1.1268e-03    2.0638e-03    2.4262e-03    2.0003e-03    2.6884e-03    4.6450e-03
 -1.3466e+01    1.0587e-04    5.3189e-05    1.1918e-04    1.1276e-03    2.0843e-03    2.4378e-03    2.0001e-03    2.6926e-03    4.6672e-03
 -1.3435e+01    1.0571e-04    5.3051e-05    1.1886e-04    1.1284e-03    2.1049e-03    2.4494e-03    1.9999e-03    2.6967e-03    4.6895e-03
 -1.3403e+01    1.0554e-04    5.2916e-05    1.1854e-04    1.1293e-03    2.1257e-03    2.4611e-03    1.9998e-03    2.7008e-03    4.7118e-03
 -1.3372e+01    1.0537e-04    5.2783e-05    1.1824e-04    1.1301e-03    2.1465e-03    2.4727e-03    1.9996e-03    2.7049e-03    4.7341e-03
 -1.3341e+01    1.0519e-04    5.2654e-05    1.1794e-04    1.1309e-03    2.1675e-03    2.4844e-03    1.9994e-03    2.7088e-03    4.7565e-03
 -1.3309e+01    1.0501e-04    5.2527e-05    1.1765e-04    1.1318e-03    2.1886e-03    2.4962e-03    1.9993e-03    2.7128e-03    4.7788e-03
 -1.3278e+01    1.0483e-04    5.2404e-05    1.1737e-04    1.1326e-03    2.2098e-03    2.5079e-03    1.9991e-03    2.7166e-03    4.8012e-03
 -1.3246e+01    1.0465e-04    5.2283e-05    1.1709e-04    1.1335e-03    2.2311e-03    2.5197e-03    1.9990e-03    2.7205e-03    4.8236e-03
 -1.3215e+01    1.0447e-04    5.2166e-05    1.1683e-04    1.1343e-03    2.2524e-03    2.5315e-03    1.9990e-03    2.7242e-03    4.8460e-03
 -1.3183e+01    1.0428e-04    5.2051e-05    1.1657e-04    1.1352e-03    2.2739e-03    2.5433e-03    1.9989e-03    2.7279e-03    4.8684e-03
 -1.3152e+01    1.0409e-04    5.1940e-05    1.1632e-04    1.1361e-03    2.2954e-03    2.5551e-03    1.9989e-03    2.7316e-03    4.8909e-03
 -1.3120e+01    1.0390e-04    5.1831e-05    1.1608e-04    1.1370e-03    2.3170e-03    2.5670e-03    1.9989e-03    2.7352e-03    4.9133e-03
 -1.3089e+01    1.0372e-04    5.1726e-05    1.1584e-04    1.1379e-03    2.3387e-03    2.5788e-03    1.9989e-03    2.7387e-03    4.9357e-03
 -1.3057e+01    1.0353e-04    5.1623e-05    1.1561e-04    1.1388e-03    2.3604e-03    2.5907e-03    1.9990e-03    2.7423e-03    4.9582e-03
 -1.3026e+01    1.0334e-04    5.1523e-05    1.1539e-04    1.1397e-03    2.3822e-03    2.6027e-03    1.9991e-03    2.7457e-03    4.9806e-03
 -1.2994e+01    1.0315e-04    5.1426e-05    1.1518e-04    1.1406e-03    2.4040e-03    2.6146e-03    1.9992e-03    2.7491e-03    5.0031e-03
 -1.2963e+01    1.0296e-04    5.1332e-05    1.1497e-04    1.1416e-03    2.4259e-03    2.6266e-03    1.9994e-03    2.7525e-03    5.0255e-03
 -1.2932e+01    1.0277e-04    5.1240e-05    1.1477e-04    1.1425e-03    2.4478e-03    2.6385e-03    1.9996e-03    2.7558e-03    5.0480e-03
 -1.2900e+01    1.0258e-04    5.1152e-05    1.1457e-04    1.1435e-03    2.4698e-03    2.6505e-03    1.9998e-03    2.7591e-03    5.0704e-03
 -1.2869e+01    1.0239e-04    5.1065e-05    1.1438e-04    1.1445e-03    2.4918e-03    2.6625e-03    2.0001e-03    2.7623e-03    5.0928e-03
 -1.2837e+01    1.0221e-04    5.0982e-05    1.1420e-04    1.1455e-03    2.5138e-03    2.6745e-03    2.0004e-03    2.7655e-03    5.1152e-03
 -1.2806e+01    1.0202e-04    5.0901e-05    1.1402e-04    1.1464e-03    2.5358e-03    2.6865e-03    2.0007e-03    2.7686e-03    5.1376e-03
 -1.2774e+01    1.0184e-04    5.0822e-05    1.1385e-04    1.1474e-03    2.5578e-03    2.6985e-03    2.0011e-03    2.7717e-03    5.1599e-03
 -1.2743e+01    1.0166e-04    5.0745e-05    1.1368e-04    1.1485e-03    2.5798e-03    2.7106e-03    2.0015e-03    2.7747e-03    5.1823e-03
 -1.2711e+01    1.0148e-04    5.0671e-05    1.1352e-04    1.1495e-03    2.6019e-03    2.7226e-03    2.0019e-03    2.7777e-03    5.2046e-03
 -1.2680e+01    1.0130e-04    5.0599e-05    1.1336e-04    1.1505e-03    2.6239e-03    2.7346e-03    2.0024e-03    2.7807e-03    5.2269e-03
 -1.2648e+01    1.0112e-04    5.0529e-05    1.1320e-04    1.1515e-03    2.6459e-03    2.7466e-03    2.0029e-03    2.7836e-03    5.2492e-03
 -1.2617e+01    1.0095e-04    5.0461e-05    1.1305e-04    1.1526e-03    2.6679e-03    2.7586e-03    2.0035e-03    2.7865e-03    5.2714e-03
 -1.2585e+01    1.0078e-04    5.0396e-05    1.1291e-04    1.1536e-03    2.6899e-03    2.7706e-03    2.0040e-03    2.7894e-03    5.2936e-03
 -1.2554e+01    1.0061e-04    5.0331e-05    1.1276e-04    1.1547e-03    2.7119e-03    2.7826e-03    2.0046e-03    2.7922e-03    5.3158e-03
 -1.2523e+01    1.0044e-04    5.0269e-05    1.1263e-04    1.1557e-03    2.7338e-03    2.7945e-03    2.0052e-03    2.7949e-03    5.3380e-03
 -1.2491e+01    1.0028e-04    5.0208e-05    1.1249e-04    1.1568e-03    2.7557e-03    2.8065e-03    2.0058e-03    2.7977e-03    5.3602e-03
 -1.2460e+01    1.0011e-04    5.0149e-05    1.1236e-04    1.1578e-03    2.7776e-03    2.8184e-03    2.0065e-03    2.8003e-03    5.3823e-03
 -1.2428e+01    9.9950e-05    5.0091e-05    1.1223e-04    1.1589e-03    2.7994e-03    2.8302e-03    2.0072e-03    2.8030e-03    5.4044e-03
 -1.2397e+01    9.9790e-05    5.0035e-05    1.1210e-04    1.1599e-03    2.8212e-03    2.8421e-03    2.0078e-03    2.8056e-03    5.4265e-03
 -1.2365e+01    9.9631e-05    4.9980e-05    1.1198e-04    1.1610e-03    2.8430e-03    2.8539e-03    2.0085e-03    2.8081e-03    5.4485e-03
 -1.2334e+01    9.9475e-05    4.9926e-05    1.1186e-04    1.1620e-03    2.8647e-03    2.8657e-03    2.0092e-03    2.8106e-03    5.4705e-03
 -1.2302e+01    9.9319e-05    4.9873e-05    1.1174e-04    1.1630e-03    2.8863e-03    2.8774e-03    2.0099e-03    2.8131e-03    5.4926e-03
 -1.2271e+01    9.9165e-05    4.9821e-05    1.1162e-04    1.1641e-03    2.9079e-03    2.8891e-03    2.0106e-03    2.8155e-03    5.5146e-03
 -1.2239e+01    9.9012e-05    4.9770e-05    1.1150e-04    1.1651e-03    2.9294e-03    2.9007e-03    2.0113e-03    2.8179e-03    5.5366e-03
 -1.2208e+01    9.8860e-05    4.9720e-05    1.1139e-04    1.1661e-03    2.9509e-03    2.9123e-03    2.0120e-03    2.8202e-03    5.5585e-03
 -1.2176e+01    9.8708e-05    4.9671e-05    1.1128e-04    1.1671e-03    2.9723e-03    2.9238e-03    2.0126e-03    2.8224e-03    5.5805e-03
 -1.2145e+01    9.8557e-05    4.9622e-05    1.1117e-04    1.1681e-03    2.9936e-03    2.9353e-03    2.0133e-03    2.8247e-03    5.6025e-03
 -1.2113e+01    9.8407e-05    4.9573e-05    1.1105e-04    1.1691e-03    3.0149e-03    2.9467e-03    2.0139e-03    2.8268e-03    5.6245e-03
 -1.2082e+01    9.8257e-05    4.9525e-05    1.1094e-04    1.1700e-03    3.0361e-03    2.9581e-03    2.0145e-03    2.8289e-03    5.6465e-03
 -1.2051e+01    9.8107e-05    4.9478e-05    1.1084e-04    1.1710e-03    3.0572e-03    2.9693e-03    2.0151e-03    2.8309e-03    5.6686e-03
 -1.2019e+01    9.7956e-05    4.9430e-05    1.1073e-04    1.1719e-03    3.0783e-03    2.9805e-03    2.0157e-03    2.8329e-03    5.6906e-03
 -1.1988e+01    9.7806e-05    4.9383e-05    1.1062e-04    1.1728e-03    3.0993e-03    2.9917e-03    2.0162e-03    2.8348e-03    5.7128e-03
 -1.1956e+01    9.7654e-05    4.9336e-05    1.1051e-04    1.1737e-03    3.1202e-03    3.0028e-03    2.0167e-03    2.8367e-03    5.7349e-03
 -1.1925e+01    9.7502e-05    4.9289e-05    1.1040e-04    1.1746e-03    3.1410e-03    3.0137e-03    2.0172e-03    2.8385e-03    5.7571e-03
 -1.1893e+01    9.7349e-05    4.9242e-05    1.1029e-04    1.1754e-03    3.1617e-03    3.0247e-03    2.0176e-03    2.8402e-03    5.7794e-03
 -1.1862e+01    9.7194e-05    4.9195e-05    1.1018e-04    1.1762e-03    3.1824e-03    3.0355e-03    2.0180e-03    2.8418e-03    5.8017e-03
 -1.1830e+01    9.7038e-05    4.9148e-05    1.1007e-04    1.1770e-03    3.2029e-03    3.0463e-03    2.0183e-03    2.8434e-03    5.8241e-03
 -1.1799e+01    9.6881e-05    4.9100e-05    1.0996e-04    1.1778e-03    3.2234e-03    3.0570e-03    2.0186e-03    2.8448e-03    5.8466e-03
 -1.1767e+01    9.6722e-05    4.9053e-05    1.0985e-04    1.1785e-03    3.2438e-03    3.0676e-03    2.0188e-03    2.8462e-03    5.8692e-03
 -1.1736e+01    9.6561e-05    4.9004e-05    1.0973e-04    1.1793e-03    3.2641e-03    3.0781e-03    2.0190e-03    2.8475e-03    5.8919e-03
 -1.1704e+01    9.6398e-05    4.8956e-05    1.0962e-04    1.1799e-03    3.2843e-03    3.0886e-03    2.0191e-03    2.8487e-03    5.9147e-03
 -1.1673e+01    9.6232e-05    4.8907e-05    1.0950e-04    1.1806e-03    3.3044e-03    3.0990e-03    2.0192e-03    2.8499e-03    5.9376e-03
 -1.1642e+01    9.6065e-05    4.8857e-05    1.0938e-04    1.1812e-03    3.3244e-03    3.1093e-03    2.0192e-03    2.8509e-03    5.9607e-03
 -1.1610e+01    9.5895e-05    4.8807e-05    1.0926e-04    1.1818e-03    3.3443e-03    3.1195e-03    2.0191e-03    2.8518e-03    5.9839e-03
 -1.1579e+01    9.5723e-05    4.8756e-05    1.0914e-04    1.1824e-03    3.3641e-03    3.1297e-03    2.0190e-03    2.8526e-03    6.0073e-03
 -1.1547e+01    9.5548e-05    4.8704e-05    1.0902e-04    1.1829e-03    3.3838e-03    3.1398e-03    2.0188e-03    2.8534e-03    6.0309e-03
 -1.1516e+01    9.5371e-05    4.8652e-05    1.0889e-04    1.1834e-03    3.4034e-03    3.1499e-03    2.0185e-03    2.8540e-03    6.0546e-03
 -1.1484e+01    9.5191e-05    4.8599e-05    1.0876e-04    1.1838e-03    3.4228e-03    3.1598e-03    2.0182e-03    2.8545e-03    6.0786e-03
 -1.1453e+01    9.5008e-05    4.8545e-05    1.0863e-04    1.1843e-03    3.4422e-03    3.1698e-03    2.0178e-03    2.8549e-03    6.1027e-03
 -1.1421e+01    9.4823e-05    4.8490e-05    1.0849e-04    1.1846e-03    3.4615e-03    3.1797e-03    2.0174e-03    2.8551e-03    6.1271e-03
 -1.1390e+01    9.4635e-05    4.8435e-05    1.0835e-04    1.1850e-03    3.4806e-03    3.1895e-03    2.0168e-03    2.8553e-03    6.1516e-03
 -1.1358e+01    9.4445e-05    4.8378e-05    1.0821e-04    1.1853e-03    3.4996e-03    3.1993e-03    2.0162e-03    2.8553e-03    6.1764e-03
 -1.1327e+01    9.4252e-05    4.8321e-05    1.0806e-04    1.1855e-03    3.5185e-03    3.2091e-03    2.0156e-03    2.8553e-03    6.2015e-03
 -1.1295e+01    9.4057e-05    4.8263e-05    1.0791e-04    1.1857e-03    3.5372e-03    3.2188e-03    2.0148e-03    2.8551e-03    6.2268e-03
 -1.1264e+01    9.3860e-05    4.8203e-05    1.0776e-04    1.1859e-03    3.5558e-03    3.2285e-03    2.0140e-03    2.8547e-03    6.2524e-03
 -1.1233e+01    9.3661e-05    4.8143e-05    1.0760e-04    1.1860e-03    3.5743e-03    3.2382e-03    2.0132e-03    2.8543e-03    6.2782e-03
 -1.1201e+01    9.3459e-05    4.8082e-05    1.0744e-04    1.1861e-03    3.5927e-03    3.2479e-03    2.0122e-03    2.8537e-03    6.3043e-03
 -1.1170e+01    9.3256e-05    4.8020e-05    1.0727e-04    1.1861e-03    3.6109e-03    3.2575e-03    2.0113e-03    2.8530e-03    6.3307e-03
 -1.1138e+01    9.3051e-05    4.7956e-05    1.0710e-04    1.1860e-03    3.6289e-03    3.2672e-03    2.0102e-03    2.8521e-03    6.3574e-03
 -1.1107e+01    9.2844e-05    4.7892e-05    1.0692e-04    1.1860e-03    3.6468e-03    3.2769e-03    2.0091e-03    2.8512e-03    6.3844e-03
 -1.1075e+01    9.2636e-05    4.7826e-05    1.0674e-04    1.1858e-03    3.6645e-03    3.2866e-03    2.0079e-03    2.8501e-03    6.4118e-03
 -1.1044e+01    9.2427e-05    4.7760e-05    1.0655e-04    1.1856e-03    3.6821e-03    3.2964e-03    2.0067e-03    2.8488e-03    6.4394e-03
 -1.1012e+01    9.2217e-05    4.7692e-05    1.0636e-04    1.1854e-03    3.6995e-03    3.3062e-03    2.0054e-03    2.8474e-03    6.4673e-03
 -1.0981e+01    9.2006e-05    4.7623e-05    1.0616e-04    1.1851e-03    3.7167e-03    3.3160e-03    2.0041e-03    2.8459e-03    6.4956e-03
 -1.0949e+01    9.1795e-05    4.7553e-05    1.0596e-04    1.1848e-03    3.7338e-03    3.3259e-03    2.0027e-03    2.8443e-03    6.5241e-03
 -1.0918e+01    9.1583e-05    4.7482e-05    1.0575e-04    1.1843e-03    3.7506e-03    3.3358e-03    2.0012e-03    2.8425e-03    6.5530e-03
 -1.0886e+01    9.1372e-05    4.7410e-05    1.0554e-04    1.1839e-03    3.7673e-03    3.3458e-03    1.9997e-03    2.8406e-03    6.5822e-03
 -1.0855e+01    9.1160e-05    4.7337e-05    1.0532e-04    1.1834e-03    3.7838e-03    3.3559e-03    1.9982e-03    2.8385e-03    6.6118e-03
 -1.0823e+01    9.0949e-05    4.7262e-05    1.0509e-04    1.1828e-03    3.8000e-03    3.3661e-03    1.9966e-03    2.8363e-03    6.6416e-03
 -1.0792e+01    9.0739e-05    4.7187e-05    1.0486e-04    1.1821e-03    3.8161e-03    3.3763e-03    1.9950e-03    2.8340e-03    6.6718e-03
 -1.0761e+01    9.0529e-05    4.7110e-05    1.0462e-04    1.1814e-03    3.8319e-03    3.3867e-03    1.9933e-03    2.8315e-03    6.7023e-03
 -1.0729e+01    9.0320e-05    4.7032e-05    1.0437e-04    1.1806e-03    3.8476e-03    3.3972e-03    1.9916e-03    2.8289e-03    6.7331e-03
 -1.0698e+01    9.0113e-05    4.6952e-05    1.0412e-04    1.1798e-03    3.8630e-03    3.4078e-03    1.9899e-03    2.8262e-03    6.7642e-03
 -1.0666e+01    8.9907e-05    4.6872e-05    1.0386e-04    1.1788e-03    3.8781e-03    3.4185e-03    1.9881e-03    2.8233e-03    6.7956e-03
 -1.0635e+01    8.9702e-05    4.6790e-05    1.0359e-04    1.1779e-03    3.8931e-03    3.4293e-03    1.9863e-03    2.8203e-03    6.8273e-03
 -1.0603e+01    8.9500e-05    4.6707e-05    1.0332e-04    1.1768e-03    3.9077e-03    3.4403e-03    1.9845e-03    2.8172e-03    6.8593e-03
 -1.0572e+01    8.9299e-05    4.6623e-05    1.0304e-04    1.1757e-03    3.9222e-03    3.4514e-03    1.9826e-03    2.8139e-03    6.8915e-03
 -1.0540e+01    8.9100e-05    4.6538e-05    1.0275e-04    1.1745e-03    3.9363e-03    3.4626e-03    1.9807e-03    2.8105e-03    6.9240e-03
 -1.0509e+01    8.8903e-05    4.6452e-05    1.0246e-04    1.1732e-03    3.9503e-03    3.4740e-03    1.9788e-03    2.8070e-03    6.9568e-03
 -1.0477e+01    8.8709e-05    4.6364e-05    1.0216e-04    1.1718e-03    3.9639e-03    3.4856e-03    1.9769e-03    2.8034e-03    6.9897e-03
 -1.0446e+01    8.8516e-05    4.6275e-05    1.0185e-04    1.1704e-03    3.9773e-03    3.4973e-03    1.9749e-03    2.7996e-03    7.0229e-03
 -1.0414e+01    8.8326e-05    4.6184e-05    1.0154e-04    1.1689e-03    3.9904e-03    3.5092e-03    1.9729e-03    2.7957e-03    7.0563e-03
 -1.0383e+01    8.8139e-05    4.6093e-05    1.0121e-04    1.1673e-03    4.0032e-03    3.5212e-03    1.9709e-03    2.7916e-03    7.0899e-03
 -1.0352e+01    8.7953e-05    4.6000e-05    1.0088e-04    1.1656e-03    4.0157e-03    3.5334e-03    1.9689e-03    2.7875e-03    7.1237e-03
 -1.0320e+01    8.7770e-05    4.5905e-05    1.0055e-04    1.1638e-03    4.0279e-03    3.5457e-03    1.9668e-03    2.7832e-03    7.1576e-03
 -1.0289e+01    8.7589e-05    4.5810e-05    1.0020e-04    1.1620e-03    4.0399e-03    3.5582e-03    1.9647e-03    2.7787e-03    7.1916e-03
 -1.0257e+01    8.7410e-05    4.5713e-05    9.9853e-05    1.1600e-03    4.0515e-03    3.5709e-03    1.9627e-03    2.7742e-03    7.2257e-03
 -1.0226e+01    8.7233e-05    4.5614e-05    9.9495e-05    1.1580e-03    4.0628e-03    3.5837e-03    1.9605e-03    2.7695e-03    7.2599e-03
 -1.0194e+01    8.7058e-05    4.5515e-05    9.9131e-05    1.1559e-03    4.0738e-03    3.5967e-03    1.9584e-03    2.7647e-03    7.2942e-03
 -1.0163e+01    8.6884e-05    4.5413e-05    9.8759e-05    1.1537e-03    4.0845e-03    3.6098e-03    1.9562e-03    2.7598e-03    7.3285e-03
 -1.0131e+01    8.6712e-05    4.5311e-05    9.8381e-05    1.1514e-03    4.0949e-03    3.6231e-03    1.9541e-03    2.7547e-03    7.3629e-03
 -1.0100e+01    8.6540e-05    4.5207e-05    9.7996e-05    1.1490e-03    4.1050e-03    3.6365e-03    1.9519e-03    2.7495e-03    7.3972e-03
 -1.0068e+01    8.6370e-05    4.5101e-05    9.7605e-05    1.1465e-03    4.1148e-03    3.6501e-03    1.9496e-03    2.7442e-03    7.4315e-03
 -1.0037e+01    8.6200e-05    4.4994e-05    9.7207e-05    1.1439e-03    4.1242e-03    3.6638e-03    1.9474e-03    2.7387e-03    7.4657e-03
 -1.0005e+01    8.6031e-05    4.4885e-05    9.6802e-05    1.1412e-03    4.1333e-03    3.6775e-03    1.9451e-03    2.7331e-03    7.4999e-03
 -9.9740e+00    8.5861e-05    4.4775e-05    9.6392e-05    1.1384e-03    4.1421e-03    3.6915e-03    1.9428e-03    2.7274e-03    7.5339e-03
 -9.9425e+00    8.5691e-05    4.4663e-05    9.5975e-05    1.1355e-03    4.1506e-03    3.7055e-03    1.9405e-03    2.7216e-03    7.5678e-03
 -9.9110e+00    8.5520e-05    4.4550e-05    9.5552e-05    1.1325e-03    4.1588e-03    3.7196e-03    1.9381e-03    2.7156e-03    7.6016e-03
 -9.8796e+00    8.5348e-05    4.4435e-05    9.5123e-05    1.1295e-03    4.1666e-03    3.7337e-03    1.9357e-03    2.7094e-03    7.6351e-03
 -9.8481e+00    8.5174e-05    4.4318e-05    9.4689e-05    1.1263e-03    4.1742e-03    3.7480e-03    1.9333e-03    2.7032e-03    7.6685e-03
 -9.8166e+00    8.4997e-05    4.4200e-05    9.4249e-05    1.1230e-03    4.1814e-03    3.7623e-03    1.9309e-03    2.6968e-03    7.7016e-03
 -9.7852e+00    8.4818e-05    4.4079e-05    9.3803e-05    1.1196e-03    4.1883e-03    3.7767e-03    1.9284e-03    2.6902e-03    7.7344e-03
 -9.7537e+00    8.4636e-05    4.3957e-05    9.3352e-05    1.1161e-03    4.1949e-03    3.7910e-03    1.9258e-03    2.6835e-03    7.7670e-03
 -9.7223e+00    8.4450e-05    4.3834e-05    9.2896e-05    1.1125e-03    4.2013e-03    3.8054e-03    1.9233e-03    2.6767e-03    7.7992e-03
 -9.6908e+00    8.4260e-05    4.3708e-05    9.2436e-05    1.1087e-03    4.2073e-03    3.8198e-03    1.9206e-03    2.6697e-03    7.8311e-03
 -9.6593e+00    8.4065e-05    4.3581e-05    9.1970e-05    1.1049e-03    4.2130e-03    3.8342e-03    1.9180e-03    2.6625e-03    7.8626e-03
 -9.6279e+00    8.3865e-05    4.3451e-05    9.1500e-05    1.1010e-03    4.2185e-03    3.8486e-03    1.9153e-03    2.6553e-03    7.8938e-03
 -9.5964e+00    8.3659e-05    4.3320e-05    9.1025e-05    1.0969e-03    4.2237e-03    3.8629e-03    1.9125e-03    2.6478e-03    7.9245e-03
 -9.5649e+00    8.3447e-05    4.3187e-05    9.0546e-05    1.0927e-03    4.2286e-03    3.8772e-03    1.9097e-03    2.6402e-03    7.9548e-03
 -9.5335e+00    8.3228e-05    4.3052e-05    9.0063e-05    1.0885e-03    4.2333e-03    3.8914e-03    1.9069e-03    2.6324e-03    7.9846e-03
 -9.5020e+00    8.3002e-05    4.2915e-05    8.9576e-05    1.0841e-03    4.2377e-03    3.9055e-03    1.9040e-03    2.6245e-03    8.0140e-03
 -9.4705e+00    8.2768e-05    4.2776e-05    8.9086e-05    1.0796e-03    4.2419e-03    3.9195e-03    1.9010e-03    2.6164e-03    8.0429e-03
 -9.4391e+00    8.2525e-05    4.2635e-05    8.8592e-05    1.0750e-03    4.2459e-03    3.9334e-03    1.8980e-03    2.6082e-03    8.0713e-03
 -9.4076e+00    8.2274e-05    4.2492e-05    8.8094e-05    1.0703e-03    4.2497e-03    3.9471e-03    1.8950e-03    2.5997e-03    8.0992e-03
 -9.3762e+00    8.2013e-05    4.2347e-05    8.7594e-05    1.0654e-03    4.2532e-03    3.9607e-03    1.8919e-03    2.5911e-03    8.1265e-03
 -9.3447e+00    8.1743e-05    4.2200e-05    8.7090e-05    1.0605e-03    4.2566e-03    3.9741e-03    1.8887e-03    2.5824e-03    8.1533e-03
 -9.3132e+00    8.1462e-05    4.2051e-05    8.6584e-05    1.0554e-03    4.2597e-03    3.9874e-03    1.8855e-03    2.5734e-03    8.1796e-03
 -9.2818e+00    8.1171e-05    4.1899e-05    8.6075e-05    1.0503e-03    4.2627e-03    4.0004e-03    1.8822e-03    2.5643e-03    8.2052e-03
 -9.2503e+00    8.0869e-05    4.1746e-05    8.5563e-05    1.0450e-03    4.2656e-03    4.0132e-03    1.8788e-03    2.5550e-03    8.2304e-03
 -9.2188e+00    8.0555e-05    4.1591e-05    8.5050e-05    1.0396e-03    4.2683e-03    4.0258e-03    1.8754e-03    2.5456e-03    8.2549e-03
 -9.1874e+00    8.0230e-05    4.1434e-05    8.4534e-05    1.0341e-03    4.2709e-03    4.0381e-03    1.8719e-03    2.5359e-03    8.2789e-03
 -9.1559e+00    7.9893e-05    4.1274e-05    8.4016e-05    1.0285e-03    4.2734e-03    4.0502e-03    1.8684e-03    2.5261e-03    8.3022e-03
 -9.1244e+00    7.9544e-05    4.1113e-05    8.3497e-05    1.0228e-03    4.2758e-03    4.0620e-03    1.8648e-03    2.5161e-03    8.3250e-03
 -9.0930e+00    7.9182e-05    4.0949e-05    8.2976e-05    1.0170e-03    4.2781e-03    4.0735e-03    1.8612e-03    2.5059e-03    8.3473e-03
 -9.0615e+00    7.8807e-05    4.0784e-05    8.2453e-05    1.0111e-03    4.2803e-03    4.0847e-03    1.8575e-03    2.4955e-03    8.3689e-03
 -9.0301e+00    7.8420e-05    4.0616e-05    8.1930e-05    1.0050e-03    4.2825e-03    4.0956e-03    1.8538e-03    2.4850e-03    8.3900e-03
 -8.9986e+00    7.8020e-05    4.0447e-05    8.1405e-05    9.9889e-04    4.2846e-03    4.1062e-03    1.8500e-03    2.4743e-03    8.4105e-03
 -8.9671e+00    7.7607e-05    4.0276e-05    8.0879e-05    9.9265e-04    4.2868e-03    4.1165e-03    1.8462e-03    2.4633e-03    8.4305e-03
 -8.9357e+00    7.7181e-05    4.0102e-05    8.0353e-05    9.8631e-04    4.2889e-03    4.1264e-03    1.8423e-03    2.4523e-03    8.4500e-03
 -8.9042e+00    7.6741e-05    3.9927e-05    7.9826e-05    9.7987e-04    4.2910e-03    4.1359e-03    1.8384e-03    2.4410e-03    8.4689e-03
 -8.8727e+00    7.6289e-05    3.9750e-05    7.9298e-05    9.7333e-04    4.2932e-03    4.1451e-03    1.8344e-03    2.4295e-03    8.4873e-03
 -8.8413e+00    7.5824e-05    3.9572e-05    7.8770e-05    9.6670e-04    4.2954e-03    4.1540e-03    1.8304e-03    2.4179e-03    8.5053e-03
 -8.8098e+00    7.5347e-05    3.9391e-05    7.8242e-05    9.5997e-04    4.2976e-03    4.1624e-03    1.8264e-03    2.4061e-03    8.5227e-03
 -8.7783e+00    7.4857e-05    3.9209e-05    7.7714e-05    9.5316e-04    4.2999e-03    4.1705e-03    1.8224e-03    2.3942e-03    8.5398e-03
 -8.7469e+00    7.4354e-05    3.9025e-05    7.7186e-05    9.4625e-04    4.3023e-03    4.1782e-03    1.8183e-03    2.3821e-03    8.5564e-03
 -8.7154e+00    7.3840e-05    3.8840e-05    7.6659e-05    9.3926e-04    4.3048e-03    4.1855e-03    1.8142e-03    2.3698e-03    8.5726e-03
 -8.6840e+00    7.3313e-05    3.8653e-05    7.6131e-05    9.3218e-04    4.3075e-03    4.1925e-03    1.8101e-03    2.3574e-03    8.5884e-03
 -8.6525e+00    7.2776e-05    3.8464e-05    7.5605e-05    9.2503e-04    4.3102e-03    4.1990e-03    1.8060e-03    2.3448e-03    8.6039e-03
 -8.6210e+00    7.2227e-05    3.8274e-05    7.5078e-05    9.1779e-04    4.3131e-03    4.2052e-03    1.8018e-03    2.3320e-03    8.6191e-03
 -8.5896e+00    7.1667e-05    3.8083e-05    7.4553e-05    9.1048e-04    4.3161e-03    4.2109e-03    1.7977e-03    2.3191e-03    8.6339e-03
 -8.5581e+00    7.1098e-05    3.7890e-05    7.4028e-05    9.0310e-04    4.3193e-03    4.2163e-03    1.7936e-03    2.3061e-03    8.6486e-03
 -8.5266e+00    7.0519e-05    3.7697e-05    7.3505e-05    8.9565e-04    4.3226e-03    4.2213e-03    1.7895e-03    2.2930e-03    8.6630e-03
 -8.4952e+00    6.9931e-05    3.7502e-05    7.2982e-05    8.8813e-04    4.3262e-03    4.2260e-03    1.7854e-03    2.2797e-03    8.6773e-03
 -8.4637e+00    6.9334e-05    3.7306e-05    7.2461e-05    8.8055e-04    4.3299e-03    4.2302e-03    1.7813e-03    2.2663e-03    8.6914e-03
 -8.4322e+00    6.8729e-05    3.7109e-05    7.1941e-05    8.7292e-04    4.3338e-03    4.2341e-03    1.7773e-03    2.2528e-03    8.7054e-03
 -8.4008e+00    6.8116e-05    3.6911e-05    7.1422e-05    8.6523e-04    4.3379e-03    4.2376e-03    1.7733e-03    2.2391e-03    8.7193e-03
 -8.3693e+00    6.7497e-05    3.6713e-05    7.0905e-05    8.5749e-04    4.3423e-03    4.2408e-03    1.7693e-03    2.2254e-03    8.7332e-03
 -8.3379e+00    6.6872e-05    3.6513e-05    7.0390e-05    8.4970e-04    4.3468e-03    4.2436e-03    1.7654e-03    2.2116e-03    8.7471e-03
 -8.3064e+00    6.6241e-05    3.6313e-05    6.9876e-05    8.4187e-04    4.3516e-03    4.2461e-03    1.7615e-03    2.1977e-03    8.7611e-03
 -8.2749e+00    6.5606e-05    3.6113e-05    6.9364e-05    8.3400e-04    4.3566e-03    4.2482e-03    1.7577e-03    2.1837e-03    8.7751e-03
 -8.2435e+00    6.4966e-05    3.5912e-05    6.8854e-05    8.2609e-04    4.3619e-03    4.2500e-03    1.7539e-03    2.1697e-03    8.7893e-03
 -8.2120e+00    6.4324e-05    3.5711e-05    6.8346e-05    8.1816e-04    4.3673e-03    4.2516e-03    1.7502e-03    2.1556e-03    8.8036e-03
 -8.1805e+00    6.3678e-05    3.5509e-05    6.7840e-05    8.1020e-04    4.3730e-03    4.2528e-03    1.7466e-03    2.1415e-03    8.8182e-03
 -8.1491e+00    6.3031e-05    3.5307e-05    6.7336e-05    8.0221e-04    4.3789e-03    4.2538e-03    1.7430e-03    2.1273e-03    8.8330e-03
 -8.1176e+00    6.2382e-05    3.5105e-05    6.6834e-05    7.9421e-04    4.3851e-03    4.2545e-03    1.7396e-03    2.1131e-03    8.8481e-03
 -8.0861e+00    6.1733e-05    3.4903e-05    6.6335e-05    7.8620e-04    4.3915e-03    4.2549e-03    1.7362e-03    2.0989e-03    8.8635e-03
 -8.0547e+00    6.1085e-05    3.4701e-05    6.5838e-05    7.7817e-04    4.3981e-03    4.2551e-03    1.7328e-03    2.0847e-03    8.8793e-03
 -8.0232e+00    6.0437e-05    3.4500e-05    6.5343e-05    7.7014e-04    4.4050e-03    4.2551e-03    1.7296e-03    2.0705e-03    8.8954e-03
 -7.9918e+00    5.9792e-05    3.4298e-05    6.4851e-05    7.6211e-04    4.4120e-03    4.2549e-03    1.7265e-03    2.0562e-03    8.9121e-03
 -7.9603e+00    5.9148e-05    3.4097e-05    6.4361e-05    7.5408e-04    4.4193e-03    4.2546e-03    1.7234e-03    2.0421e-03    8.9292e-03
 -7.9288e+00    5.8509e-05    3.3896e-05    6.3874e-05    7.4606e-04    4.4268e-03    4.2540e-03    1.7204e-03    2.0279e-03    8.9468e-03
 -7.8974e+00    5.7873e-05    3.3696e-05    6.3390e-05    7.3805e-04    4.4344e-03    4.2533e-03    1.7176e-03    2.0138e-03    8.9649e-03
 -7.8659e+00    5.7241e-05    3.3497e-05    6.2908e-05    7.3006e-04    4.4423e-03    4.2525e-03    1.7148e-03    1.9998e-03    8.9837e-03
 -7.8344e+00    5.6615e-05    3.3298e-05    6.2430e-05    7.2209e-04    4.4503e-03    4.2516e-03    1.7121e-03    1.9858e-03    9.0030e-03
 -7.8030e+00    5.5995e-05    3.3100e-05    6.1953e-05    7.1414e-04    4.4585e-03    4.2506e-03    1.7096e-03    1.9719e-03    9.0230e-03
 -7.7715e+00    5.5382e-05    3.2903e-05    6.1480e-05    7.0622e-04    4.4669e-03    4.2495e-03    1.7071e-03    1.9581e-03    9.0436e-03
 -7.7400e+00    5.4775e-05    3.2707e-05    6.1010e-05    6.9833e-04    4.4753e-03    4.2484e-03    1.7047e-03    1.9444e-03    9.0649e-03
 -7.7086e+00    5.4177e-05    3.2511e-05    6.0542e-05    6.9047e-04    4.4840e-03    4.2472e-03    1.7024e-03    1.9309e-03    9.0869e-03
 -7.6771e+00    5.3587e-05    3.2317e-05    6.0078e-05    6.8266e-04    4.4927e-03    4.2461e-03    1.7002e-03    1.9174e-03    9.1096e-03
 -7.6457e+00    5.3005e-05    3.2124e-05    5.9616e-05    6.7489e-04    4.5015e-03    4.2450e-03    1.6981e-03    1.9041e-03    9.1331e-03
 -7.6142e+00    5.2433e-05    3.1932e-05    5.9158e-05    6.6717e-04    4.5104e-03    4.2439e-03    1.6961e-03    1.8909e-03    9.1573e-03
 -7.5827e+00    5.1871e-05    3.1742e-05    5.8702e-05    6.5949e-04    4.5194e-03    4.2428e-03    1.6942e-03    1.8779e-03    9.1823e-03
 -7.5513e+00    5.1319e-05    3.1553e-05    5.8250e-05    6.5187e-04    4.5284e-03    4.2419e-03    1.6923e-03    1.8650e-03    9.2081e-03
 -7.5198e+00    5.0777e-05    3.1365e-05    5.7801e-05    6.4430e-04    4.5375e-03    4.2410e-03    1.6905e-03    1.8524e-03    9.2347e-03
 -7.4883e+00    5.0247e-05    3.1179e-05    5.7354e-05    6.3680e-04    4.5466e-03    4.2403e-03    1.6888e-03    1.8399e-03    9.2620e-03
 -7.4569e+00    4.9727e-05    3.0994e-05    5.6911e-05    6.2935e-04    4.5556e-03    4.2397e-03    1.6871e-03    1.8276e-03    9.2902e-03
 -7.4254e+00    4.9220e-05    3.0811e-05    5.6471e-05    6.2197e-04    4.5647e-03    4.2393e-03    1.6855e-03    1.8156e-03    9.3191e-03
 -7.3939e+00    4.8724e-05    3.0629e-05    5.6034e-05    6.1466e-04    4.5737e-03    4.2390e-03    1.6840e-03    1.8037e-03    9.3488e-03
 -7.3625e+00    4.8241e-05    3.0449e-05    5.5600e-05    6.0741e-04    4.5826e-03    4.2390e-03    1.6825e-03    1.7921e-03    9.3793e-03
 -7.3310e+00    4.7769e-05    3.0271e-05    5.5170e-05    6.0024e-04    4.5914e-03    4.2391e-03    1.6810e-03    1.7807e-03    9.4105e-03
 -7.2996e+00    4.7311e-05    3.0095e-05    5.4742e-05    5.9314e-04    4.6002e-03    4.2395e-03    1.6796e-03    1.7696e-03    9.4425e-03
 -7.2681e+00    4.6864e-05    2.9920e-05    5.4318e-05    5.8612e-04    4.6088e-03    4.2402e-03    1.6782e-03    1.7588e-03    9.4752e-03
 -7.2366e+00    4.6431e-05    2.9747e-05    5.3897e-05    5.7917e-04    4.6173e-03    4.2411e-03    1.6768e-03    1.7482e-03    9.5086e-03
 -7.2052e+00    4.6010e-05    2.9576e-05    5.3479e-05    5.7230e-04    4.6256e-03    4.2423e-03    1.6753e-03    1.7378e-03    9.5427e-03
 -7.1737e+00    4.5601e-05    2.9407e-05    5.3065e-05    5.6552e-04    4.6338e-03    4.2438e-03    1.6739e-03    1.7278e-03    9.5775e-03
 -7.1422e+00    4.5206e-05    2.9240e-05    5.2653e-05    5.5881e-04    4.6417e-03    4.2456e-03    1.6725e-03    1.7181e-03    9.6129e-03
 -7.1108e+00    4.4823e-05    2.9075e-05    5.2245e-05    5.5219e-04    4.6494e-03    4.2477e-03    1.6710e-03    1.7086e-03    9.6489e-03
 -7.0793e+00    4.4453e-05    2.8912e-05    5.1840e-05    5.4565e-04    4.6569e-03    4.2502e-03    1.6695e-03    1.6995e-03    9.6854e-03
 -7.0478e+00    4.4095e-05    2.8751e-05    5.1438e-05    5.3920e-04    4.6641e-03    4.2530e-03    1.6680e-03    1.6907e-03    9.7225e-03
 -7.0164e+00    4.3749e-05    2.8591e-05    5.1040e-05    5.3283e-04    4.6711e-03    4.2561e-03    1.6664e-03    1.6822e-03    9.7600e-03
 -6.9849e+00    4.3415e-05    2.8434e-05    5.0644e-05    5.2655e-04    4.6777e-03    4.2596e-03    1.6647e-03    1.6740e-03    9.7980e-03
 -6.9535e+00    4.3094e-05    2.8279e-05    5.0252e-05    5.2036e-04    4.6841e-03    4.2635e-03    1.6630e-03    1.6662e-03    9.8364e-03
 -6.9220e+00    4.2784e-05    2.8126e-05    4.9864e-05    5.1425e-04    4.6901e-03    4.2677e-03    1.6612e-03    1.6587e-03    9.8751e-03
 -6.8905e+00    4.2485e-05    2.7975e-05    4.9478e-05    5.0824e-04    4.6957e-03    4.2723e-03    1.6592e-03    1.6515e-03    9.9141e-03
 -6.8591e+00    4.2197e-05    2.7826e-05    4.9096e-05    5.0230e-04    4.7010e-03    4.2773e-03    1.6572e-03    1.6447e-03    9.9534e-03
 -6.8276e+00    4.1921e-05    2.7678e-05    4.8717e-05    4.9646e-04    4.7059e-03    4.2826e-03    1.6551e-03    1.6383e-03    9.9929e-03
 -6.7961e+00    4.1654e-05    2.7533e-05    4.8341e-05    4.9070e-04    4.7104e-03    4.2884e-03    1.6528e-03    1.6322e-03    1.0032e-02
 -6.7647e+00    4.1398e-05    2.7390e-05    4.7969e-05    4.8503e-04    4.7145e-03    4.2944e-03    1.6504e-03    1.6265e-03    1.0072e-02
 -6.7332e+00    4.1152e-05    2.7249e-05    4.7600e-05    4.7945e-04    4.7182e-03    4.3009e-03    1.6478e-03    1.6211e-03    1.0112e-02
 -6.7017e+00    4.0915e-05    2.7110e-05    4.7235e-05    4.7396e-04    4.7215e-03    4.3076e-03    1.6452e-03    1.6161e-03    1.0151e-02
 -6.6703e+00    4.0687e-05    2.6973e-05    4.6873e-05    4.6855e-04    4.7243e-03    4.3147e-03    1.6423e-03    1.6115e-03    1.0191e-02
 -6.6388e+00    4.0467e-05    2.6838e-05    4.6514e-05    4.6322e-04    4.7267e-03    4.3222e-03    1.6393e-03    1.6073e-03    1.0230e-02
 -6.6074e+00    4.0255e-05    2.6705e-05    4.6159e-05    4.5799e-04    4.7286e-03    4.3299e-03    1.6361e-03    1.6034e-03    1.0270e-02
 -6.5759e+00    4.0052e-05    2.6574e-05    4.5807e-05    4.5283e-04    4.7301e-03    4.3380e-03    1.6327e-03    1.5999e-03    1.0308e-02
 -6.5444e+00    3.9855e-05    2.6445e-05    4.5459e-05    4.4776e-04    4.7310e-03    4.3463e-03    1.6291e-03    1.5968e-03    1.0347e-02
 -6.5130e+00    3.9665e-05    2.6318e-05    4.5114e-05    4.4277e-04    4.7315e-03    4.3549e-03    1.6254e-03    1.5941e-03    1.0385e-02
 -6.4815e+00    3.9482e-05    2.6193e-05    4.4773e-05    4.3787e-04    4.7315e-03    4.3638e-03    1.6214e-03    1.5918e-03    1.0423e-02
 -6.4500e+00    3.9304e-05    2.6069e-05    4.4436e-05    4.3304e-04    4.7310e-03    4.3728e-03    1.6173e-03    1.5899e-03    1.0460e-02
 -6.4186e+00    3.9132e-05    2.5948e-05    4.4102e-05    4.2830e-04    4.7301e-03    4.3821e-03    1.6129e-03    1.5883e-03    1.0497e-02
 -6.3871e+00    3.8965e-05    2.5828e-05    4.3772e-05    4.2363e-04    4.7286e-03    4.3916e-03    1.6083e-03    1.5871e-03    1.0533e-02
 -6.3556e+00    3.8802e-05    2.5710e-05    4.3445e-05    4.1905e-04    4.7266e-03    4.4011e-03    1.6036e-03    1.5864e-03    1.0568e-02
 -6.3242e+00    3.8643e-05    2.5594e-05    4.3122e-05    4.1454e-04    4.7242e-03    4.4108e-03    1.5986e-03    1.5860e-03    1.0603e-02
 -6.2927e+00    3.8488e-05    2.5480e-05    4.2803e-05    4.1010e-04    4.7213e-03    4.4206e-03    1.5933e-03    1.5860e-03    1.0636e-02
 -6.2613e+00    3.8336e-05    2.5368e-05    4.2488e-05    4.0574e-04    4.7179e-03    4.4305e-03    1.5879e-03    1.5863e-03    1.0669e-02
 -6.2298e+00    3.8187e-05    2.5257e-05    4.2177e-05    4.0146e-04    4.7140e-03    4.4404e-03    1.5823e-03    1.5871e-03    1.0701e-02
 -6.1983e+00    3.8039e-05    2.5148e-05    4.1869e-05    3.9725e-04    4.7096e-03    4.4502e-03    1.5764e-03    1.5882e-03    1.0733e-02
 -6.1669e+00    3.7894e-05    2.5041e-05    4.1566e-05    3.9311e-04    4.7048e-03    4.4601e-03    1.5703e-03    1.5897e-03    1.0763e-02
 -6.1354e+00    3.7750e-05    2.4935e-05    4.1266e-05    3.8904e-04    4.6996e-03    4.4698e-03    1.5640e-03    1.5916e-03    1.0792e-02
 -6.1039e+00    3.7607e-05    2.4831e-05    4.0970e-05    3.8504e-04    4.6939e-03    4.4795e-03    1.5575e-03    1.5939e-03    1.0820e-02
 -6.0725e+00    3.7464e-05    2.4729e-05    4.0679e-05    3.8110e-04    4.6878e-03    4.4890e-03    1.5508e-03    1.5965e-03    1.0847e-02
 -6.0410e+00    3.7322e-05    2.4628e-05    4.0391e-05    3.7724e-04    4.6813e-03    4.4983e-03    1.5439e-03    1.5995e-03    1.0873e-02
 -6.0095e+00    3.7180e-05    2.4529e-05    4.0108e-05    3.7344e-04    4.6743e-03    4.5074e-03    1.5368e-03    1.6028e-03    1.0898e-02
 -5.9781e+00    3.7037e-05    2.4431e-05    3.9829e-05    3.6971e-04    4.6671e-03    4.5162e-03    1.5295e-03    1.6066e-03    1.0922e-02
 -5.9466e+00    3.6893e-05    2.4335e-05    3.9554e-05    3.6604e-04    4.6594e-03    4.5247e-03    1.5219e-03    1.6106e-03    1.0945e-02
 -5.9152e+00    3.6748e-05    2.4240e-05    3.9283e-05    3.6243e-04    4.6514e-03    4.5329e-03    1.5142e-03    1.6150e-03    1.0966e-02
 -5.8837e+00    3.6602e-05    2.4147e-05    3.9016e-05    3.5888e-04    4.6431e-03    4.5407e-03    1.5064e-03    1.6198e-03    1.0987e-02
 -5.8522e+00    3.6454e-05    2.4055e-05    3.8754e-05    3.5539e-04    4.6345e-03    4.5481e-03    1.4983e-03    1.6249e-03    1.1006e-02
 -5.8208e+00    3.6304e-05    2.3964e-05    3.8496e-05    3.5197e-04    4.6256e-03    4.5551e-03    1.4901e-03    1.6303e-03    1.1024e-02
 -5.7893e+00    3.6152e-05    2.3875e-05    3.8242e-05    3.4860e-04    4.6165e-03    4.5616e-03    1.4817e-03    1.6360e-03    1.1041e-02
 -5.7578e+00    3.5998e-05    2.3787e-05    3.7992e-05    3.4529e-04    4.6072e-03    4.5675e-03    1.4732e-03    1.6421e-03    1.1056e-02
 -5.7264e+00    3.5841e-05    2.3700e-05    3.7747e-05    3.4203e-04    4.5976e-03    4.5729e-03    1.4645e-03    1.6485e-03    1.1071e-02
 -5.6949e+00    3.5681e-05    2.3615e-05    3.7506e-05    3.3883e-04    4.5879e-03    4.5777e-03    1.4557e-03    1.6551e-03    1.1084e-02
 -5.6634e+00    3.5518e-05    2.3530e-05    3.7270e-05    3.3568e-04    4.5780e-03    4.5819e-03    1.4468e-03    1.6621e-03    1.1096e-02
 -5.6320e+00    3.5353e-05    2.3447e-05    3.7038e-05    3.3259e-04    4.5680e-03    4.5855e-03    1.4378e-03    1.6694e-03    1.1107e-02
 -5.6005e+00    3.5184e-05    2.3365e-05    3.6811e-05    3.2954e-04    4.5580e-03    4.5884e-03    1.4286e-03    1.6769e-03    1.1117e-02
 -5.5691e+00    3.5012e-05    2.3284e-05    3.6588e-05    3.2655e-04    4.5478e-03    4.5905e-03    1.4193e-03    1.6847e-03    1.1125e-02
 -5.5376e+00    3.4837e-05    2.3204e-05    3.6369e-05    3.2361e-04    4.5377e-03    4.5919e-03    1.4100e-03    1.6927e-03    1.1133e-02
 -5.5061e+00    3.4658e-05    2.3125e-05    3.6155e-05    3.2071e-04    4.5275e-03    4.5926e-03    1.4005e-03    1.7010e-03    1.1140e-02
 -5.4747e+00    3.4476e-05    2.3047e-05    3.5945e-05    3.1786e-04    4.5174e-03    4.5925e-03    1.3910e-03    1.7096e-03    1.1145e-02
 -5.4432e+00    3.4291e-05    2.2970e-05    3.5740e-05    3.1506e-04    4.5073e-03    4.5916e-03    1.3815e-03    1.7183e-03    1.1150e-02
 -5.4117e+00    3.4103e-05    2.2894e-05    3.5539e-05    3.1230e-04    4.4973e-03    4.5898e-03    1.3718e-03    1.7273e-03    1.1154e-02
 -5.3803e+00    3.3911e-05    2.2819e-05    3.5342e-05    3.0959e-04    4.4875e-03    4.5872e-03    1.3621e-03    1.7365e-03    1.1156e-02
 -5.3488e+00    3.3716e-05    2.2745e-05    3.5150e-05    3.0692e-04    4.4777e-03    4.5838e-03    1.3524e-03    1.7458e-03    1.1158e-02
 -5.3173e+00    3.3517e-05    2.2671e-05    3.4963e-05    3.0430e-04    4.4682e-03    4.5795e-03    1.3426e-03    1.7554e-03    1.1159e-02
 -5.2859e+00    3.3316e-05    2.2598e-05    3.4780e-05    3.0171e-04    4.4589e-03    4.5743e-03    1.3328e-03    1.7651e-03    1.1159e-02
 -5.2544e+00    3.3112e-05    2.2526e-05    3.4601e-05    2.9916e-04    4.4498e-03    4.5682e-03    1.3230e-03    1.7749e-03    1.1158e-02
 -5.2230e+00    3.2905e-05    2.2454e-05    3.4426e-05    2.9666e-04    4.4410e-03    4.5612e-03    1.3132e-03    1.7849e-03    1.1157e-02
 -5.1915e+00    3.2695e-05    2.2383e-05    3.4256e-05    2.9419e-04    4.4325e-03    4.5533e-03    1.3034e-03    1.7950e-03    1.1155e-02
 -5.1600e+00    3.2482e-05    2.2312e-05    3.4091e-05    2.9176e-04    4.4243e-03    4.5445e-03    1.2936e-03    1.8053e-03    1.1151e-02
 -5.1286e+00    3.2267e-05    2.2242e-05    3.3929e-05    2.8936e-04    4.4165e-03    4.5348e-03    1.2837e-03    1.8156e-03    1.1148e-02
 -5.0971e+00    3.2050e-05    2.2173e-05    3.3772e-05    2.8700e-04    4.4090e-03    4.5242e-03    1.2739e-03    1.8259e-03    1.1143e-02
 -5.0656e+00    3.1831e-05    2.2104e-05    3.3619e-05    2.8467e-04    4.4019e-03    4.5127e-03    1.2642e-03    1.8364e-03    1.1138e-02
 -5.0342e+00    3.1610e-05    2.2035e-05    3.3470e-05    2.8238e-04    4.3952e-03    4.5003e-03    1.2544e-03    1.8469e-03    1.1132e-02
 -5.0027e+00    3.1387e-05    2.1967e-05    3.3325e-05    2.8012e-04    4.3890e-03    4.4870e-03    1.2447e-03    1.8574e-03    1.1126e-02
 -4.9712e+00    3.1163e-05    2.1899e-05    3.3184e-05    2.7789e-04    4.3832e-03    4.4729e-03    1.2350e-03    1.8679e-03    1.1119e-02
 -4.9398e+00    3.0937e-05    2.1831e-05    3.3048e-05    2.7569e-04    4.3779e-03    4.4578e-03    1.2253e-03    1.8784e-03    1.1112e-02
 -4.9083e+00    3.0711e-05    2.1764e-05    3.2915e-05    2.7352e-04    4.3731e-03    4.4419e-03    1.2157e-03    1.8888e-03    1.1103e-02
 -4.8769e+00    3.0484e-05    2.1697e-05    3.2787e-05    2.7138e-04    4.3688e-03    4.4252e-03    1.2061e-03    1.8992e-03    1.1095e-02
 -4.8454e+00    3.0256e-05    2.1630e-05    3.2662e-05    2.6926e-04    4.3650e-03    4.4076e-03    1.1966e-03    1.9096e-03    1.1085e-02
 -4.8139e+00    3.0028e-05    2.1563e-05    3.2541e-05    2.6717e-04    4.3618e-03    4.3893e-03    1.1871e-03    1.9198e-03    1.1075e-02
 -4.7825e+00    2.9799e-05    2.1496e-05    3.2424e-05    2.6511e-04    4.3591e-03    4.3701e-03    1.1777e-03    1.9300e-03    1.1065e-02
 -4.7510e+00    2.9571e-05    2.1429e-05    3.2311e-05    2.6308e-04    4.3570e-03    4.3502e-03    1.1683e-03    1.9400e-03    1.1054e-02
 -4.7195e+00    2.9344e-05    2.1363e-05    3.2201e-05    2.6106e-04    4.3554e-03    4.3296e-03    1.1590e-03    1.9499e-03    1.1042e-02
 -4.6881e+00    2.9117e-05    2.1296e-05    3.2095e-05    2.5908e-04    4.3545e-03    4.3082e-03    1.1497e-03    1.9596e-03    1.1030e-02
 -4.6566e+00    2.8891e-05    2.1229e-05    3.1992e-05    2.5711e-04    4.3542e-03    4.2861e-03    1.1405e-03    1.9691e-03    1.1017e-02
 -4.6251e+00    2.8666e-05    2.1163e-05    3.1893e-05    2.5517e-04    4.3545e-03    4.2634e-03    1.1313e-03    1.9785e-03    1.1003e-02
 -4.5937e+00    2.8442e-05    2.1096e-05    3.1798e-05    2.5325e-04    4.3555e-03    4.2400e-03    1.1222e-03    1.9876e-03    1.0989e-02
 -4.5622e+00    2.8221e-05    2.1030e-05    3.1705e-05    2.5135e-04    4.3572e-03    4.2160e-03    1.1131e-03    1.9964e-03    1.0973e-02
 -4.5308e+00    2.8001e-05    2.0963e-05    3.1616e-05    2.4947e-04    4.3595e-03    4.1914e-03    1.1041e-03    2.0050e-03    1.0958e-02
 -4.4993e+00    2.7784e-05    2.0896e-05    3.1530e-05    2.4761e-04    4.3625e-03    4.1663e-03    1.0952e-03    2.0133e-03    1.0941e-02
 -4.4678e+00    2.7569e-05    2.0829e-05    3.1447e-05    2.4577e-04    4.3663e-03    4.1406e-03    1.0862e-03    2.0213e-03    1.0923e-02
 -4.4364e+00    2.7357e-05    2.0763e-05    3.1368e-05    2.4396e-04    4.3709e-03    4.1144e-03    1.0774e-03    2.0290e-03    1.0905e-02
 -4.4049e+00    2.7149e-05    2.0696e-05    3.1291e-05    2.4216e-04    4.3763e-03    4.0878e-03    1.0685e-03    2.0364e-03    1.0886e-02
 -4.3734e+00    2.6943e-05    2.0629e-05    3.1217e-05    2.4038e-04    4.3825e-03    4.0607e-03    1.0597e-03    2.0434e-03    1.0865e-02
 -4.3420e+00    2.6741e-05    2.0562e-05    3.1145e-05    2.3862e-04    4.3897e-03    4.0332e-03    1.0510e-03    2.0500e-03    1.0844e-02
 -4.3105e+00    2.6544e-05    2.0496e-05    3.1077e-05    2.3688e-04    4.3978e-03    4.0054e-03    1.0422e-03    2.0562e-03    1.0822e-02
 -4.2790e+00    2.6350e-05    2.0429e-05    3.1011e-05    2.3516e-04    4.4071e-03    3.9773e-03    1.0336e-03    2.0621e-03    1.0798e-02
 -4.2476e+00    2.6162e-05    2.0363e-05    3.0947e-05    2.3346e-04    4.4174e-03    3.9488e-03    1.0249e-03    2.0675e-03    1.0773e-02
 -4.2161e+00    2.5978e-05    2.0296e-05    3.0886e-05    2.3179e-04    4.4290e-03    3.9201e-03    1.0163e-03    2.0725e-03    1.0747e-02
 -4.1847e+00    2.5799e-05    2.0230e-05    3.0828e-05    2.3013e-04    4.4419e-03    3.8912e-03    1.0077e-03    2.0770e-03    1.0720e-02
 -4.1532e+00    2.5627e-05    2.0164e-05    3.0771e-05    2.2850e-04    4.4564e-03    3.8622e-03    9.9914e-04    2.0811e-03    1.0692e-02
 -4.1217e+00    2.5460e-05    2.0099e-05    3.0717e-05    2.2689e-04    4.4724e-03    3.8330e-03    9.9060e-04    2.0847e-03    1.0662e-02
 -4.0903e+00    2.5300e-05    2.0034e-05    3.0665e-05    2.2531e-04    4.4903e-03    3.8037e-03    9.8208e-04    2.0878e-03    1.0630e-02
 -4.0588e+00    2.5147e-05    1.9970e-05    3.0614e-05    2.2376e-04    4.5102e-03    3.7744e-03    9.7358e-04    2.0905e-03    1.0598e-02
 -4.0273e+00    2.5001e-05    1.9906e-05    3.0566e-05    2.2223e-04    4.5323e-03    3.7451e-03    9.6510e-04    2.0927e-03    1.0563e-02
 -3.9959e+00    2.4864e-05    1.9843e-05    3.0519e-05    2.2074e-04    4.5568e-03    3.7159e-03    9.5663e-04    2.0944e-03    1.0528e-02
 -3.9644e+00    2.4734e-05    1.9782e-05    3.0474e-05    2.1928e-04    4.5842e-03    3.6867e-03    9.4818e-04    2.0956e-03    1.0490e-02
 -3.9330e+00    2.4614e-05    1.9721e-05    3.0431e-05    2.1786e-04    4.6146e-03    3.6578e-03    9.3975e-04    2.0963e-03    1.0451e-02
 -3.9015e+00    2.4504e-05    1.9661e-05    3.0389e-05    2.1648e-04    4.6484e-03    3.6291e-03    9.3133e-04    2.0966e-03    1.0411e-02
 -3.8700e+00    2.4404e-05    1.9603e-05    3.0349e-05    2.1514e-04    4.6860e-03    3.6007e-03    9.2292e-04    2.0964e-03    1.0369e-02
 -3.8386e+00    2.4315e-05    1.9547e-05    3.0310e-05    2.1384e-04    4.7279e-03    3.5727e-03    9.1452e-04    2.0957e-03    1.0325e-02
 -3.8071e+00    2.4239e-05    1.9492e-05    3.0273e-05    2.1260e-04    4.7745e-03    3.5451e-03    9.0613e-04    2.0945e-03    1.0279e-02
 -3.7756e+00    2.4175e-05    1.9439e-05    3.0236e-05    2.1142e-04    4.8264e-03    3.5180e-03    8.9776e-04    2.0930e-03    1.0232e-02
 -3.7442e+00    2.4125e-05    1.9389e-05    3.0201e-05    2.1029e-04    4.8842e-03    3.4915e-03    8.8940e-04    2.0910e-03    1.0183e-02
 -3.7127e+00    2.4090e-05    1.9341e-05    3.0167e-05    2.0924e-04    4.9485e-03    3.4657e-03    8.8105e-04    2.0886e-03    1.0133e-02
 -3.6812e+00    2.4071e-05    1.9296e-05    3.0134e-05    2.0825e-04    5.0201e-03    3.4407e-03    8.7271e-04    2.0859e-03    1.0081e-02
 -3.6498e+00    2.4069e-05    1.9254e-05    3.0102e-05    2.0735e-04    5.0997e-03    3.4166e-03    8.6439e-04    2.0828e-03    1.0028e-02
 -3.6183e+00    2.4086e-05    1.9215e-05    3.0070e-05    2.0654e-04    5.1882e-03    3.3935e-03    8.5608e-04    2.0795e-03    9.9731e-03
 -3.5869e+00    2.4123e-05    1.9181e-05    3.0040e-05    2.0582e-04    5.2867e-03    3.3715e-03    8.4779e-04    2.0759e-03    9.9169e-03
 -3.5554e+00    2.4182e-05    1.9150e-05    3.0010e-05    2.0521e-04    5.3960e-03    3.3507e-03    8.3951e-04    2.0720e-03    9.8595e-03
 -3.5239e+00    2.4264e-05    1.9124e-05    2.9982e-05    2.0471e-04    5.5174e-03    3.3313e-03    8.3126e-04    2.0681e-03    9.8007e-03
 -3.4925e+00    2.4371e-05    1.9103e-05    2.9954e-05    2.0434e-04    5.6521e-03    3.3134e-03    8.2303e-04    2.0640e-03    9.7409e-03
 -3.4610e+00    2.4505e-05    1.9088e-05    2.9926e-05    2.0411e-04    5.8013e-03    3.2972e-03    8.1482e-04    2.0598e-03    9.6802e-03
 -3.4295e+00    2.4669e-05    1.9079e-05    2.9900e-05    2.0402e-04    5.9667e-03    3.2829e-03    8.0664e-04    2.0557e-03    9.6186e-03
 -3.3981e+00    2.4864e-05    1.9076e-05    2.9874e-05    2.0410e-04    6.1496e-03    3.2705e-03    7.9849e-04    2.0517e-03    9.5563e-03
 -3.3666e+00    2.5094e-05    1.9080e-05    2.9848e-05    2.0436e-04    6.3519e-03    3.2604e-03    7.9037e-04    2.0478e-03    9.4935e-03
 -3.3351e+00    2.5360e-05    1.9092e-05    2.9824e-05    2.0481e-04    6.5753e-03    3.2527e-03    7.8229e-04    2.0442e-03    9.4303e-03
 -3.3037e+00    2.5667e-05    1.9113e-05    2.9800e-05    2.0547e-04    6.8217e-03    3.2476e-03    7.7425e-04    2.0410e-03    9.3671e-03
 -3.2722e+00    2.6016e-05    1.9143e-05    2.9777e-05    2.0636e-04    7.0934e-03    3.2454e-03    7.6625e-04    2.0382e-03    9.3039e-03
 -3.2408e+00    2.6412e-05    1.9182e-05    2.9754e-05    2.0749e-04    7.3924e-03    3.2463e-03    7.5830e-04    2.0359e-03    9.2411e-03
 -3.2093e+00    2.6857e-05    1.9232e-05    2.9732e-05    2.0889e-04    7.7213e-03    3.2506e-03    7.5040e-04    2.0343e-03    9.1789e-03
 -3.1778e+00    2.7356e-05    1.9293e-05    2.9711e-05    2.1058e-04    8.0826e-03    3.2586e-03    7.4255e-04    2.0335e-03    9.1175e-03
 -3.1464e+00    2.7913e-05    1.9367e-05    2.9691e-05    2.1258e-04    8.4791e-03    3.2705e-03    7.3476e-04    2.0336e-03    9.0573e-03
 -3.1149e+00    2.8531e-05    1.9454e-05    2.9672e-05    2.1491e-04    8.9136e-03    3.2867e-03    7.2704e-04    2.0348e-03    8.9986e-03
 -3.0834e+00    2.9216e-05    1.9555e-05    2.9653e-05    2.1761e-04    9.3892e-03    3.3075e-03    7.1937e-04    2.0372e-03    8.9416e-03
 -3.0520e+00    2.9973e-05    1.9672e-05    2.9636e-05    2.2069e-04    9.9093e-03    3.3333e-03    7.1178e-04    2.0409e-03    8.8869e-03
 -3.0205e+00    3.0806e-05    1.9805e-05    2.9620e-05    2.2420e-04    1.0477e-02    3.3645e-03    7.0426e-04    2.0461e-03    8.8346e-03
 -2.9890e+00    3.1722e-05    1.9955e-05    2.9605e-05    2.2815e-04    1.1097e-02    3.4013e-03    6.9682e-04    2.0530e-03    8.7853e-03
 -2.9576e+00    3.2725e-05    2.0124e-05    2.9591e-05    2.3258e-04    1.1772e-02    3.4444e-03    6.8946e-04    2.0618e-03    8.7394e-03
 -2.9261e+00    3.3822e-05    2.0313e-05    2.9579e-05    2.3753e-04    1.2507e-02    3.4940e-03    6.8219e-04    2.0727e-03    8.6972e-03
 -2.8947e+00    3.5019e-05    2.0524e-05    2.9569e-05    2.4303e-04    1.3305e-02    3.5507e-03    6.7500e-04    2.0857e-03    8.6592e-03
 -2.8632e+00    3.6324e-05    2.0757e-05    2.9560e-05    2.4911e-04    1.4172e-02    3.6149e-03    6.6791e-04    2.1013e-03    8.6260e-03
 -2.8317e+00    3.7742e-05    2.1014e-05    2.9553e-05    2.5583e-04    1.5112e-02    3.6872e-03    6.6091e-04    2.1195e-03    8.5979e-03
 -2.8003e+00    3.9281e-05    2.1297e-05    2.9548e-05    2.6321e-04    1.6130e-02    3.7680e-03    6.5401e-04    2.1406e-03    8.5755e-03
 -2.7688e+00    4.0950e-05    2.1607e-05    2.9545e-05    2.7130e-04    1.7231e-02    3.8580e-03    6.4722e-04    2.1649e-03    8.5593e-03
 -2.7373e+00    4.2755e-05    2.1946e-05    2.9544e-05    2.8014e-04    1.8421e-02    3.9576e-03    6.4053e-04    2.1925e-03    8.5500e-03
 -2.7059e+00    4.4705e-05    2.2315e-05    2.9547e-05    2.8979e-04    1.9704e-02    4.0675e-03    6.3395e-04    2.2238e-03    8.5479e-03
 -2.6744e+00    4.6810e-05    2.2717e-05    2.9551e-05    3.0028e-04    2.1088e-02    4.1883e-03    6.2749e-04    2.2589e-03    8.5538e-03
 -2.6429e+00    4.9077e-05    2.3153e-05    2.9559e-05    3.1167e-04    2.2577e-02    4.3205e-03    6.2113e-04    2.2983e-03    8.5683e-03
 -2.6115e+00    5.1515e-05    2.3625e-05    2.9570e-05    3.2401e-04    2.4178e-02    4.4650e-03    6.1490e-04    2.3420e-03    8.5918e-03
 -2.5800e+00    5.4135e-05    2.4135e-05    2.9584e-05    3.3735e-04    2.5898e-02    4.6223e-03    6.0878e-04    2.3904e-03    8.6251e-03
 -2.5486e+00    5.6947e-05    2.4685e-05    2.9602e-05    3.5174e-04    2.7743e-02    4.7930e-03    6.0279e-04    2.4439e-03    8.6689e-03
 -2.5171e+00    5.9959e-05    2.5276e-05    2.9624e-05    3.6724e-04    2.9718e-02    4.9781e-03    5.9692e-04    2.5027e-03    8.7236e-03
 -2.4856e+00    6.3182e-05    2.5912e-05    2.9649e-05    3.8390e-04    3.1833e-02    5.1780e-03    5.9118e-04    2.5670e-03    8.7901e-03
 -2.4542e+00    6.6627e-05    2.6594e-05    2.9679e-05    4.0179e-04    3.4092e-02    5.3936e-03    5.8557e-04    2.6373e-03    8.8690e-03
 -2.4227e+00    7.0303e-05    2.7323e-05    2.9714e-05    4.2096e-04    3.6504e-02    5.6256e-03    5.8008e-04    2.7137e-03    8.9610e-03
 -2.3912e+00    7.4223e-05    2.8103e-05    2.9753e-05    4.4146e-04    3.9075e-02    5.8748e-03    5.7472e-04    2.7967e-03    9.0667e-03
 -2.3598e+00    7.8396e-05    2.8936e-05    2.9797e-05    4.6337e-04    4.1814e-02    6.1419e-03    5.6950e-04    2.8866e-03    9.1868e-03
 -2.3283e+00    8.2834e-05    2.9823e-05    2.9847e-05    4.8673e-04    4.4726e-02    6.4277e-03    5.6440e-04    2.9836e-03    9.3221e-03
 -2.2968e+00    8.7546e-05    3.0768e-05    2.9902e-05    5.1160e-04    4.7819e-02    6.7329e-03    5.5944e-04    3.0881e-03    9.4731e-03
 -2.2654e+00    9.2546e-05    3.1771e-05    2.9963e-05    5.3806e-04    5.1101e-02    7.0583e-03    5.5461e-04    3.2003e-03    9.6406e-03
 -2.2339e+00    9.7842e-05    3.2835e-05    3.0030e-05    5.6615e-04    5.4578e-02    7.4047e-03    5.4991e-04    3.3207e-03    9.8252e-03
 -2.2025e+00    1.0345e-04    3.3963e-05    3.0103e-05    5.9593e-04    5.8259e-02    7.7728e-03    5.4535e-04    3.4495e-03    1.0028e-02
 -2.1710e+00    1.0937e-04    3.5156e-05    3.0183e-05    6.2747e-04    6.2149e-02    8.1633e-03    5.4091e-04    3.5870e-03    1.0249e-02
 -2.1395e+00    1.1562e-04    3.6417e-05    3.0269e-05    6.6082e-04    6.6257e-02    8.5770e-03    5.3661e-04    3.7335e-03    1.0489e-02
 -2.1081e+00    1.2221e-04    3.7747e-05    3.0363e-05    6.9604e-04    7.0588e-02    9.0146e-03    5.3244e-04    3.8893e-03    1.0748e-02
 -2.0766e+00    1.2915e-04    3.9149e-05    3.0464e-05    7.3317e-04    7.5149e-02    9.4767e-03    5.2840e-04    4.0547e-03    1.1028e-02
 -2.0451e+00    1.3644e-04    4.0624e-05    3.0572e-05    7.7227e-04    7.9947e-02    9.9641e-03    5.2449e-04    4.2299e-03    1.1329e-02
 -2.0137e+00    1.4411e-04    4.2175e-05    3.0688e-05    8.1339e-04    8.4988e-02    1.0477e-02    5.2070e-04    4.4152e-03    1.1651e-02
 -1.9822e+00    1.5215e-04    4.3802e-05    3.0812e-05    8.5657e-04    9.0276e-02    1.1017e-02    5.1705e-04    4.6109e-03    1.1995e-02
 -1.9507e+00    1.6057e-04    4.5507e-05    3.0945e-05    9.0186e-04    9.5818e-02    1.1583e-02    5.1351e-04    4.8172e-03    1.2362e-02
 -1.9193e+00    1.6938e-04    4.7292e-05    3.1085e-05    9.4930e-04    1.0162e-01    1.2177e-02    5.1010e-04    5.0342e-03    1.2751e-02
 -1.8878e+00    1.7859e-04    4.9159e-05    3.1234e-05    9.9892e-04    1.0768e-01    1.2799e-02    5.0682e-04    5.2621e-03    1.3163e-02
 -1.8564e+00    1.8820e-04    5.1107e-05    3.1391e-05    1.0507e-03    1.1401e-01    1.3449e-02    5.0365e-04    5.5012e-03    1.3599e-02
 -1.8249e+00    1.9822e-04    5.3139e-05    3.1557e-05    1.1048e-03    1.2061e-01    1.4128e-02    5.0059e-04    5.7515e-03    1.4058e-02
 -1.7934e+00    2.0865e-04    5.5254e-05    3.1732e-05    1.1611e-03    1.2748e-01    1.4835e-02    4.9766e-04    6.0132e-03    1.4542e-02
 -1.7620e+00    2.1949e-04    5.7453e-05    3.1915e-05    1.2197e-03    1.3462e-01    1.5572e-02    4.9483e-04    6.2863e-03    1.5049e-02
 -1.7305e+00    2.3075e-04    5.9738e-05    3.2108e-05    1.2806e-03    1.4204e-01    1.6338e-02    4.9212e-04    6.5709e-03    1.5581e-02
 -1.6990e+00    2.4242e-04    6.2106e-05    3.2309e-05    1.3437e-03    1.4973e-01    1.7133e-02    4.8952e-04    6.8670e-03    1.6137e-02
 -1.6676e+00    2.5451e-04    6.4560e-05    3.2520e-05    1.4092e-03    1.5770e-01    1.7957e-02    4.8702e-04    7.1746e-03    1.6718e-02
 -1.6361e+00    2.6701e-04    6.7097e-05    3.2739e-05    1.4769e-03    1.6594e-01    1.8810e-02    4.8462e-04    7.4936e-03    1.7322e-02
 -1.6046e+00    2.7992e-04    6.9718e-05    3.2967e-05    1.5468e-03    1.7445e-01    1.9691e-02    4.8233e-04    7.8240e-03    1.7951e-02
 -1.5732e+00    2.9324e-04    7.2420e-05    3.3204e-05    1.6190e-03    1.8323e-01    2.0602e-02    4.8013e-04    8.1656e-03    1.8603e-02
 -1.5417e+00    3.0695e-04    7.5204e-05    3.3450e-05    1.6934e-03    1.9228e-01    2.1540e-02    4.7803e-04    8.5182e-03    1.9278e-02
 -1.5103e+00    3.2106e-04    7.8068e-05    3.3704e-05    1.7699e-03    2.0158e-01    2.2505e-02    4.7602e-04    8.8817e-03    1.9977e-02
 -1.4788e+00    3.3554e-04    8.1008e-05    3.3967e-05    1.8485e-03    2.1113e-01    2.3497e-02    4.7410e-04    9.2558e-03    2.0697e-02
 -1.4473e+00    3.5040e-04    8.4024e-05    3.4237e-05    1.9291e-03    2.2093e-01    2.4515e-02    4.7227e-04    9.6401e-03    2.1440e-02
 -1.4159e+00    3.6561e-04    8.7113e-05    3.4516e-05    2.0117e-03    2.3097e-01    2.5559e-02    4.7052e-04    1.0034e-02    2.2203e-02
 -1.3844e+00    3.8117e-04    9.0271e-05    3.4802e-05    2.0961e-03    2.4124e-01    2.6626e-02    4.6885e-04    1.0438e-02    2.2987e-02
 -1.3529e+00    3.9705e-04    9.3495e-05    3.5095e-05    2.1824e-03    2.5172e-01    2.7716e-02    4.6727e-04    1.0851e-02    2.3790e-02
 -1.3215e+00    4.1324e-04    9.6782e-05    3.5396e-05    2.2704e-03    2.6240e-01    2.8828e-02    4.6576e-04    1.1273e-02    2.4611e-02
 -1.2900e+00    4.2972e-04    1.0013e-04    3.5703e-05    2.3599e-03    2.7328e-01    2.9961e-02    4.6432e-04    1.1703e-02    2.5450e-02
 -1.2585e+00    4.4647e-04    1.0353e-04    3.6016e-05    2.4510e-03    2.8434e-01    3.1112e-02    4.6295e-04    1.2140e-02    2.6305e-02
 -1.2271e+00    4.6347e-04    1.0698e-04    3.6334e-05    2.5433e-03    2.9556e-01    3.2281e-02    4.6165e-04    1.2584e-02    2.7174e-02
 -1.1956e+00    4.8069e-04    1.1047e-04    3.6658e-05    2.6369e-03    3.0693e-01    3.3465e-02    4.6042e-04    1.3035e-02    2.8057e-02
 -1.1642e+00    4.9810e-04    1.1401e-04    3.6987e-05    2.7316e-03    3.1842e-01    3.4663e-02    4.5925e-04    1.3491e-02    2.8953e-02
 -1.1327e+00    5.1568e-04    1.1758e-04    3.7319e-05    2.8272e-03    3.3003e-01    3.5873e-02    4.5814e-04    1.3952e-02    2.9859e-02
 -1.1012e+00    5.3340e-04    1.2117e-04    3.7655e-05    2.9236e-03    3.4173e-01    3.7093e-02    4.5709e-04    1.4417e-02    3.0773e-02
 -1.0698e+00    5.5123e-04    1.2479e-04    3.7994e-05    3.0206e-03    3.5351e-01    3.8321e-02    4.5610e-04    1.4885e-02    3.1695e-02
 -1.0383e+00    5.6913e-04    1.2843e-04    3.8335e-05    3.1179e-03    3.6533e-01    3.9554e-02    4.5515e-04    1.5356e-02    3.2623e-02
 -1.0068e+00    5.8707e-04    1.3207e-04    3.8678e-05    3.2156e-03    3.7718e-01    4.0790e-02    4.5426e-04    1.5828e-02    3.3554e-02
 -9.7537e-01    6.0502e-04    1.3571e-04    3.9021e-05    3.3132e-03    3.8903e-01    4.2027e-02    4.5342e-04    1.6300e-02    3.4487e-02
 -9.4391e-01    6.2295e-04    1.3935e-04    3.9365e-05    3.4108e-03    4.0087e-01    4.3262e-02    4.5263e-04    1.6773e-02    3.5420e-02
 -9.1244e-01    6.4080e-04    1.4297e-04    3.9708e-05    3.5079e-03    4.1267e-01    4.4493e-02    4.5188e-04    1.7243e-02    3.6351e-02
 -8.8098e-01    6.5856e-04    1.4658e-04    4.0049e-05    3.6045e-03    4.2439e-01    4.5717e-02    4.5117e-04    1.7711e-02    3.7277e-02
 -8.4952e-01    6.7617e-04    1.5015e-04    4.0389e-05    3.7004e-03    4.3603e-01    4.6931e-02    4.5051e-04    1.8176e-02    3.8197e-02
 -8.1805e-01    6.9360e-04    1.5369e-04    4.0725e-05    3.7953e-03    4.4754e-01    4.8133e-02    4.4988e-04    1.8636e-02    3.9108e-02
 -7.8659e-01    7.1081e-04    1.5718e-04    4.1057e-05    3.8890e-03    4.5891e-01    4.9320e-02    4.4929e-04    1.9091e-02    4.0009e-02
 -7.5513e-01    7.2776e-04    1.6062e-04    4.1385e-05    3.9812e-03    4.7011e-01    5.0490e-02    4.4874e-04    1.9538e-02    4.0897e-02
 -7.2366e-01    7.4441e-04    1.6400e-04    4.1708e-05    4.0719e-03    4.8111e-01    5.1638e-02    4.4822e-04    1.9978e-02    4.1770e-02
 -6.9220e-01    7.6072e-04    1.6731e-04    4.2024e-05    4.1606e-03    4.9188e-01    5.2763e-02    4.4774e-04    2.0410e-02    4.2626e-02
 -6.6074e-01    7.7664e-04    1.7054e-04    4.2333e-05    4.2473e-03    5.0240e-01    5.3862e-02    4.4728e-04    2.0831e-02    4.3462e-02
 -6.2927e-01    7.9215e-04    1.7368e-04    4.2634e-05    4.3317e-03    5.1265e-01    5.4932e-02    4.4686e-04    2.1241e-02    4.4277e-02
 -5.9781e-01    8.0719e-04    1.7674e-04    4.2927e-05    4.4136e-03    5.2258e-01    5.5970e-02    4.4647e-04    2.1639e-02    4.5067e-02
 -5.6634e-01    8.2173e-04    1.7969e-04    4.3210e-05    4.4928e-03    5.3219e-01    5.6973e-02    4.4610e-04    2.2024e-02    4.5832e-02
 -5.3488e-01    8.3573e-04    1.8253e-04    4.3482e-05    4.5690e-03    5.4144e-01    5.7940e-02    4.4575e-04    2.2395e-02    4.6569e-02
 -5.0342e-01    8.4916e-04    1.8525e-04    4.3744e-05    4.6421e-03    5.5032e-01    5.8867e-02    4.4544e-04    2.2750e-02    4.7276e-02
 -4.7195e-01    8.6197e-04    1.8785e-04    4.3994e-05    4.7119e-03    5.5878e-01    5.9751e-02    4.4515e-04    2.3090e-02    4.7951e-02
 -4.4049e-01    8.7414e-04    1.9032e-04    4.4232e-05    4.7782e-03    5.6682e-01    6.0591e-02    4.4488e-04    2.3412e-02    4.8593e-02
 -4.0903e-01    8.8563e-04    1.9265e-04    4.4456e-05    4.8407e-03    5.7441e-01    6.1384e-02    4.4463e-04    2.3716e-02    4.9198e-02
 -3.7756e-01    8.9640e-04    1.9484e-04    4.4666e-05    4.8994e-03    5.8153e-01    6.2128e-02    4.4440e-04    2.4002e-02    4.9766e-02
 -3.4610e-01    9.0643e-04    1.9687e-04    4.4862e-05    4.9540e-03    5.8816e-01    6.2820e-02    4.4420e-04    2.4268e-02    5.0296e-02
 -3.1464e-01    9.1568e-04    1.9875e-04    4.5043e-05    5.0044e-03    5.9427e-01    6.3459e-02    4.4401e-04    2.4513e-02    5.0784e-02
 -2.8317e-01    9.2414e-04    2.0047e-04    4.5209e-05    5.0504e-03    5.9986e-01    6.4043e-02    4.4385e-04    2.4738e-02    5.1231e-02
 -2.5171e-01    9.3178e-04    2.0201e-04    4.5358e-05    5.0920e-03    6.0491e-01    6.4571e-02    4.4370e-04    2.4940e-02    5.1634e-02
 -2.2025e-01    9.3857e-04    2.0339e-04    4.5491e-05    5.1290e-03    6.0940e-01    6.5040e-02    4.4357e-04    2.5120e-02    5.1992e-02
 -1.8878e-01    9.4449e-04    2.0459e-04    4.5607e-05    5.1613e-03    6.1331e-01    6.5449e-02    4.4346e-04    2.5277e-02    5.2305e-02
 -1.5732e-01    9.4954e-04    2.0562e-04    4.5706e-05    5.1888e-03    6.1665e-01    6.5797e-02    4.4337e-04    2.5411e-02    5.2572e-02
 -1.2585e-01    9.5369e-04    2.0646e-04    4.5787e-05    5.2113e-03    6.1939e-01    6.6084e-02    4.4329e-04    2.5521e-02    5.2791e-02
 -9.4391e-02    9.5693e-04    2.0712e-04    4.5851e-05    5.2290e-03    6.2153e-01    6.6307e-02    4.4324e-04    2.5607e-02    5.2962e-02
 -6.2927e-02    9.5925e-04    2.0759e-04    4.5896e-05    5.2416e-03    6.2306e-01    6.6468e-02    4.4319e-04    2.5669e-02    5.3085e-02
 -3.1464e-02    9.6064e-04    2.0787e-04    4.5924e-05    5.2492e-03    6.2398e-01    6.6564e-02    4.4317e-04    2.5706e-02    5.3158e-02
  0.0000e+00    9.6111e-04    2.0796e-04    4.5933e-05    5.2518e-03    6.2429e-01    6.6596e-02    4.4316e-04    2.5718e-02    5.3183e-02
  3.1464e-02    9.6064e-04    2.0787e-04    4.5924e-05    5.2492e-03    6.2398e-01    6.6564e-02    4.4317e-04    2.5706e-02    5.3158e-02
  6.2927e-02    9.5925e-04    2.0759e-04    4.5896e-05    5.2416e-03    6.2306e-01    6.6468e-02    4.4319e-04    2.5669e-02    5.3085e-02
  9.4391e-02    9.5693e-04    2.0712e-04    4.5851e-05    5.2290e-03    6.2153e-01    6.6307e-02    4.4324e-04    2.5607e-02    5.2962e-02
  1.2585e-01    9.5369e-04    2.0646e-04    4.5787e-05    5.2113e-03    6.1939e-01    6.6084e-02    4.4329e-04    2.5521e-02    5.2791e-02
  1.5732e-01    9.4954e-04    2.0562e-04    4.5706e-05    5.1888e-03    6.1665e-01    6.5797e-02    4.4337e-04    2.5411e-02    5.2572e-02
  1.8878e-01    9.4449e-04    2.0459e-04    4.5607e-05    5.1613e-03    6.1331e-01    6.5449e-02    4.4346e-04    2.5277e-02    5.2305e-02
  2.2025e-01    9.3857e-04    2.0339e-04    4.5491e-05    5.1290e-03    6.0940e-01    6.5040e-02    4.4357e-04    2.5120e-02    5.1992e-02
  2.5171e-01    9.3178e-04    2.0201e-04    4.5358e-05    5.0920e-03    6.0491e-01    6.4571e-02    4.4370e-04    2.4940e-02    5.1634e-02
  2.8317e-01    9.2414e-04    2.0047e-04    4.5209e-05    5.0504e-03    5.9986e-01    6.4043e-02    4.4385e-04    2.4738e-02    5.1231e-02
  3.1464e-01    9.1568e-04    1.9875e-04    4.5043e-05    5.0044e-03    5.9427e-01    6.3459e-02    4.4401e-04    2.4513e-02    5.0784e-02
  3.4610e-01    9.0643e-04    1.9687e-04    4.4862e-05    4.9540e-03    5.8816e-01    6.2820e-02    4.4420e-04    2.4268e-02    5.0296e-02
  3.7756e-01    8.9640e-04    1.9484e-04    4.4666e-05    4.8994e-03    5.8153e-01    6.2128e-02    4.4440e-04    2.4002e-02    4.9766e-02
  4.0903e-01    8.8563e-04    1.9265e-04    4.4456e-05    4.8407e-03    5.7441e-01    6.1384e-02    4.4463e-04    2.3716e-02    4.9198e-02
  4.4049e-01    8.7414e-04    1.9032e-04    4.4232e-05    4.7782e-03    5.6682e-01    6.0591e-02    4.4488e-04    2.3412e-02    4.8593e-02
  4.7195e-01    8.6197e-04    1.8785e-04    4.3994e-05    4.7119e-03    5.5878e-01    5.9751e-02    4.4515e-04    2.3090e-02    4.7951e-02
  5.0342e-01    8.4916e-04    1.8525e-04    4.3744e-05    4.6421e-03    5.5032e-01    5.8867e-02    4.4544e-04    2.2750e-02    4.7276e-02
  5.3488e-01    8.3573e-04    1.8253e-04    4.3482e-05    4.5690e-03    5.4144e-01    5.7940e-02    4.4575e-04    2.2395e-02    4.6569e-02
  5.6634e-01    8.2173e-04    1.7969e-04    4.3210e-05    4.4928e-03    5.3219e-01    5.6973e-02    4.4610e-04    2.2024e-02    4.5832e-02
  5.9781e-01    8.0719e-04    1.7674e-04    4.2927e-05    4.4136e-03    5.2258e-01    5.5970e-02    4.4647e-04    2.1639e-02    4.5067e-02
  6.2927e-01    7.9215e-04    1.7368e-04    4.2634e-05    4.3317e-03    5.1265e-01    5.4932e-02    4.4686e-04    2.1241e-02    4.4277e-02
  6.6074e-01    7.7664e-04    1.7054e-04    4.2333e-05    4.2473e-03    5.0240e-01    5.3862e-02    4.4728e-04    2.0831e-02    4.3462e-02
  6.9220e-01    7.6072e-04    1.6731e-04    4.2024e-05    4.1606e-03    4.9188e-01    5.2763e-02    4.4774e-04    2.0410e-02    4.2626e-02
  7.2366e-01    7.4441e-04    1.6400e-04    4.1708e-05    4.0719e-03    4.8111e-01    5.1638e-02    4.4822e-04    1.9978e-02    4.1770e-02
  7.5513e-01    7.2776e-04    1.6062e-04    4.1385e-05    3.9812e-03    4.7011e-01    5.0490e-02    4.4874e-04    1.9538e-02    4.0897e-02
  7.8659e-01    7.1081e-04    1.5718e-04    4.1057e-05    3.8890e-03    4.5891e-01    4.9320e-02    4.4929e-04    1.9091e-02    4.0009e-02
  8.1805e-01    6.9360e-04    1.5369e-04    4.0725e-05    3.7953e-03    4.4754e-01    4.8133e-02    4.4988e-04    1.8636e-02    3.9108e-02
  8.4952e-01    6.7617e-04    1.5015e-04    4.0389e-05    3.7004e-03    4.3603e-01    4.6931e-02    4.5051e-04    1.8176e-02    3.8197e-02
  8.8098e-01    6.5856e-04    1.4658e-04    4.0049e-05    3.6045e-03    4.2439e-01    4.5717e-02    4.5117e-04    1.7711e-02    3.7277e-02
  9.1244e-01    6.4080e-04    1.4297e-04    3.9708e-05    3.5079e-03    4.1267e-01    4.4493e-02    4.5188e-04    1.7243e-02    3.6351e-02
  9.4391e-01    6.2295e-04    1.3935e-04    3.9365e-05    3.4108e-03    4.0087e-01    4.3262e-02    4.5263e-04    1.6773e-02    3.5420e-02
  9.7537e-01    6.0502e-04    1.3571e-04    3.9021e-05    3.3132e-03    3.8903e-01    4.2027e-02    4.5342e-04    1.6300e-02    3.4487e-02
  1.0068e+00    5.8707e-04    1.3207e-04    3.8678e-05    3.2156e-03    3.7718e-01    4.0790e-02    4.5426e-04    1.5828e-02    3.3554e-02
  1.0383e+00    5.6913e-04    1.2843e-04    3.8335e-05    3.1179e-03    3.6533e-01    3.9554e-02    4.5515e-04    1.5356e-02    3.2623e-02
  1.0698e+00    5.5123e-04    1.2479e-04    3.7994e-05    3.0206e-03    3.5351e-01    3.8321e-02    4.5610e-04    1.4885e-02    3.1695e-02
  1.1012e+00    5.3340e-04    1.2117e-04    3.7655e-05    2.9236e-03    3.4173e-01    3.7093e-02    4.5709e-04    1.4417e-02    3.0773e-02
  1.1327e+00    5.1568e-04    1.1758e-04    3.7319e-05    2.8272e-03    3.3003e-01    3.5873e-02    4.5814e-04    1.3952e-02    2.9859e-02
  1.1642e+00    4.9810e-04    1.1401e-04    3.6987e-05    2.7316e-03    3.1842e-01    3.4663e-02    4.5925e-04    1.3491e-02    2.8953e-02
  1.1956e+00    4.8069e-04    1.1047e-04    3.6658e-05    2.6369e-03    3.0693e-01    3.3465e-02    4.6042e-04    1.3035e-02    2.8057e-02
  1.2271e+00    4.6347e-04    1.0698e-04    3.6334e-05    2.5433e-03    2.9556e-01    3.2281e-02    4.6165e-04    1.2584e-02    2.7174e-02
  1.2585e+00    4.4647e-04    1.0353e-04    3.6016e-05    2.4510e-03    2.8434e-01    3.1112e-02    4.6295e-04    1.2140e-02    2.6305e-02
  1.2900e+00    4.2972e-04    1.0013e-04    3.5703e-05    2.3599e-03    2.7328e-01    2.9961e-02    4.6432e-04    1.1703e-02    2.5450e-02
  1.3215e+00    4.1324e-04    9.6782e-05    3.5396e-05    2.2704e-03    2.6240e-01    2.8828e-02    4.6576e-04    1.1273e-02    2.4611e-02
  1.3529e+00    3.9705e-04    9.3495e-05    3.5095e-05    2.1824e-03    2.5172e-01    2.7716e-02    4.6727e-04    1.0851e-02    2.3790e-02
  1.3844e+00    3.8117e-04    9.0271e-05    3.4802e-05    2.0961e-03    2.4124e-01    2.6626e-02    4.6885e-04    1.0438e-02    2.2987e-02
  1.4159e+00    3.6561e-04    8.7113e-05    3.4516e-05    2.0117e-03    2.3097e-01    2.5559e-02    4.7052e-04    1.0034e-02    2.2203e-02
  1.4473e+00    3.5040e-04    8.4024e-05    3.4237e-05    1.9291e-03    2.2093e-01    2.4515e-02    4.7227e-04    9.6401e-03    2.1440e-02
  1.4788e+00    3.3554e-04    8.1008e-05    3.3967e-05    1.8485e-03    2.1113e-01    2.3497e-02    4.7410e-04    9.2558e-03    2.0697e-02
  1.5103e+00    3.2106e-04    7.8068e-05    3.3704e-05    1.7699e-03    2.0158e-01    2.2505e-02    4.7602e-04    8.8817e-03    1.9977e-02
  1.5417e+00    3.0695e-04    7.5204e-05    3.3450e-05    1.6934e-03    1.9228e-01    2.1540e-02    4.7803e-04    8.5182e-03    1.9278e-02
  1.5732e+00    2.9324e-04    7.2420e-05    3.3204e-05    1.6190e-03    1.8323e-01    2.0602e-02    4.8013e-04    8.1656e-03    1.8603e-02
  1.6046e+00    2.7992e-04    6.9718e-05    3.2967e-05    1.5468e-03    1.7445e-01    1.9691e-02    4.8233e-04    7.8240e-03    1.7951e-02
  1.6361e+00    2.6701e-04    6.7097e-05    3.2739e-05    1.4769e-03    1.6594e-01    1.8810e-02    4.8462e-04    7.4936e-03    1.7322e-02
  1.6676e+00    2.5451e-04    6.4560e-05    3.2520e-05    1.4092e-03    1.5770e-01    1.7957e-02    4.8702e-04    7.1746e-03    1.6718e-02
  1.6990e+00    2.4242e-04    6.2106e-05    3.2309e-05    1.3437e-03    1.4973e-01    1.7133e-02    4.8952e-04    6.8670e-03    1.6137e-02
  1.7305e+00    2.3075e-04    5.9738e-05    3.2108e-05    1.2806e-03    1.4204e-01    1.6338e-02    4.9212e-04    6.5709e-03    1.5581e-02
  1.7620e+00    2.1949e-04    5.7453e-05    3.1915e-05    1.2197e-03    1.3462e-01    1.5572e-02    4.9483e-04    6.2863e-03    1.5049e-02
  1.7934e+00    2.0865e-04    5.5254e-05    3.1732e-05    1.1611e-03    1.2748e-01    1.4835e-02    4.9766e-04    6.0132e-03    1.4542e-02
  1.8249e+00    1.9822e-04    5.3139e-05    3.1557e-05    1.1048e-03    1.2061e-01    1.4128e-02    5.0059e-04    5.7515e-03    1.4058e-02
  1.8564e+00    1.8820e-04    5.1107e-05    3.1391e-05    1.0507e-03    1.1401e-01    1.3449e-02    5.0365e-04    5.5012e-03    1.3599e-02
  1.8878e+00    1.7859e-04    4.9159e-05    3.1234e-05    9.9892e-04    1.0768e-01    1.2799e-02    5.0682e-04    5.2621e-03    1.3163e-02
  1.9193e+00    1.6938e-04    4.7292e-05    3.1085e-05    9.4930e-04    1.0162e-01    1.2177e-02    5.1010e-04    5.0342e-03    1.2751e-02
  1.9507e+00    1.6057e-04    4.5507e-05    3.0945e-05    9.0186e-04    9.5818e-02    1.1583e-02    5.1351e-04    4.8172e-03    1.2362e-02
  1.9822e+00    1.5215e-04    4.3802e-05    3.0812e-05    8.5657e-04    9.0276e-02    1.1017e-02    5.1705e-04    4.6109e-03    1.1995e-02
  2.0137e+00    1.4411e-04    4.2175e-05    3.0688e-05    8.1339e-04    8.4988e-02    1.0477e-02    5.2070e-04    4.4152e-03    1.1651e-02
  2.0451e+00    1.3644e-04    4.0624e-05    3.0572e-05    7.7227e-04    7.9947e-02    9.9641e-03    5.2449e-04    4.2299e-03    1.1329e-02
  2.0766e+00    1.2915e-04    3.9149e-05    3.0464e-05    7.3317e-04    7.5149e-02    9.4767e-03    5.2840e-04    4.0547e-03    1.1028e-02
  2.1081e+00    1.2221e-04    3.7747e-05    3.0363e-05    6.9604e-04    7.0588e-02    9.0146e-03    5.3244e-04    3.8893e-03    1.0748e-02
  2.1395e+00    1.1562e-04    3.6417e-05    3.0269e-05    6.6082e-04    6.6257e-02    8.5770e-03    5.3661e-04    3.7335e-03    1.0489e-02
  2.1710e+00    1.0937e-04    3.5156e-05    3.0183e-05    6.2747e-04    6.2149e-02    8.1633e-03    5.4091e-04    3.5870e-03    1.0249e-02
  2.2025e+00    1.0345e-04    3.3963e-05    3.0103e-05    5.9593e-04    5.8259e-02    7.7728e-03    5.4535e-04    3.4495e-03    1.0028e-02
  2.2339e+00    9.7842e-05    3.2835e-05    3.0030e-05    5.6615e-04    5.4578e-02    7.4047e-03    5.4991e-04    3.3207e-03    9.8252e-03
  2.2654e+00    9.2546e-05    3.1771e-05    2.9963e-05    5.3806e-04    5.1101e-02    7.0583e-03    5.5461e-04    3.2003e-03    9.6406e-03
  2.2968e+00    8.7546e-05    3.0768e-05    2.9902e-05    5.1160e-04    4.7819e-02    6.7329e-03    5.5944e-04    3.0881e-03    9.4731e-03
  2.3283e+00    8.2834e-05    2.9823e-05    2.9847e-05    4.8673e-04    4.4726e-02    6.4277e-03    5.6440e-04    2.9836e-03    9.3221e-03
  2.3598e+00    7.8396e-05    2.8936e-05    2.9797e-05    4.6337e-04    4.1814e-02    6.1419e-03    5.6950e-04    2.8866e-03    9.1868e-03
  2.3912e+00    7.4223e-05    2.8103e-05    2.9753e-05    4.4146e-04    3.9075e-02    5.8748e-03    5.7472e-04    2.7967e-03    9.0667e-03
  2.4227e+00    7.0303e-05    2.7323e-05    2.9714e-05    4.2096e-04    3.6504e-02    5.6256e-03    5.8008e-04    2.7137e-03    8.9610e-03
  2.4542e+00    6.6627e-05    2.6594e-05    2.9679e-05    4.0179e-04    3.4092e-02    5.3936e-03    5.8557e-04    2.6373e-03    8.8690e-03
  2.4856e+00    6.3182e-05    2.5912e-05    2.9649e-05    3.8390e-04    3.1833e-02    5.1780e-03    5.9118e-04    2.5670e-03    8.7901e-03
  2.5171e+00    5.9959e-05    2.5276e-05    2.9624e-05    3.6724e-04    2.9718e-02    4.9781e-03    5.9692e-04    2.5027e-03    8.7236e-03
  2.5486e+00    5.6947e-05    2.4685e-05    2.9602e-05    3.5174e-04    2.7743e-02    4.7930e-03    6.0279e-04    2.4439e-03    8.6689e-03
  2.5800e+00    5.4135e-05    2.4135e-05    2.9584e-05    3.3735e-04    2.5898e-02    4.6223e-03    6.0878e-04    2.3904e-03    8.6251e-03
  2.6115e+00    5.1515e-05    2.3625e-05    2.9570e-05    3.2401e-04    2.4178e-02    4.4650e-03    6.1490e-04    2.3420e-03    8.5918e-03
  2.6429e+00    4.9077e-05    2.3153e-05    2.9559e-05    3.1167e-04    2.2577e-02    4.3205e-03    6.2113e-04    2.2983e-03    8.5683e-03
  2.6744e+00    4.6810e-05    2.2717e-05    2.9551e-05    3.0028e-04    2.1088e-02    4.1883e-03    6.2749e-04    2.2589e-03    8.5538e-03
  2.7059e+00    4.4705e-05    2.2315e-05    2.9547e-05    2.8979e-04    1.9704e-02    4.0675e-03    6.3395e-04    2.2238e-03    8.5479e-03
  2.7373e+00    4.2755e-05    2.1946e-05    2.9544e-05    2.8014e-04    1.8421e-02    3.9576e-03    6.4053e-04    2.1925e-03    8.5500e-03
  2.7688e+00    4.0950e-05    2.1607e-05    2.9545e-05    2.7130e-04    1.7231e-02    3.8580e-03    6.4722e-04    2.1649e-03    8.5593e-03
  2.8003e+00    3.9281e-05    2.1297e-05    2.9548e-05    2.6321e-04    1.6130e-02    3.7680e-03    6.5401e-04    2.1406e-03    8.5755e-03
  2.8317e+00    3.7742e-05    2.1014e-05    2.9553e-05    2.5583e-04    1.5112e-02    3.6872e-03    6.6091e-04    2.1195e-03    8.5979e-03
  2.8632e+00    3.6324e-05    2.0757e-05    2.9560e-05    2.4911e-04    1.4172e-02    3.6149e-03    6.6791e-04    2.1013e-03    8.6260e-03
  2.8947e+00    3.5019e-05    2.0524e-05    2.9569e-05    2.4303e-04    1.3305e-02    3.5507e-03    6.7500e-04    2.0857e-03    8.6592e-03
  2.9261e+00    3.3822e-05    2.0313e-05    2.9579e-05    2.3753e-04    1.2507e-02    3.4940e-03    6.8219e-04    2.0727e-03    8.6972e-03
  2.9576e+00    3.2725e-05    2.0124e-05    2.9591e-05    2.3258e-04    1.1772e-02    3.4444e-03    6.8946e-04    2.0618e-03    8.7394e-03
  2.9890e+00    3.1722e-05    1.9955e-05    2.9605e-05    2.2815e-04    1.1097e-02    3.4013e-03    6.9682e-04    2.0530e-03    8.7853e-03
  3.0205e+00    3.0806e-05    1.9805e-05    2.9620e-05    2.2420e-04    1.0477e-02    3.3645e-03    7.0426e-04    2.0461e-03    8.8346e-03
  3.0520e+00    2.9973e-05    1.9672e-05    2.9636e-05    2.2069e-04    9.9093e-03    3.3333e-03    7.1178e-04    2.0409e-03    8.8869e-03
  3.0834e+00    2.9216e-05    1.9555e-05    2.9653e-05    2.1761e-04    9.3892e-03    3.3075e-03    7.1937e-04    2.0372e-03    8.9416e-03
  3.1149e+00    2.8531e-05    1.9454e-05    2.9672e-05    2.1491e-04    8.9136e-03    3.2867e-03    7.2704e-04    2.0348e-03    8.9986e-03
  3.1464e+00    2.7913e-05    1.9367e-05    2.9691e-05    2.1258e-04    8.4791e-03    3.2705e-03    7.3476e-04    2.0336e-03    9.0573e-03
  3.1778e+00    2.7356e-05    1.9293e-05    2.9711e-05    2.1058e-04    8.0826e-03    3.2586e-03    7.4255e-04    2.0335e-03    9.1175e-03
  3.2093e+00    2.6857e-05    1.9232e-05    2.9732e-05    2.0889e-04    7.7213e-03    3.2506e-03    7.5040e-04    2.0343e-03    9.1789e-03
  3.2408e+00    2.6412e-05    1.9182e-05    2.9754e-05    2.0749e-04    7.3924e-03    3.2463e-03    7.5830e-04    2.0359e-03    9.2411e-03
  3.2722e+00    2.6016e-05    1.9143e-05    2.9777e-05    2.0636e-04    7.0934e-03    3.2454e-03    7.6625e-04    2.0382e-03    9.3039e-03
  3.3037e+00    2.5667e-05    1.9113e-05    2.9800e-05    2.0547e-04    6.8217e-03    3.2476e-03    7.7425e-04    2.0410e-03    9.3671e-03
  3.3351e+00    2.5360e-05    1.9092e-05    2.9824e-05    2.0481e-04    6.5753e-03    3.2527e-03    7.8229e-04    2.0442e-03    9.4303e-03
  3.3666e+00    2.5094e-05    1.9080e-05    2.9848e-05    2.0436e-04    6.3519e-03    3.2604e-03    7.9037e-04    2.0478e-03    9.4935e-03
  3.3981e+00    2.4864e-05    1.9076e-05    2.9874e-05    2.0410e-04    6.1496e-03    3.2705e-03    7.9849e-04    2.0517e-03    9.5563e-03
  3.4295e+00    2.4669e-05    1.9079e-05    2.9900e-05    2.0402e-04    5.9667e-03    3.2829e-03    8.0664e-04    2.0557e-03    9.6186e-03
  3.4610e+00    2.4505e-05    1.9088e-05    2.9926e-05    2.0411e-04    5.8013e-03    3.2972e-03    8.1482e-04    2.0598e-03    9.6802e-03
  3.4925e+00    2.4371e-05    1.9103e-05    2.9954e-05    2.0434e-04    5.6521e-03    3.3134e-03    8.2303e-04    2.0640e-03    9.7409e-03
  3.5239e+00    2.4264e-05    1.9124e-05    2.9982e-05    2.0471e-04    5.5174e-03    3.3313e-03    8.3126e-04    2.0681e-03    9.8007e-03
  3.5554e+00    2.4182e-05    1.9150e-05    3.0010e-05    2.0521e-04    5.3960e-03    3.3507e-03    8.3951e-04    2.0720e-03    9.8595e-03
  3.5869e+00    2.4123e-05    1.9181e-05    3.0040e-05    2.0582e-04    5.2867e-03    3.3715e-03    8.4779e-04    2.0759e-03    9.9169e-03
  3.6183e+00    2.4086e-05    1.9215e-05    3.0070e-05    2.0654e-04    5.1882e-03    3.3935e-03    8.5608e-04    2.0795e-03    9.9731e-03
  3.6498e+00    2.4069e-05    1.9254e-05    3.0102e-05    2.0735e-04    5.0997e-03    3.4166e-03    8.6439e-04    2.0828e-03    1.0028e-02
  3.6812e+00    2.4071e-05    1.9296e-05    3.0134e-05    2.0825e-04    5.0201e-03    3.4407e-03    8.7271e-04    2.0859e-03    1.0081e-02
  3.7127e+00    2.4090e-05    1.9341e-05    3.0167e-05    2.0924e-04    4.9485e-03    3.4657e-03    8.8105e-04    2.0886e-03    1.0133e-02
  3.7442e+00    2.4125e-05    1.9389e-05    3.0201e-05    2.1029e-04    4.8842e-03    3.4915e-03    8.8940e-04    2.0910e-03    1.0183e-02
  3.7756e+00    2.4175e-05    1.9439e-05    3.0236e-05    2.1142e-04    4.8264e-03    3.5180e-03    8.9776e-04    2.0930e-03    1.0232e-02
  3.8071e+00    2.4239e-05    1.9492e-05    3.0273e-05    2.1260e-04    4.7745e-03    3.5451e-03    9.0613e-04    2.0945e-03    1.0279e-02
  3.8386e+00    2.4315e-05    1.9547e-05    3.0310e-05    2.1384e-04    4.7279e-03    3.5727e-03    9.1452e-04    2.0957e-03    1.0325e-02
  3.8700e+00    2.4404e-05    1.9603e-05    3.0349e-05    2.1514e-04    4.6860e-03    3.6007e-03    9.2292e-04    2.0964e-03    1.0369e-02
  3.9015e+00    2.4504e-05    1.9661e-05    3.0389e-05    2.1648e-04    4.6484e-03    3.6291e-03    9.3133e-04    2.0966e-03    1.0411e-02
  3.9330e+00    2.4614e-05    1.9721e-05    3.0431e-05    2.1786e-04    4.6146e-03    3.6578e-03    9.3975e-04    2.0963e-03    1.0451e-02
  3.9644e+00    2.4734e-05    1.9782e-05    3.0474e-05    2.1928e-04    4.5842e-03    3.6867e-03    9.4818e-04    2.0956e-03    1.0490e-02
  3.9959e+00    2.4864e-05    1.9843e-05    3.0519e-05    2.2074e-04    4.5568e-03    3.7159e-03    9.5663e-04    2.0944e-03    1.0528e-02
  4.0273e+00    2.5001e-05    1.9906e-05    3.0566e-05    2.2223e-04    4.5323e-03    3.7451e-03    9.6510e-04    2.0927e-03    1.0563e-02
  4.0588e+00    2.5147e-05    1.9970e-05    3.0614e-05    2.2376e-04    4.5102e-03    3.7744e-03    9.7358e-04    2.0905e-03    1.0598e-02
  4.0903e+00    2.5300e-05    2.0034e-05    3.0665e-05    2.2531e-04    4.4903e-03    3.8037e-03    9.8208e-04    2.0878e-03    1.0630e-02
  4.1217e+00    2.5460e-05    2.0099e-05    3.0717e-05    2.2689e-04    4.4724e-03    3.8330e-03    9.9060e-04    2.0847e-03    1.0662e-02
  4.1532e+00    2.5627e-05    2.0164e-05    3.0771e-05    2.2850e-04    4.4564e-03    3.8622e-03    9.9914e-04    2.0811e-03    1.0692e-02
  4.1847e+00    2.5799e-05    2.0230e-05    3.0828e-05    2.3013e-04    4.4419e-03    3.8912e-03    1.0077e-03    2.0770e-03    1.0720e-02
  4.2161e+00    2.5978e-05    2.0296e-05    3.0886e-05    2.3179e-04    4.4290e-03    3.9201e-03    1.0163e-03    2.0725e-03    1.0747e-02
  4.2476e+00    2.6162e-05    2.0363e-05    3.0947e-05    2.3346e-04    4.4174e-03    3.9488e-03    1.0249e-03    2.0675e-03    1.0773e-02
  4.2790e+00    2.6350e-05    2.0429e-05    3.1011e-05    2.3516e-04    4.4071e-03    3.9773e-03    1.0336e-03    2.0621e-03    1.0798e-02
  4.3105e+00    2.6544e-05    2.0496e-05    3.1077e-05    2.3688e-04    4.3978e-03    4.0054e-03    1.0422e-03    2.0562e-03    1.0822e-02
  4.3420e+00    2.6741e-05    2.0562e-05    3.1145e-05    2.3862e-04    4.3897e-03    4.0332e-03    1.0510e-03    2.0500e-03    1.0844e-02
  4.3734e+00    2.6943e-05    2.0629e-05    3.1217e-05    2.4038e-04    4.3825e-03    4.0607e-03    1.0597e-03    2.0434e-03    1.0865e-02
  4.4049e+00    2.7149e-05    2.0696e-05    3.1291e-05    2.4216e-04    4.3763e-03    4.0878e-03    1.0685e-03    2.0364e-03    1.0886e-02
  4.4364e+00    2.7357e-05    2.0763e-05    3.1368e-05    2.4396e-04    4.3709e-03    4.1144e-03    1.0774e-03    2.0290e-03    1.0905e-02
  4.4678e+00    2.7569e-05    2.0829e-05    3.1447e-05    2.4577e-04    4.3663e-03    4.1406e-03    1.0862e-03    2.0213e-03    1.0923e-02
  4.4993e+00    2.7784e-05    2.0896e-05    3.1530e-05    2.4761e-04    4.3625e-03    4.1663e-03    1.0952e-03    2.0133e-03    1.0941e-02
  4.5308e+00    2.8001e-05    2.0963e-05    3.1616e-05    2.4947e-04    4.3595e-03    4.1914e-03    1.1041e-03    2.0050e-03    1.0958e-02
  4.5622e+00    2.8221e-05    2.1030e-05    3.1705e-05    2.5135e-04    4.3572e-03    4.2160e-03    1.1131e-03    1.9964e-03    1.0973e-02
  4.5937e+00    2.8442e-05    2.1096e-05    3.1798e-05    2.5325e-04    4.3555e-03    4.2400e-03    1.1222e-03    1.9876e-03    1.0989e-02
  4.6251e+00    2.8666e-05    2.1163e-05    3.1893e-05    2.5517e-04    4.3545e-03    4.2634e-03    1.1313e-03    1.9785e-03    1.1003e-02
  4.6566e+00    2.8891e-05    2.1229e-05    3.1992e-05    2.5711e-04    4.3542e-03    4.2861e-03    1.1405e-03    1.9691e-03    1.1017e-02
  4.6881e+00    2.9117e-05    2.1296e-05    3.2095e-05    2.5908e-04    4.3545e-03    4.3082e-03    1.1497e-03    1.9596e-03    1.1030e-02
  4.7195e+00    2.9344e-05    2.1363e-05    3.2201e-05    2.6106e-04    4.3554e-03    4.3296e-03    1.1590e-03    1.9499e-03    1.1042e-02
  4.7510e+00    2.9571e-05    2.1429e-05    3.2311e-05    2.6308e-04    4.3570e-03    4.3502e-03    1.1683e-03    1.9400e-03    1.1054e-02
  4.7825e+00    2.9799e-05    2.1496e-05    3.2424e-05    2.6511e-04    4.3591e-03    4.3701e-03    1.1777e-03    1.9300e-03    1.1065e-02
  4.8139e+00    3.0028e-05    2.1563e-05    3.2541e-05    2.6717e-04    4.3618e-03    4.3893e-03    1.1871e-03    1.9198e-03    1.1075e-02
  4.8454e+00    3.0256e-05    2.1630e-05    3.2662e-05    2.6926e-04    4.3650e-03    4.4076e-03    1.1966e-03    1.9096e-03    1.1085e-02
  4.8769e+00    3.0484e-05    2.1697e-05    3.2787e-05    2.7138e-04    4.3688e-03    4.4252e-03    1.2061e-03    1.8992e-03    1.1095e-02
  4.9083e+00    3.0711e-05    2.1764e-05    3.2915e-05    2.7352e-04    4.3731e-03    4.4419e-03    1.2157e-03    1.8888e-03    1.1103e-02
  4.9398e+00    3.0937e-05    2.1831e-05    3.3048e-05    2.7569e-04    4.3779e-03    4.4578e-03    1.2253e-03    1.8784e-03    1.1112e-02
  4.9712e+00    3.1163e-05    2.1899e-05    3.3184e-05    2.7789e-04    4.3832e-03    4.4729e-03    1.2350e-03    1.8679e-03    1.1119e-02
  5.0027e+00    3.1387e-05    2.1967e-05    3.3325e-05    2.8012e-04    4.3890e-03    4.4870e-03    1.2447e-03    1.8574e-03    1.1126e-02
  5.0342e+00    3.1610e-05    2.2035e-05    3.3470e-05    2.8238e-04    4.3952e-03    4.5003e-03    1.2544e-03    1.8469e-03    1.1132e-02
  5.0656e+00    3.1831e-05    2.2104e-05    3.3619e-05    2.8467e-04    4.4019e-03    4.5127e-03    1.2642e-03    1.8364e-03    1.1138e-02
  5.0971e+00    3.2050e-05    2.2173e-05    3.3772e-05    2.8700e-04    4.4090e-03    4.5242e-03    1.2739e-03    1.8259e-03    1.1143e-02
  5.1286e+00    3.2267e-05    2.2242e-05    3.3929e-05    2.8936e-04    4.4165e-03    4.5348e-03    1.2837e-03    1.8156e-03    1.1148e-02
  5.1600e+00    3.2482e-05    2.2312e-05    3.4091e-05    2.9176e-04    4.4243e-03    4.5445e-03    1.2936e-03    1.8053e-03    1.1151e-02
  5.1915e+00    3.2695e-05    2.2383e-05    3.4256e-05    2.9419e-04    4.4325e-03    4.5533e-03    1.3034e-03    1.7950e-03    1.1155e-02
  5.2230e+00    3.2905e-05    2.2454e-05    3.4426e-05    2.9666e-04    4.4410e-03    4.5612e-03    1.3132e-03    1.7849e-03    1.1157e-02
  5.2544e+00    3.3112e-05    2.2526e-05    3.4601e-05    2.9916e-04    4.4498e-03    4.5682e-03    1.3230e-03    1.7749e-03    1.1158e-02
  5.2859e+00    3.3316e-05    2.2598e-05    3.4780e-05    3.0171e-04    4.4589e-03    4.5743e-03    1.3328e-03    1.7651e-03    1.1159e-02
  5.3173e+00    3.3517e-05    2.2671e-05    3.4963e-05    3.0430e-04    4.4682e-03    4.5795e-03    1.3426e-03    1.7554e-03    1.1159e-02
  5.3488e+00    3.3716e-05    2.2745e-05    3.5150e-05    3.0692e-04    4.4777e-03    4.5838e-03    1.3524e-03    1.7458e-03    1.1158e-02
  5.3803e+00    3.3911e-05    2.2819e-05    3.5342e-05    3.0959e-04    4.4875e-03    4.5872e-03    1.3621e-03    1.7365e-03    1.1156e-02
  5.4117e+00    3.4103e-05    2.2894e-05    3.5539e-05    3.1230e-04    4.4973e-03    4.5898e-03    1.3718e-03    1.7273e-03    1.1154e-02
  5.4432e+00    3.4291e-05    2.2970e-05    3.5740e-05    3.1506e-04    4.5073e-03    4.5916e-03    1.3815e-03    1.7183e-03    1.1150e-02
  5.4747e+00    3.4476e-05    2.3047e-05    3.5945e-05    3.1786e-04    4.5174e-03    4.5925e-03    1.3910e-03    1.7096e-03    1.1145e-02
  5.5061e+00    3.4658e-05    2.3125e-05    3.6155e-05    3.2071e-04    4.5275e-03    4.5926e-03    1.4005e-03    1.7010e-03    1.1140e-02
  5.5376e+00    3.4837e-05    2.3204e-05    3.6369e-05    3.2361e-04    4.5377e-03    4.5919e-03    1.4100e-03    1.6927e-03    1.1133e-02
  5.5691e+00    3.5012e-05    2.3284e-05    3.6588e-05    3.2655e-04    4.5478e-03    4.5905e-03    1.4193e-03    1.6847e-03    1.1125e-02
  5.6005e+00    3.5184e-05    2.3365e-05    3.6811e-05    3.2954e-04    4.5580e-03    4.5884e-03    1.4286e-03    1.6769e-03    1.1117e-02
  5.6320e+00    3.5353e-05    2.3447e-05    3.7038e-05    3.3259e-04    4.5680e-03    4.5855e-03    1.4378e-03    1.6694e-03    1.1107e-02
  5.6634e+00    3.5518e-05    2.3530e-05    3.7270e-05    3.3568e-04    4.5780e-03    4.5819e-03    1.4468e-03    1.6621e-03    1.1096e-02
  5.6949e+00    3.5681e-05    2.3615e-05    3.7506e-05    3.3883e-04    4.5879e-03    4.5777e-03    1.4557e-03    1.6551e-03    1.1084e-02
  5.7264e+00    3.5841e-05    2.3700e-05    3.7747e-05    3.4203e-04    4.5976e-03    4.5729e-03    1.4645e-03    1.6485e-03    1.1071e-02
  5.7578e+00    3.5998e-05    2.3787e-05    3.7992e-05    3.4529e-04    4.6072e-03    4.5675e-03    1.4732e-03    1.6421e-03    1.1056e-02
  5.7893e+00    3.6152e-05    2.3875e-05    3.8242e-05    3.4860e-04    4.6165e-03    4.5616e-03    1.4817e-03    1.6360e-03    1.1041e-02
  5.8208e+00    3.6304e-05    2.3964e-05    3.8496e-05    3.5197e-04    4.6256e-03    4.5551e-03    1.4901e-03    1.6303e-03    1.1024e-02
  5.8522e+00    3.6454e-05    2.4055e-05    3.8754e-05    3.5539e-04    4.6345e-03    4.5481e-03    1.4983e-03    1.6249e-03    1.1006e-02
  5.8837e+00    3.6602e-05    2.4147e-05    3.9016e-05    3.5888e-04    4.6431e-03    4.5407e-03    1.5064e-03    1.6198e-03    1.0987e-02
  5.9152e+00    3.6748e-05    2.4240e-05    3.9283e-05    3.6243e-04    4.6514e-03    4.5329e-03    1.5142e-03    1.6150e-03    1.0966e-02
  5.9466e+00    3.6893e-05    2.4335e-05    3.9554e-05    3.6604e-04    4.6594e-03    4.5247e-03    1.5219e-03    1.6106e-03    1.0945e-02
  5.9781e+00    3.7037e-05    2.4431e-05    3.9829e-05    3.6971e-04    4.6671e-03    4.5162e-03    1.5295e-03    1.6066e-03    1.0922e-02
  6.0095e+00    3.7180e-05    2.4529e-05    4.0108e-05    3.7344e-04    4.6743e-03    4.5074e-03    1.5368e-03    1.6028e-03    1.0898e-02
  6.0410e+00    3.7322e-05    2.4628e-05    4.0391e-05    3.7724e-04    4.6813e-03    4.4983e-03    1.5439e-03    1.5995e-03    1.0873e-02
  6.0725e+00    3.7464e-05    2.4729e-05    4.0679e-05    3.8110e-04    4.6878e-03    4.4890e-03    1.5508e-03    1.5965e-03    1.0847e-02
  6.1039e+00    3.7607e-05    2.4831e-05    4.0970e-05    3.8504e-04    4.6939e-03    4.4795e-03    1.5575e-03    1.5939e-03    1.0820e-02
  6.1354e+00    3.7750e-05    2.4935e-05    4.1266e-05    3.8904e-04    4.6996e-03    4.4698e-03    1.5640e-03    1.5916e-03    1.0792e-02
  6.1669e+00    3.7894e-05    2.5041e-05    4.1566e-05    3.9311e-04    4.7048e-03    4.4601e-03    1.5703e-03    1.5897e-03    1.0763e-02
  6.1983e+00    3.8039e-05    2.5148e-05    4.1869e-05    3.9725e-04    4.7096e-03    4.4502e-03    1.5764e-03    1.5882e-03    1.0733e-02
  6.2298e+00    3.8187e-05    2.5257e-05    4.2177e-05    4.0146e-04    4.7140e-03    4.4404e-03    1.5823e-03    1.5871e-03    1.0701e-02
  6.2613e+00    3.8336e-05    2.5368e-05    4.2488e-05    4.0574e-04    4.7179e-03    4.4305e-03    1.5879e-03    1.5863e-03    1.0669e-02
  6.2927e+00    3.8488e-05    2.5480e-05    4.2803e-05    4.1010e-04    4.7213e-03    4.4206e-03    1.5933e-03    1.5860e-03    1.0636e-02
  6.3242e+00    3.8643e-05    2.5594e-05    4.3122e-05    4.1454e-04    4.7242e-03    4.4108e-03    1.5986e-03    1.5860e-03    1.0603e-02
  6.3556e+00    3.8802e-05    2.5710e-05    4.3445e-05    4.1905e-04    4.7266e-03    4.4011e-03    1.6036e-03    1.5864e-03    1.0568e-02
  6.3871e+00    3.8965e-05    2.5828e-05    4.3772e-05    4.2363e-04    4.7286e-03    4.3916e-03    1.6083e-03    1.5871e-03    1.0533e-02
  6.4186e+00    3.9132e-05    2.5948e-05    4.4102e-05    4.2830e-04    4.7301e-03    4.3821e-03    1.6129e-03    1.5883e-03    1.0497e-02
  6.4500e+00    3.9304e-05    2.6069e-05    4.4436e-05    4.3304e-04    4.7310e-03    4.3728e-03    1.6173e-03    1.5899e-03    1.0460e-02
  6.4815e+00    3.9482e-05    2.6193e-05    4.4773e-05    4.3787e-04    4.7315e-03    4.3638e-03    1.6214e-03    1.5918e-03    1.0423e-02
  6.5130e+00    3.9665e-05    2.6318e-05    4.5114e-05    4.4277e-04    4.7315e-03    4.3549e-03    1.6254e-03    1.5941e-03    1.0385e-02
  6.5444e+00    3.9855e-05    2.6445e-05    4.5459e-05    4.4776e-04    4.7310e-03    4.3463e-03    1.6291e-03    1.5968e-03    1.0347e-02
  6.5759e+00    4.0052e-05    2.6574e-05    4.5807e-05    4.5283e-04    4.7301e-03    4.3380e-03    1.6327e-03    1.5999e-03    1.0308e-02
  6.6074e+00    4.0255e-05    2.6705e-05    4.6159e-05    4.5799e-04    4.7286e-03    4.3299e-03    1.6361e-03    1.6034e-03    1.0270e-02
  6.6388e+00    4.0467e-05    2.6838e-05    4.6514e-05    4.6322e-04    4.7267e-03    4.3222e-03    1.6393e-03    1.6073e-03    1.0230e-02
  6.6703e+00    4.0687e-05    2.6973e-05    4.6873e-05    4.6855e-04    4.7243e-03    4.3147e-03    1.6423e-03    1.6115e-03    1.0191e-02
  6.7017e+00    4.0915e-05    2.7110e-05    4.7235e-05    4.7396e-04    4.7215e-03    4.3076e-03    1.6452e-03    1.6161e-03    1.0151e-02
  6.7332e+00    4.1152e-05    2.7249e-05    4.7600e-05    4.7945e-04    4.7182e-03    4.3009e-03    1.6478e-03    1.6211e-03    1.0112e-02
  6.7647e+00    4.1398e-05    2.7390e-05    4.7969e-05    4.8503e-04    4.7145e-03    4.2944e-03    1.6504e-03    1.6265e-03    1.0072e-02
  6.7961e+00    4.1654e-05    2.7533e-05    4.8341e-05    4.9070e-04    4.7104e-03    4.2884e-03    1.6528e-03    1.6322e-03    1.0032e-02
  6.8276e+00    4.1921e-05    2.7678e-05    4.8717e-05    4.9646e-04    4.7059e-03    4.2826e-03    1.6551e-03    1.6383e-03    9.9929e-03
  6.8591e+00    4.2197e-05    2.7826e-05    4.9096e-05    5.0230e-04    4.7010e-03    4.2773e-03    1.6572e-03    1.6447e-03    9.9534e-03
  6.8905e+00    4.2485e-05    2.7975e-05    4.9478e-05    5.0824e-04    4.6957e-03    4.2723e-03    1.6592e-03    1.6515e-03    9.9141e-03
  6.9220e+00    4.2784e-05    2.8126e-05    4.9864e-05    5.1425e-04    4.6901e-03    4.2677e-03    1.6612e-03    1.6587e-03    9.8751e-03
  6.9535e+00    4.3094e-05    2.8279e-05    5.0252e-05    5.2036e-04    4.6841e-03    4.2635e-03    1.6630e-03    1.6662e-03    9.8364e-03
  6.9849e+00    4.3415e-05    2.8434e-05    5.0644e-05    5.2655e-04    4.6777e-03    4.2596e-03    1.6647e-03    1.6740e-03    9.7980e-03
  7.0164e+00    4.3749e-05    2.8591e-05    5.1040e-05    5.3283e-04    4.6711e-03    4.2561e-03    1.6664e-03    1.6822e-03    9.7600e-03
  7.0478e+00    4.4095e-05    2.8751e-05    5.1438e-05    5.3920e-04    4.6641e-03    4.2530e-03    1.6680e-03    1.6907e-03    9.7225e-03
  7.0793e+00    4.4453e-05    2.8912e-05    5.1840e-05    5.4565e-04    4.6569e-03    4.2502e-03    1.6695e-03    1.6995e-03    9.6854e-03
  7.1108e+00    4.4823e-05    2.9075e-05    5.2245e-05    5.5219e-04    4.6494e-03    4.2477e-03    1.6710e-03    1.7086e-03    9.6489e-03
  7.1422e+00    4.5206e-05    2.9240e-05    5.2653e-05    5.5881e-04    4.6417e-03    4.2456e-03    1.6725e-03    1.7181e-03    9.6129e-03
  7.1737e+00    4.5601e-05    2.9407e-05    5.3065e-05    5.6552e-04    4.6338e-03    4.2438e-03    1.6739e-03    1.7278e-03    9.5775e-03
  7.2052e+00    4.6010e-05    2.9576e-05    5.3479e-05    5.7230e-04    4.6256e-03    4.2423e-03    1.6753e-03    1.7378e-03    9.5427e-03
  7.2366e+00    4.6431e-05    2.9747e-05    5.3897e-05    5.7917e-04    4.6173e-03    4.2411e-03    1.6768e-03    1.7482e-03    9.5086e-03
  7.2681e+00    4.6864e-05    2.9920e-05    5.4318e-05    5.8612e-04    4.6088e-03    4.2402e-03    1.6782e-03    1.7588e-03    9.4752e-03
  7.2996e+00    4.7311e-05    3.0095e-05    5.4742e-05    5.9314e-04    4.6002e-03    4.2395e-03    1.6796e-03    1.7696e-03    9.4425e-03
  7.3310e+00    4.7769e-05    3.0271e-05    5.5170e-05    6.0024e-04    4.5914e-03    4.2391e-03    1.6810e-03    1.7807e-03    9.4105e-03
  7.3625e+00    4.8241e-05    3.0449e-05    5.5600e-05    6.0741e-04    4.5826e-03    4.2390e-03    1.6825e-03    1.7921e-03    9.3793e-03
  7.3939e+00    4.8724e-05    3.0629e-05    5.6034e-05    6.1466e-04    4.5737e-03    4.2390e-03    1.6840e-03    1.8037e-03    9.3488e-03
  7.4254e+00    4.9220e-05    3.0811e-05    5.6471e-05    6.2197e-04    4.5647e-03    4.2393e-03    1.6855e-03    1.8156e-03    9.3191e-03
  7.4569e+00    4.9727e-05    3.0994e-05    5.6911e-05    6.2935e-04    4.5556e-03    4.2397e-03    1.6871e-03    1.8276e-03    9.2902e-03
  7.4883e+00    5.0247e-05    3.1179e-05    5.7354e-05    6.3680e-04    4.5466e-03    4.2403e-03    1.6888e-03    1.8399e-03    9.2620e-03
  7.5198e+00    5.0777e-05    3.1365e-05    5.7801e-05    6.4430e-04    4.5375e-03    4.2410e-03    1.6905e-03    1.8524e-03    9.2347e-03
  7.5513e+00    5.1319e-05    3.1553e-05    5.8250e-05    6.5187e-04    4.5284e-03    4.2419e-03    1.6923e-03    1.8650e-03    9.2081e-03
  7.5827e+00    5.1871e-05    3.1742e-05    5.8702e-05    6.5949e-04    4.5194e-03    4.2428e-03    1.6942e-03    1.8779e-03    9.1823e-03
  7.6142e+00    5.2433e-05    3.1932e-05    5.9158e-05    6.6717e-04    4.5104e-03    4.2439e-03    1.6961e-03    1.8909e-03    9.1573e-03
  7.6457e+00    5.3005e-05    3.2124e-05    5.9616e-05    6.7489e-04    4.5015e-03    4.2450e-03    1.6981e-03    1.9041e-03    9.1331e-03
  7.6771e+00    5.3587e-05    3.2317e-05    6.0078e-05    6.8266e-04    4.4927e-03    4.2461e-03    1.7002e-03    1.9174e-03    9.1096e-03
  7.7086e+00    5.4177e-05    3.2511e-05    6.0542e-05    6.9047e-04    4.4840e-03    4.2472e-03    1.7024e-03    1.9309e-03    9.0869e-03
  7.7400e+00    5.4775e-05    3.2707e-05    6.1010e-05    6.9833e-04    4.4753e-03    4.2484e-03    1.7047e-03    1.9444e-03    9.0649e-03
  7.7715e+00    5.5382e-05    3.2903e-05    6.1480e-05    7.0622e-04    4.4669e-03    4.2495e-03    1.7071e-03    1.9581e-03    9.0436e-03
  7.8030e+00    5.5995e-05    3.3100e-05    6.1953e-05    7.1414e-04    4.4585e-03    4.2506e-03    1.7096e-03    1.9719e-03    9.0230e-03
  7.8344e+00    5.6615e-05    3.3298e-05    6.2430e-05    7.2209e-04    4.4503e-03    4.2516e-03    1.7121e-03    1.9858e-03    9.0030e-03
  7.8659e+00    5.7241e-05    3.3497e-05    6.2908e-05    7.3006e-04    4.4423e-03    4.2525e-03    1.7148e-03    1.9998e-03    8.9837e-03
  7.8974e+00    5.7873e-05    3.3696e-05    6.3390e-05    7.3805e-04    4.4344e-03    4.2533e-03    1.7176e-03    2.0138e-03    8.9649e-03
  7.9288e+00    5.8509e-05    3.3896e-05    6.3874e-05    7.4606e-04    4.4268e-03    4.2540e-03    1.7204e-03    2.0279e-03    8.9468e-03
  7.9603e+00    5.9148e-05    3.4097e-05    6.4361e-05    7.5408e-04    4.4193e-03    4.2546e-03    1.7234e-03    2.0421e-03    8.9292e-03
  7.9918e+00    5.9792e-05    3.4298e-05    6.4851e-05    7.6211e-04    4.4120e-03    4.2549e-03    1.7265e-03    2.0562e-03    8.9121e-03
  8.0232e+00    6.0437e-05    3.4500e-05    6.5343e-05    7.7014e-04    4.4050e-03    4.2551e-03    1.7296e-03    2.0705e-03    8.8954e-03
  8.0547e+00    6.1085e-05    3.4701e-05    6.5838e-05    7.7817e-04    4.3981e-03    4.2551e-03    1.7328e-03    2.0847e-03    8.8793e-03
  8.0861e+00    6.1733e-05    3.4903e-05    6.6335e-05    7.8620e-04    4.3915e-03    4.2549e-03    1.7362e-03    2.0989e-03    8.8635e-03
  8.1176e+00    6.2382e-05    3.5105e-05    6.6834e-05    7.9421e-04    4.3851e-03    4.2545e-03    1.7396e-03    2.1131e-03    8.8481e-03
  8.1491e+00    6.3031e-05    3.5307e-05    6.7336e-05    8.0221e-04    4.3789e-03    4.2538e-03    1.7430e-03    2.1273e-03    8.8330e-03
  8.1805e+00    6.3678e-05    3.5509e-05    6.7840e-05    8.1020e-04    4.3730e-03    4.2528e-03    1.7466e-03    2.1415e-03    8.8182e-03
  8.2120e+00    6.4324e-05    3.5711e-05    6.8346e-05    8.1816e-04    4.3673e-03    4.2516e-03    1.7502e-03    2.1556e-03    8.8036e-03
  8.2435e+00    6.4966e-05    3.5912e-05    6.8854e-05    8.2609e-04    4.3619e-03    4.2500e-03    1.7539e-03    2.1697e-03    8.7893e-03
  8.2749e+00    6.5606e-05    3.6113e-05    6.9364e-05    8.3400e-04    4.3566e-03    4.2482e-03    1.7577e-03    2.1837e-03    8.7751e-03
  8.3064e+00    6.6241e-05    3.6313e-05    6.9876e-05    8.4187e-04    4.3516e-03    4.2461e-03    1.7615e-03    2.1977e-03    8.7611e-03
  8.3379e+00    6.6872e-05    3.6513e-05    7.0390e-05    8.4970e-04    4.3468e-03    4.2436e-03    1.7654e-03    2.2116e-03    8.7471e-03
  8.3693e+00    6.7497e-05    3.6713e-05    7.0905e-05    8.5749e-04    4.3423e-03    4.2408e-03    1.7693e-03    2.2254e-03    8.7332e-03
  8.4008e+00    6.8116e-05    3.6911e-05    7.1422e-05    8.6523e-04    4.3379e-03    4.2376e-03    1.7733e-03    2.2391e-03    8.7193e-03
  8.4322e+00    6.8729e-05    3.7109e-05    7.1941e-05    8.7292e-04    4.3338e-03    4.2341e-03    1.7773e-03    2.2528e-03    8.7054e-03
  8.4637e+00    6.9334e-05    3.7306e-05    7.2461e-05    8.8055e-04    4.3299e-03    4.2302e-03    1.7813e-03    2.2663e-03    8.6914e-03
  8.4952e+00    6.9931e-05    3.7502e-05    7.2982e-05    8.8813e-04    4.3262e-03    4.2260e-03    1.7854e-03    2.2797e-03    8.6773e-03
  8.5266e+00    7.0519e-05    3.7697e-05    7.3505e-05    8.9565e-04    4.3226e-03    4.2213e-03    1.7895e-03    2.2930e-03    8.6630e-03
  8.5581e+00    7.1098e-05    3.7890e-05    7.4028e-05    9.0310e-04    4.3193e-03    4.2163e-03    1.7936e-03    2.3061e-03    8.6486e-03
  8.5896e+00    7.1667e-05    3.8083e-05    7.4553e-05    9.1048e-04    4.3161e-03    4.2109e-03    1.7977e-03    2.3191e-03    8.6339e-03
  8.6210e+00    7.2227e-05    3.8274e-05    7.5078e-05    9.1779e-04    4.3131e-03    4.2052e-03    1.8018e-03    2.3320e-03    8.6191e-03
  8.6525e+00    7.2776e-05    3.8464e-05    7.5605e-05    9.2503e-04    4.3102e-03    4.1990e-03    1.8060e-03    2.3448e-03    8.6039e-03
  8.6840e+00    7.3313e-05    3.8653e-05    7.6131e-05    9.3218e-04    4.3075e-03    4.1925e-03    1.8101e-03    2.3574e-03    8.5884e-03
  8.7154e+00    7.3840e-05    3.8840e-05    7.6659e-05    9.3926e-04    4.3048e-03    4.1855e-03    1.8142e-03    2.3698e-03    8.5726e-03
  8.7469e+00    7.4354e-05    3.9025e-05    7.7186e-05    9.4625e-04    4.3023e-03    4.1782e-03    1.8183e-03    2.3821e-03    8.5564e-03
  8.7783e+00    7.4857e-05    3.9209e-05    7.7714e-05    9.5316e-04    4.2999e-03    4.1705e-03    1.8224e-03    2.3942e-03    8.5398e-03
  8.8098e+00    7.5347e-05    3.9391e-05    7.8242e-05    9.5997e-04    4.2976e-03    4.1624e-03    1.8264e-03    2.4061e-03    8.5227e-03
  8.8413e+00    7.5824e-05    3.9572e-05    7.8770e-05    9.6670e-04    4.2954e-03    4.1540e-03    1.8304e-03    2.4179e-03    8.5053e-03
  8.8727e+00    7.6289e-05    3.9750e-05    7.9298e-05    9.7333e-04    4.2932e-03    4.1451e-03    1.8344e-03    2.4295e-03    8.4873e-03
  8.9042e+00    7.6741e-05    3.9927e-05    7.9826e-05    9.7987e-04    4.2910e-03    4.1359e-03    1.8384e-03    2.4410e-03    8.4689e-03
  8.9357e+00    7.7181e-05    4.0102e-05    8.0353e-05    9.8631e-04    4.2889e-03    4.1264e-03    1.8423e-03    2.4523e-03    8.4500e-03
  8.9671e+00    7.7607e-05    4.0276e-05    8.0879e-05    9.9265e-04    4.2868e-03    4.1165e-03    1.8462e-03    2.4633e-03    8.4305e-03
  8.9986e+00    7.8020e-05    4.0447e-05    8.1405e-05    9.9889e-04    4.2846e-03    4.1062e-03    1.8500e-03    2.4743e-03    8.4105e-03
  9.0301e+00    7.8420e-05    4.0616e-05    8.1930e-05    1.0050e-03    4.2825e-03    4.0956e-03    1.8538e-03    2.4850e-03    8.3900e-03
  9.0615e+00    7.8807e-05    4.0784e-05    8.2453e-05    1.0111e-03    4.2803e-03    4.0847e-03    1.8575e-03    2.4955e-03    8.3689e-03
  9.0930e+00    7.9182e-05    4.0949e-05    8.2976e-05    1.0170e-03    4.2781e-03    4.0735e-03    1.8612e-03    2.5059e-03    8.3473e-03
  9.1244e+00    7.9544e-05    4.1113e-05    8.3497e-05    1.0228e-03    4.2758e-03    4.0620e-03    1.8648e-03    2.5161e-03    8.3250e-03
  9.1559e+00    7.9893e-05    4.1274e-05    8.4016e-05    1.0285e-03    4.2734e-03    4.0502e-03    1.8684e-03    2.5261e-03    8.3022e-03
  9.1874e+00    8.0230e-05    4.1434e-05    8.4534e-05    1.0341e-03    4.2709e-03    4.0381e-03    1.8719e-03    2.5359e-03    8.2789e-03
  9.2188e+00    8.0555e-05    4.1591e-05    8.5050e-05    1.0396e-03    4.2683e-03    4.0258e-03    1.8754e-03    2.5456e-03    8.2549e-03
  9.2503e+00    8.0869e-05    4.1746e-05    8.5563e-05    1.0450e-03    4.2656e-03    4.0132e-03    1.8788e-03    2.5550e-03    8.2304e-03
  9.2818e+00    8.1171e-05    4.1899e-05    8.6075e-05    1.0503e-03    4.2627e-03    4.0004e-03    1.8822e-03    2.5643e-03    8.2052e-03
  9.3132e+00    8.1462e-05    4.2051e-05    8.6584e-05    1.0554e-03    4.2597e-03    3.9874e-03    1.8855e-03    2.5734e-03    8.1796e-03
  9.3447e+00    8.1743e-05    4.2200e-05    8.7090e-05    1.0605e-03    4.2566e-03    3.9741e-03    1.8887e-03    2.5824e-03    8.1533e-03
  9.3762e+00    8.2013e-05    4.2347e-05    8.7594e-05    1.0654e-03    4.2532e-03    3.9607e-03    1.8919e-03    2.5911e-03    8.1265e-03
  9.4076e+00    8.2274e-05    4.2492e-05    8.8094e-05    1.0703e-03    4.2497e-03    3.9471e-03    1.8950e-03    2.5997e-03    8.0992e-03
  9.4391e+00    8.2525e-05    4.2635e-05    8.8592e-05    1.0750e-03    4.2459e-03    3.9334e-03    1.8980e-03    2.6082e-03    8.0713e-03
  9.4705e+00    8.2768e-05    4.2776e-05    8.9086e-05    1.0796e-03    4.2419e-03    3.9195e-03    1.9010e-03    2.6164e-03    8.0429e-03
  9.5020e+00    8.3002e-05    4.2915e-05    8.9576e-05    1.0841e-03    4.2377e-03    3.9055e-03    1.9040e-03    2.6245e-03    8.0140e-03
  9.5335e+00    8.3228e-05    4.3052e-05    9.0063e-05    1.0885e-03    4.2333e-03    3.8914e-03    1.9069e-03    2.6324e-03    7.9846e-03
  9.5649e+00    8.3447e-05    4.3187e-05    9.0546e-05    1.0927e-03    4.2286e-03    3.8772e-03    1.9097e-03    2.6402e-03    7.9548e-03
  9.5964e+00    8.3659e-05    4.3320e-05    9.1025e-05    1.0969e-03    4.2237e-03    3.8629e-03    1.9125e-03    2.6478e-03    7.9245e-03
  9.6279e+00    8.3865e-05    4.3451e-05    9.1500e-05    1.1010e-03    4.2185e-03    3.8486e-03    1.9153e-03    2.6553e-03    7.8938e-03
  9.6593e+00    8.4065e-05    4.3581e-05    9.1970e-05    1.1049e-03    4.2130e-03    3.8342e-03    1.9180e-03    2.6625e-03    7.8626e-03
  9.6908e+00    8.4260e-05    4.3708e-05    9.2436e-05    1.1087e-03    4.2073e-03    3.8198e-03    1.9206e-03    2.6697e-03    7.8311e-03
  9.7223e+00    8.4450e-05    4.3834e-05    9.2896e-05    1.1125e-03    4.2013e-03    3.8054e-03    1.9233e-03    2.6767e-03    7.7992e-03
  9.7537e+00    8.4636e-05    4.3957e-05    9.3352e-05    1.1161e-03    4.1949e-03    3.7910e-03    1.9258e-03    2.6835e-03    7.7670e-03
  9.7852e+00    8.4818e-05    4.4079e-05    9.3803e-05    1.1196e-03    4.1883e-03    3.7767e-03    1.9284e-03    2.6902e-03    7.7344e-03
  9.8166e+00    8.4997e-05    4.4200e-05    9.4249e-05    1.1230e-03    4.1814e-03    3.7623e-03    1.9309e-03    2.6968e-03    7.7016e-03
  9.8481e+00    8.5174e-05    4.4318e-05    9.4689e-05    1.1263e-03    4.1742e-03    3.7480e-03    1.9333e-03    2.7032e-03    7.6685e-03
  9.8796e+00    8.5348e-05    4.4435e-05    9.5123e-05    1.1295e-03    4.1666e-03    3.7337e-03    1.9357e-03    2.7094e-03    7.6351e-03
  9.9110e+00    8.5520e-05    4.4550e-05    9.5552e-05    1.1325e-03    4.1588e-03    3.7196e-03    1.9381e-03    2.7156e-03    7.6016e-03
  9.9425e+00    8.5691e-05    4.4663e-05    9.5975e-05    1.1355e-03    4.1506e-03    3.7055e-03    1.9405e-03    2.7216e-03    7.5678e-03
  9.9740e+00    8.5861e-05    4.4775e-05    9.6392e-05    1.1384e-03    4.1421e-03    3.6915e-03    1.9428e-03    2.7274e-03    7.5339e-03
  1.0005e+01    8.6031e-05    4.4885e-05    9.6802e-05    1.1412e-03    4.1333e-03    3.6775e-03    1.9451e-03    2.7331e-03    7.4999e-03
  1.0037e+01    8.6200e-05    4.4994e-05    9.7207e-05    1.1439e-03    4.1242e-03    3.6638e-03    1.9474e-03    2.7387e-03    7.4657e-03
  1.0068e+01    8.6370e-05    4.5101e-05    9.7605e-05    1.1465e-03    4.1148e-03    3.6501e-03    1.9496e-03    2.7442e-03    7.4315e-03
  1.0100e+01    8.6540e-05    4.5207e-05    9.7996e-05    1.1490e-03    4.1050e-03    3.6365e-03    1.9519e-03    2.7495e-03    7.3972e-03
  1.0131e+01    8.6712e-05    4.5311e-05    9.8381e-05    1.1514e-03    4.0949e-03    3.6231e-03    1.9541e-03    2.7547e-03    7.3629e-03
  1.0163e+01    8.6884e-05    4.5413e-05    9.8759e-05    1.1537e-03    4.0845e-03    3.6098e-03    1.9562e-03    2.7598e-03    7.3285e-03
  1.0194e+01    8.7058e-05    4.5515e-05    9.9131e-05    1.1559e-03    4.0738e-03    3.5967e-03    1.9584e-03    2.7647e-03    7.2942e-03
  1.0226e+01    8.7233e-05    4.5614e-05    9.9495e-05    1.1580e-03    4.0628e-03    3.5837e-03    1.9605e-03    2.7695e-03    7.2599e-03
  1.0257e+01    8.7410e-05    4.5713e-05    9.9853e-05    1.1600e-03    4.0515e-03    3.5709e-03    1.9627e-03    2.7742e-03    7.2257e-03
  1.0289e+01    8.7589e-05    4.5810e-05    1.0020e-04    1.1620e-03    4.0399e-03    3.5582e-03    1.9647e-03    2.7787e-03    7.1916e-03
  1.0320e+01    8.7770e-05    4.5905e-05    1.0055e-04    1.1638e-03    4.0279e-03    3.5457e-03    1.9668e-03    2.7832e-03    7.1576e-03
  1.0352e+01    8.7953e-05    4.6000e-05    1.0088e-04    1.1656e-03    4.0157e-03    3.5334e-03    1.9689e-03    2.7875e-03    7.1237e-03
  1.0383e+01    8.8139e-05    4.6093e-05    1.0121e-04    1.1673e-03    4.0032e-03    3.5212e-03    1.9709e-03    2.7916e-03    7.0899e-03
  1.0414e+01    8.8326e-05    4.6184e-05    1.0154e-04    1.1689e-03    3.9904e-03    3.5092e-03    1.9729e-03    2.7957e-03    7.0563e-03
  1.0446e+01    8.8516e-05    4.6275e-05    1.0185e-04    1.1704e-03    3.9773e-03    3.4973e-03    1.9749e-03    2.7996e-03    7.0229e-03
  1.0477e+01    8.8709e-05    4.6364e-05    1.0216e-04    1.1718e-03    3.9639e-03    3.4856e-03    1.9769e-03    2.8034e-03    6.9897e-03
  1.0509e+01    8.8903e-05    4.6452e-05    1.0246e-04    1.1732e-03    3.9503e-03    3.4740e-03    1.9788e-03    2.8070e-03    6.9568e-03
  1.0540e+01    8.9100e-05    4.6538e-05    1.0275e-04    1.1745e-03    3.9363e-03    3.4626e-03    1.9807e-03    2.8105e-03    6.9240e-03
  1.0572e+01    8.9299e-05    4.6623e-05    1.0304e-04    1.1757e-03    3.9222e-03    3.4514e-03    1.9826e-03    2.8139e-03    6.8915e-03
  1.0603e+01    8.9500e-05    4.6707e-05    1.0332e-04    1.1768e-03    3.9077e-03    3.4403e-03    1.9845e-03    2.8172e-03    6.8593e-03
  1.0635e+01    8.9702e-05    4.6790e-05    1.0359e-04    1.1779e-03    3.8931e-03    3.4293e-03    1.9863e-03    2.8203e-03    6.8273e-03
  1.0666e+01    8.9907e-05    4.6872e-05    1.0386e-04    1.1788e-03    3.8781e-03    3.4185e-03    1.9881e-03    2.8233e-03    6.7956e-03
  1.0698e+01    9.0113e-05    4.6952e-05    1.0412e-04    1.1798e-03    3.8630e-03    3.4078e-03    1.9899e-03    2.8262e-03    6.7642e-03
  1.0729e+01    9.0320e-05    4.7032e-05    1.0437e-04    1.1806e-03    3.8476e-03    3.3972e-03    1.9916e-03    2.8289e-03    6.7331e-03
  1.0761e+01    9.0529e-05    4.7110e-05    1.0462e-04    1.1814e-03    3.8319e-03    3.3867e-03    1.9933e-03    2.8315e-03    6.7023e-03
  1.0792e+01    9.0739e-05    4.7187e-05    1.0486e-04    1.1821e-03    3.8161e-03    3.3763e-03    1.9950e-03    2.8340e-03    6.6718e-03
  1.0823e+01    9.0949e-05    4.7262e-05    1.0509e-04    1.1828e-03    3.8000e-03    3.3661e-03    1.9966e-03    2.8363e-03    6.6416e-03
  1.0855e+01    9.1160e-05    4.7337e-05    1.0532e-04    1.1834e-03    3.7838e-03    3.3559e-03    1.9982e-03    2.8385e-03    6.6118e-03
  1.0886e+01    9.1372e-05    4.7410e-05    1.0554e-04    1.1839e-03    3.7673e-03    3.3458e-03    1.9997e-03    2.8406e-03    6.5822e-03
  1.0918e+01    9.1583e-05    4.7482e-05    1.0575e-04    1.1843e-03    3.7506e-03    3.3358e-03    2.0012e-03    2.8425e-03    6.5530e-03
  1.0949e+01    9.1795e-05    4.7553e-05    1.0596e-04    1.1848e-03    3.7338e-03    3.3259e-03    2.0027e-03    2.8443e-03    6.5241e-03
  1.0981e+01    9.2006e-05    4.7623e-05    1.0616e-04    1.1851e-03    3.7167e-03    3.3160e-03    2.0041e-03    2.8459e-03    6.4956e-03
  1.1012e+01    9.2217e-05    4.7692e-05    1.0636e-04    1.1854e-03    3.6995e-03    3.3062e-03    2.0054e-03    2.8474e-03    6.4673e-03
  1.1044e+01    9.2427e-05    4.7760e-05    1.0655e-04    1.1856e-03    3.6821e-03    3.2964e-03    2.0067e-03    2.8488e-03    6.4394e-03
  1.1075e+01    9.2636e-05    4.7826e-05    1.0674e-04    1.1858e-03    3.6645e-03    3.2866e-03    2.0079e-03    2.8501e-03    6.4118e-03
  1.1107e+01    9.2844e-05    4.7892e-05    1.0692e-04    1.1860e-03    3.6468e-03    3.2769e-03    2.0091e-03    2.8512e-03    6.3844e-03
  1.1138e+01    9.3051e-05    4.7956e-05    1.0710e-04    1.1860e-03    3.6289e-03    3.2672e-03    2.0102e-03    2.8521e-03    6.3574e-03
  1.1170e+01    9.3256e-05    4.8020e-05    1.0727e-04    1.1861e-03    3.6109e-03    3.2575e-03    2.0113e-03    2.8530e-03    6.3307e-03
  1.1201e+01    9.3459e-05    4.8082e-05    1.0744e-04    1.1861e-03    3.5927e-03    3.2479e-03    2.0122e-03    2.8537e-03    6.3043e-03
  1.1233e+01    9.3661e-05    4.8143e-05    1.0760e-04    1.1860e-03    3.5743e-03    3.2382e-03    2.0132e-03    2.8543e-03    6.2782e-03
  1.1264e+01    9.3860e-05    4.8203e-05    1.0776e-04    1.1859e-03    3.5558e-03    3.2285e-03    2.0140e-03    2.8547e-03    6.2524e-03
  1.1295e+01    9.4057e-05    4.8263e-05    1.0791e-04    1.1857e-03    3.5372e-03    3.2188e-03    2.0148e-03    2.8551e-03    6.2268e-03
  1.1327e+01    9.4252e-05    4.8321e-05    1.0806e-04    1.1855e-03    3.5185e-03    3.2091e-03    2.0156e-03    2.8553e-03    6.2015e-03
  1.1358e+01    9.4445e-05    4.8378e-05    1.0821e-04    1.1853e-03    3.4996e-03    3.1993e-03    2.0162e-03    2.8553e-03    6.1764e-03
  1.1390e+01    9.4635e-05    4.8435e-05    1.0835e-04    1.1850e-03    3.4806e-03    3.1895e-03    2.0168e-03    2.8553e-03    6.1516e-03
  1.1421e+01    9.4823e-05    4.8490e-05    1.0849e-04    1.1846e-03    3.4615e-03    3.1797e-03    2.0174e-03    2.8551e-03    6.1271e-03
  1.1453e+01    9.5008e-05    4.8545e-05    1.0863e-04    1.1843e-03    3.4422e-03    3.1698e-03    2.0178e-03    2.8549e-03    6.1027e-03
  1.1484e+01    9.5191e-05    4.8599e-05    1.0876e-04    1.1838e-03    3.4228e-03    3.1598e-03    2.0182e-03    2.8545e-03    6.0786e-03
  1.1516e+01    9.5371e-05    4.8652e-05    1.0889e-04    1.1834e-03    3.4034e-03    3.1499e-03    2.0185e-03    2.8540e-03    6.0546e-03
  1.1547e+01    9.5548e-05    4.8704e-05    1.0902e-04    1.1829e-03    3.3838e-03    3.1398e-03    2.0188e-03    2.8534e-03    6.0309e-03
  1.1579e+01    9.5723e-05    4.8756e-05    1.0914e-04    1.1824e-03    3.3641e-03    3.1297e-03    2.0190e-03    2.8526e-03    6.0073e-03
  1.1610e+01    9.5895e-05    4.8807e-05    1.0926e-04    1.1818e-03    3.3443e-03    3.1195e-03    2.0191e-03    2.8518e-03    5.9839e-03
  1.1642e+01    9.6065e-05    4.8857e-05    1.0938e-04    1.1812e-03    3.3244e-03    3.1093e-03    2.0192e-03    2.8509e-03    5.9607e-03
  1.1673e+01    9.6232e-05    4.8907e-05    1.0950e-04    1.1806e-03    3.3044e-03    3.0990e-03    2.0192e-03    2.8499e-03    5.9376e-03
  1.1704e+01    9.6398e-05    4.8956e-05    1.0962e-04    1.1799e-03    3.2843e-03    3.0886e-03    2.0191e-03    2.8487e-03    5.9147e-03
  1.1736e+01    9.6561e-05    4.9004e-05    1.0973e-04    1.1793e-03    3.2641e-03    3.0781e-03    2.0190e-03    2.8475e-03    5.8919e-03
  1.1767e+01    9.6722e-05    4.9053e-05    1.0985e-04    1.1785e-03    3.2438e-03    3.0676e-03    2.0188e-03    2.8462e-03    5.8692e-03
  1.1799e+01    9.6881e-05    4.9100e-05    1.0996e-04    1.1778e-03    3.2234e-03    3.0570e-03    2.0186e-03    2.8448e-03    5.8466e-03
  1.1830e+01    9.7038e-05    4.9148e-05    1.1007e-04    1.1770e-03    3.2029e-03    3.0463e-03    2.0183e-03    2.8434e-03    5.8241e-03
  1.1862e+01    9.7194e-05    4.9195e-05    1.1018e-04    1.1762e-03    3.1824e-03    3.0355e-03    2.0180e-03    2.8418e-03    5.8017e-03
  1.1893e+01    9.7349e-05    4.9242e-05    1.1029e-04    1.1754e-03    3.1617e-03    3.0247e-03    2.0176e-03    2.8402e-03    5.7794e-03
  1.1925e+01    9.7502e-05    4.9289e-05    1.1040e-04    1.1746e-03    3.1410e-03    3.0137e-03    2.0172e-03    2.8385e-03    5.7571e-03
  1.1956e+01    9.7654e-05    4.9336e-05    1.1051e-04    1.1737e-03    3.1202e-03    3.0028e-03    2.0167e-03    2.8367e-03    5.7349e-03
  1.1988e+01    9.7806e-05    4.9383e-05    1.1062e-04    1.1728e-03    3.0993e-03    2.9917e-03    2.0162e-03    2.8348e-03    5.7128e-03
  1.2019e+01    9.7956e-05    4.9430e-05    1.1073e-04    1.1719e-03    3.0783e-03    2.9805e-03    2.0157e-03    2.8329e-03    5.6906e-03
  1.2051e+01    9.8107e-05    4.9478e-05    1.1084e-04    1.1710e-03    3.0572e-03    2.9693e-03    2.0151e-03    2.8309e-03    5.6686e-03
  1.2082e+01    9.8257e-05    4.9525e-05    1.1094e-04    1.1700e-03    3.0361e-03    2.9581e-03    2.0145e-03    2.8289e-03    5.6465e-03
  1.2113e+01    9.8407e-05    4.9573e-05    1.1105e-04    1.1691e-03    3.0149e-03    2.9467e-03    2.0139e-03    2.8268e-03    5.6245e-03
  1.2145e+01    9.8557e-05    4.9622e-05    1.1117e-04    1.1681e-03    2.9936e-03    2.9353e-03    2.0133e-03    2.8247e-03    5.6025e-03
  1.2176e+01    9.8708e-05    4.9671e-05    1.1128e-04    1.1671e-03    2.9723e-03    2.9238e-03    2.0126e-03    2.8224e-03    5.5805e-03
  1.2208e+01    9.8860e-05    4.9720e-05    1.1139e-04    1.1661e-03    2.9509e-03    2.9123e-03    2.0120e-03    2.8202e-03    5.5585e-03
  1.2239e+01    9.9012e-05    4.9770e-05    1.1150e-04    1.1651e-03    2.9294e-03    2.9007e-03    2.0113e-03    2.8179e-03    5.5366e-03
  1.2271e+01    9.9165e-05    4.9821e-05    1.1162e-04    1.1641e-03    2.9079e-03    2.8891e-03    2.0106e-03    2.8155e-03    5.5146e-03
  1.2302e+01    9.9319e-05    4.9873e-05    1.1174e-04    1.1630e-03    2.8863e-03    2.8774e-03    2.0099e-03    2.8131e-03    5.4926e-03
  1.2334e+01    9.9475e-05    4.9926e-05    1.1186e-04    1.1620e-03    2.8647e-03    2.8657e-03    2.0092e-03    2.8106e-03    5.4705e-03
  1.2365e+01    9.9631e-05    4.9980e-05    1.1198e-04    1.1610e-03    2.8430e-03    2.8539e-03    2.0085e-03    2.8081e-03    5.4485e-03
  1.2397e+01    9.9790e-05    5.0035e-05    1.1210e-04    1.1599e-03    2.8212e-03    2.8421e-03    2.0078e-03    2.8056e-03    5.4265e-03
  1.2428e+01    9.9950e-05    5.0091e-05    1.1223e-04    1.1589e-03    2.7994e-03    2.8302e-03    2.0072e-03    2.8030e-03    5.4044e-03
  1.2460e+01    1.0011e-04    5.0149e-05    1.1236e-04    1.1578e-03    2.7776e-03    2.8184e-03    2.0065e-03    2.8003e-03    5.3823e-03
  1.2491e+01    1.0028e-04    5.0208e-05    1.1249e-04    1.1568e-03    2.7557e-03    2.8065e-03    2.0058e-03    2.7977e-03    5.3602e-03
  1.2523e+01    1.0044e-04    5.0269e-05    1.1263e-04    1.1557e-03    2.7338e-03    2.7945e-03    2.0052e-03    2.7949e-03    5.3380e-03
  1.2554e+01    1.0061e-04    5.0331e-05    1.1276e-04    1.1547e-03    2.7119e-03    2.7826e-03    2.0046e-03    2.7922e-03    5.3158e-03
  1.2585e+01    1.0078e-04    5.0396e-05    1.1291e-04    1.1536e-03    2.6899e-03    2.7706e-03    2.0040e-03    2.7894e-03    5.2936e-03
  1.2617e+01    1.0095e-04    5.0461e-05    1.1305e-04    1.1526e-03    2.6679e-03    2.7586e-03    2.0035e-03    2.7865e-03    5.2714e-03
  1.2648e+01    1.0112e-04    5.0529e-05    1.1320e-04    1.1515e-03    2.6459e-03    2.7466e-03    2.0029e-03    2.7836e-03    5.2492e-03
  1.2680e+01    1.0130e-04    5.0599e-05    1.1336e-04    1.1505e-03    2.6239e-03    2.7346e-03    2.0024e-03    2.7807e-03    5.2269e-03
  1.2711e+01    1.0148e-04    5.0671e-05    1.1352e-04    1.1495e-03    2.6019e-03    2.7226e-03    2.0019e-03    2.7777e-03    5.2046e-03
  1.2743e+01    1.0166e-04    5.0745e-05    1.1368e-04    1.1485e-03    2.5798e-03    2.7106e-03    2.0015e-03    2.7747e-03    5.1823e-03
  1.2774e+01    1.0184e-04    5.0822e-05    1.1385e-04    1.1474e-03    2.5578e-03    2.6985e-03    2.0011e-03    2.7717e-03    5.1599e-03
  1.2806e+01    1.0202e-04    5.0901e-05    1.1402e-04    1.1464e-03    2.5358e-03    2.6865e-03    2.0007e-03    2.7686e-03    5.1376e-03
  1.2837e+01    1.0221e-04    5.0982e-05    1.1420e-04    1.1455e-03    2.5138e-03    2.6745e-03    2.0004e-03    2.7655e-03    5.1152e-03
  1.2869e+01    1.0239e-04    5.1065e-05    1.1438e-04    1.1445e-03    2.4918e-03    2.6625e-03    2.0001e-03    2.7623e-03    5.0928e-03
  1.2900e+01    1.0258e-04    5.1152e-05    1.1457e-04    1.1435e-03    2.4698e-03    2.6505e-03    1.9998e-03    2.7591e-03    5.0704e-03
  1.2932e+01    1.0277e-04    5.1240e-05    1.1477e-04    1.1425e-03    2.4478e-03    2.6385e-03    1.9996e-03    2.7558e-03    5.0480e-03
  1.2963e+01    1.0296e-04    5.1332e-05    1.1497e-04    1.1416e-03    2.4259e-03    2.6266e-03    1.9994e-03    2.7525e-03    5.0255e-03
  1.2994e+01    1.0315e-04    5.1426e-05    1.1518e-04    1.1406e-03    2.4040e-03    2.6146e-03    1.9992e-03    2.7491e-03    5.0031e-03
  1.3026e+01    1.0334e-04    5.1523e-05    1.1539e-04    1.1397e-03    2.3822e-03    2.6027e-03    1.9991e-03    2.7457e-03    4.9806e-03
  1.3057e+01    1.0353e-04    5.1623e-05    1.1561e-04    1.1388e-03    2.3604e-03    2.5907e-03    1.9990e-03    2.7423e-03    4.9582e-03
  1.3089e+01    1.0372e-04    5.1726e-05    1.1584e-04    1.1379e-03    2.3387e-03    2.5788e-03    1.9989e-03    2.7387e-03    4.9357e-03
  1.3120e+01    1.0390e-04    5.1831e-05    1.1608e-04    1.1370e-03    2.3170e-03    2.5670e-03    1.9989e-03    2.7352e-03    4.9133e-03
  1.3152e+01    1.0409e-04    5.1940e-05    1.1632e-04    1.1361e-03    2.2954e-03    2.5551e-03    1.9989e-03    2.7316e-03    4.8909e-03
  1.3183e+01    1.0428e-04    5.2051e-05    1.1657e-04    1.1352e-03    2.2739e-03    2.5433e-03    1.9989e-03    2.7279e-03    4.8684e-03
  1.3215e+01    1.0447e-04    5.2166e-05    1.1683e-04    1.1343e-03    2.2524e-03    2.5315e-03    1.9990e-03    2.7242e-03    4.8460e-03
  1.3246e+01    1.0465e-04    5.2283e-05    1.1709e-04    1.1335e-03    2.2311e-03    2.5197e-03    1.9990e-03    2.7205e-03    4.8236e-03
  1.3278e+01    1.0483e-04    5.2404e-05    1.1737e-04    1.1326e-03    2.2098e-03    2.5079e-03    1.9991e-03    2.7166e-03    4.8012e-03
  1.3309e+01    1.0501e-04    5.2527e-05    1.1765e-04    1.1318e-03    2.1886e-03    2.4962e-03    1.9993e-03    2.7128e-03    4.7788e-03
  1.3341e+01    1.0519e-04    5.2654e-05    1.1794e-04    1.1309e-03    2.1675e-03    2.4844e-03    1.9994e-03    2.7088e-03    4.7565e-03
  1.3372e+01    1.0537e-04    5.2783e-05    1.1824e-04    1.1301e-03    2.1465e-03    2.4727e-03    1.9996e-03    2.7049e-03    4.7341e-03
  1.3403e+01    1.0554e-04    5.2916e-05    1.1854e-04    1.1293e-03    2.1257e-03    2.4611e-03    1.9998e-03    2.7008e-03    4.7118e-03
  1.3435e+01    1.0571e-04    5.3051e-05    1.1886e-04    1.1284e-03    2.1049e-03    2.4494e-03    1.9999e-03    2.6967e-03    4.6895e-03
  1.3466e+01    1.0587e-04    5.3189e-05    1.1918e-04    1.1276e-03    2.0843e-03    2.4378e-03    2.0001e-03    2.6926e-03    4.6672e-03
  1.3498e+01    1.0603e-04    5.3330e-05    1.1952e-04    1.1268e-03    2.0638e-03    2.4262e-03    2.0003e-03    2.6884e-03    4.6450e-03
  1.3529e+01    1.0619e-04    5.3474e-05    1.1986e-04    1.1259e-03    2.0434e-03    2.4146e-03    2.0005e-03    2.6841e-03    4.6228e-03
  1.3561e+01    1.0634e-04    5.3621e-05    1.2021e-04    1.1251e-03    2.0231e-03    2.4030e-03    2.0008e-03    2.6798e-03    4.6006e-03
  1.3592e+01    1.0649e-04    5.3770e-05    1.2057e-04    1.1243e-03    2.0030e-03    2.3915e-03    2.0010e-03    2.6755e-03    4.5784e-03
  1.3624e+01    1.0663e-04    5.3922e-05    1.2094e-04    1.1234e-03    1.9830e-03    2.3799e-03    2.0012e-03    2.6710e-03    4.5563e-03
  1.3655e+01    1.0677e-04    5.4077e-05    1.2132e-04    1.1226e-03    1.9631e-03    2.3684e-03    2.0013e-03    2.6665e-03    4.5342e-03
  1.3687e+01    1.0690e-04    5.4235e-05    1.2171e-04    1.1217e-03    1.9434e-03    2.3569e-03    2.0015e-03    2.6620e-03    4.5121e-03
  1.3718e+01    1.0703e-04    5.4394e-05    1.2211e-04    1.1208e-03    1.9239e-03    2.3454e-03    2.0017e-03    2.6574e-03    4.4901e-03
  1.3750e+01    1.0715e-04    5.4557e-05    1.2252e-04    1.1199e-03    1.9045e-03    2.3339e-03    2.0018e-03    2.6527e-03    4.4681e-03
  1.3781e+01    1.0726e-04    5.4721e-05    1.2293e-04    1.1190e-03    1.8852e-03    2.3224e-03    2.0020e-03    2.6480e-03    4.4461e-03
  1.3813e+01    1.0737e-04    5.4888e-05    1.2336e-04    1.1181e-03    1.8662e-03    2.3109e-03    2.0021e-03    2.6433e-03    4.4242e-03
  1.3844e+01    1.0747e-04    5.5057e-05    1.2380e-04    1.1172e-03    1.8472e-03    2.2995e-03    2.0021e-03    2.6385e-03    4.4023e-03
  1.3875e+01    1.0757e-04    5.5228e-05    1.2424e-04    1.1162e-03    1.8284e-03    2.2880e-03    2.0022e-03    2.6336e-03    4.3805e-03
  1.3907e+01    1.0766e-04    5.5401e-05    1.2470e-04    1.1152e-03    1.8098e-03    2.2765e-03    2.0022e-03    2.6287e-03    4.3586e-03
  1.3938e+01    1.0774e-04    5.5576e-05    1.2516e-04    1.1142e-03    1.7914e-03    2.2651e-03    2.0022e-03    2.6237e-03    4.3368e-03
  1.3970e+01    1.0782e-04    5.5753e-05    1.2563e-04    1.1132e-03    1.7731e-03    2.2536e-03    2.0021e-03    2.6186e-03    4.3151e-03
  1.4001e+01    1.0789e-04    5.5932e-05    1.2611e-04    1.1121e-03    1.7550e-03    2.2421e-03    2.0020e-03    2.6136e-03    4.2934e-03
  1.4033e+01    1.0796e-04    5.6112e-05    1.2661e-04    1.1110e-03    1.7370e-03    2.2307e-03    2.0019e-03    2.6084e-03    4.2717e-03
  1.4064e+01    1.0801e-04    5.6294e-05    1.2711e-04    1.1098e-03    1.7192e-03    2.2192e-03    2.0017e-03    2.6032e-03    4.2501e-03
  1.4096e+01    1.0807e-04    5.6477e-05    1.2761e-04    1.1087e-03    1.7016e-03    2.2077e-03    2.0015e-03    2.5980e-03    4.2285e-03
  1.4127e+01    1.0811e-04    5.6662e-05    1.2813e-04    1.1074e-03    1.6842e-03    2.1962e-03    2.0012e-03    2.5927e-03    4.2069e-03
  1.4159e+01    1.0816e-04    5.6848e-05    1.2866e-04    1.1062e-03    1.6669e-03    2.1846e-03    2.0009e-03    2.5874e-03    4.1854e-03
  1.4190e+01    1.0819e-04    5.7035e-05    1.2919e-04    1.1049e-03    1.6498e-03    2.1731e-03    2.0005e-03    2.5820e-03    4.1639e-03
  1.4222e+01    1.0822e-04    5.7224e-05    1.2974e-04    1.1035e-03    1.6328e-03    2.1615e-03    2.0000e-03    2.5766e-03    4.1425e-03
  1.4253e+01    1.0825e-04    5.7413e-05    1.3029e-04    1.1021e-03    1.6160e-03    2.1500e-03    1.9995e-03    2.5711e-03    4.1211e-03
  1.4284e+01    1.0827e-04    5.7603e-05    1.3084e-04    1.1007e-03    1.5994e-03    2.1384e-03    1.9990e-03    2.5656e-03    4.0997e-03
  1.4316e+01    1.0829e-04    5.7794e-05    1.3141e-04    1.0992e-03    1.5829e-03    2.1268e-03    1.9984e-03    2.5600e-03    4.0784e-03
  1.4347e+01    1.0830e-04    5.7986e-05    1.3198e-04    1.0976e-03    1.5666e-03    2.1152e-03    1.9977e-03    2.5544e-03    4.0571e-03
  1.4379e+01    1.0831e-04    5.8179e-05    1.3257e-04    1.0960e-03    1.5505e-03    2.1035e-03    1.9969e-03    2.5487e-03    4.0359e-03
  1.4410e+01    1.0831e-04    5.8372e-05    1.3315e-04    1.0943e-03    1.5345e-03    2.0918e-03    1.9961e-03    2.5430e-03    4.0147e-03
  1.4442e+01    1.0831e-04    5.8566e-05    1.3375e-04    1.0926e-03    1.5187e-03    2.0802e-03    1.9952e-03    2.5372e-03    3.9936e-03
  1.4473e+01    1.0831e-04    5.8760e-05    1.3435e-04    1.0908e-03    1.5030e-03    2.0684e-03    1.9943e-03    2.5314e-03    3.9725e-03
  1.4505e+01    1.0831e-04    5.8955e-05    1.3496e-04    1.0890e-03    1.4875e-03    2.0567e-03    1.9932e-03    2.5256e-03    3.9515e-03
  1.4536e+01    1.0830e-04    5.9150e-05    1.3557e-04    1.0870e-03    1.4722e-03    2.0450e-03    1.9921e-03    2.5197e-03    3.9305e-03
  1.4568e+01    1.0830e-04    5.9346e-05    1.3619e-04    1.0851e-03    1.4570e-03    2.0332e-03    1.9909e-03    2.5138e-03    3.9096e-03
  1.4599e+01    1.0829e-04    5.9542e-05    1.3682e-04    1.0830e-03    1.4420e-03    2.0214e-03    1.9896e-03    2.5078e-03    3.8887e-03
  1.4631e+01    1.0828e-04    5.9738e-05    1.3745e-04    1.0809e-03    1.4271e-03    2.0096e-03    1.9883e-03    2.5018e-03    3.8679e-03
  1.4662e+01    1.0827e-04    5.9934e-05    1.3808e-04    1.0787e-03    1.4123e-03    1.9977e-03    1.9869e-03    2.4957e-03    3.8472e-03
  1.4694e+01    1.0826e-04    6.0131e-05    1.3873e-04    1.0764e-03    1.3977e-03    1.9859e-03    1.9854e-03    2.4896e-03    3.8265e-03
  1.4725e+01    1.0825e-04    6.0327e-05    1.3937e-04    1.0741e-03    1.3833e-03    1.9740e-03    1.9838e-03    2.4834e-03    3.8059e-03
  1.4756e+01    1.0825e-04    6.0524e-05    1.4002e-04    1.0717e-03    1.3689e-03    1.9621e-03    1.9821e-03    2.4772e-03    3.7854e-03
  1.4788e+01    1.0824e-04    6.0721e-05    1.4068e-04    1.0692e-03    1.3548e-03    1.9502e-03    1.9803e-03    2.4710e-03    3.7649e-03
  1.4819e+01    1.0824e-04    6.0919e-05    1.4134e-04    1.0667e-03    1.3407e-03    1.9383e-03    1.9785e-03    2.4647e-03    3.7445e-03
  1.4851e+01    1.0824e-04    6.1116e-05    1.4200e-04    1.0641e-03    1.3268e-03    1.9264e-03    1.9765e-03    2.4584e-03    3.7242e-03
  1.4882e+01    1.0824e-04    6.1314e-05    1.4266e-04    1.0614e-03    1.3131e-03    1.9144e-03    1.9745e-03    2.4520e-03    3.7040e-03
  1.4914e+01    1.0825e-04    6.1511e-05    1.4333e-04    1.0586e-03    1.2994e-03    1.9025e-03    1.9724e-03    2.4455e-03    3.6838e-03
  1.4945e+01    1.0826e-04    6.1709e-05    1.4401e-04    1.0558e-03    1.2859e-03    1.8906e-03    1.9701e-03    2.4391e-03    3.6638e-03
  1.4977e+01    1.0827e-04    6.1907e-05    1.4468e-04    1.0529e-03    1.2725e-03    1.8786e-03    1.9678e-03    2.4325e-03    3.6438e-03
  1.5008e+01    1.0829e-04    6.2106e-05    1.4536e-04    1.0499e-03    1.2593e-03    1.8667e-03    1.9654e-03    2.4260e-03    3.6239e-03
  1.5040e+01    1.0831e-04    6.2305e-05    1.4604e-04    1.0468e-03    1.2462e-03    1.8547e-03    1.9629e-03    2.4193e-03    3.6041e-03
  1.5071e+01    1.0834e-04    6.2504e-05    1.4673e-04    1.0437e-03    1.2332e-03    1.8428e-03    1.9603e-03    2.4127e-03    3.5844e-03
  1.5103e+01    1.0838e-04    6.2703e-05    1.4741e-04    1.0404e-03    1.2203e-03    1.8309e-03    1.9576e-03    2.4059e-03    3.5648e-03
  1.5134e+01    1.0842e-04    6.2903e-05    1.4810e-04    1.0371e-03    1.2075e-03    1.8190e-03    1.9548e-03    2.3992e-03    3.5454e-03
  1.5165e+01    1.0847e-04    6.3104e-05    1.4879e-04    1.0338e-03    1.1949e-03    1.8071e-03    1.9519e-03    2.3924e-03    3.5260e-03
  1.5197e+01    1.0852e-04    6.3305e-05    1.4949e-04    1.0303e-03    1.1823e-03    1.7952e-03    1.9489e-03    2.3855e-03    3.5067e-03
  1.5228e+01    1.0859e-04    6.3507e-05    1.5018e-04    1.0268e-03    1.1699e-03    1.7834e-03    1.9458e-03    2.3786e-03    3.4876e-03
  1.5260e+01    1.0866e-04    6.3709e-05    1.5088e-04    1.0233e-03    1.1576e-03    1.7716e-03    1.9427e-03    2.3716e-03    3.4685e-03
  1.5291e+01    1.0873e-04    6.3913e-05    1.5158e-04    1.0196e-03    1.1454e-03    1.7598e-03    1.9394e-03    2.3646e-03    3.4496e-03
  1.5323e+01    1.0882e-04    6.4117e-05    1.5228e-04    1.0159e-03    1.1333e-03    1.7481e-03    1.9360e-03    2.3576e-03    3.4309e-03
  1.5354e+01    1.0891e-04    6.4323e-05    1.5299e-04    1.0121e-03    1.1213e-03    1.7364e-03    1.9325e-03    2.3505e-03    3.4122e-03
  1.5386e+01    1.0902e-04    6.4530e-05    1.5369e-04    1.0083e-03    1.1095e-03    1.7247e-03    1.9289e-03    2.3433e-03    3.3937e-03
  1.5417e+01    1.0913e-04    6.4738e-05    1.5440e-04    1.0044e-03    1.0977e-03    1.7131e-03    1.9252e-03    2.3361e-03    3.3753e-03
  1.5449e+01    1.0925e-04    6.4947e-05    1.5512e-04    1.0004e-03    1.0860e-03    1.7015e-03    1.9214e-03    2.3289e-03    3.3570e-03
  1.5480e+01    1.0938e-04    6.5159e-05    1.5583e-04    9.9635e-04    1.0745e-03    1.6900e-03    1.9175e-03    2.3216e-03    3.3389e-03
  1.5512e+01    1.0952e-04    6.5371e-05    1.5655e-04    9.9226e-04    1.0630e-03    1.6786e-03    1.9135e-03    2.3143e-03    3.3209e-03
  1.5543e+01    1.0967e-04    6.5586e-05    1.5727e-04    9.8811e-04    1.0517e-03    1.6672e-03    1.9094e-03    2.3069e-03    3.3031e-03
  1.5574e+01    1.0983e-04    6.5803e-05    1.5799e-04    9.8391e-04    1.0404e-03    1.6558e-03    1.9052e-03    2.2995e-03    3.2854e-03
  1.5606e+01    1.0999e-04    6.6021e-05    1.5872e-04    9.7966e-04    1.0293e-03    1.6446e-03    1.9010e-03    2.2920e-03    3.2678e-03
  1.5637e+01    1.1017e-04    6.6242e-05    1.5945e-04    9.7535e-04    1.0182e-03    1.6334e-03    1.8966e-03    2.2845e-03    3.2504e-03
  1.5669e+01    1.1036e-04    6.6466e-05    1.6018e-04    9.7100e-04    1.0072e-03    1.6223e-03    1.8921e-03    2.2770e-03    3.2332e-03
  1.5700e+01    1.1055e-04    6.6692e-05    1.6092e-04    9.6660e-04    9.9636e-04    1.6112e-03    1.8876e-03    2.2695e-03    3.2161e-03
  1.5732e+01    1.1075e-04    6.6920e-05    1.6166e-04    9.6216e-04    9.8559e-04    1.6003e-03    1.8829e-03    2.2619e-03    3.1991e-03
  1.5763e+01    1.1097e-04    6.7152e-05    1.6241e-04    9.5767e-04    9.7492e-04    1.5894e-03    1.8782e-03    2.2543e-03    3.1823e-03
  1.5795e+01    1.1119e-04    6.7387e-05    1.6316e-04    9.5315e-04    9.6434e-04    1.5786e-03    1.8734e-03    2.2466e-03    3.1657e-03
  1.5826e+01    1.1142e-04    6.7625e-05    1.6391e-04    9.4860e-04    9.5385e-04    1.5679e-03    1.8685e-03    2.2390e-03    3.1492e-03
  1.5858e+01    1.1166e-04    6.7866e-05    1.6468e-04    9.4401e-04    9.4346e-04    1.5573e-03    1.8635e-03    2.2313e-03    3.1329e-03
  1.5889e+01    1.1190e-04    6.8111e-05    1.6544e-04    9.3939e-04    9.3316e-04    1.5468e-03    1.8585e-03    2.2236e-03    3.1168e-03
  1.5921e+01    1.1216e-04    6.8360e-05    1.6622e-04    9.3475e-04    9.2295e-04    1.5363e-03    1.8534e-03    2.2159e-03    3.1008e-03
  1.5952e+01    1.1242e-04    6.8613e-05    1.6700e-04    9.3008e-04    9.1284e-04    1.5260e-03    1.8482e-03    2.2081e-03    3.0849e-03
  1.5984e+01    1.1269e-04    6.8870e-05    1.6778e-04    9.2538e-04    9.0282e-04    1.5158e-03    1.8429e-03    2.2004e-03    3.0693e-03
  1.6015e+01    1.1296e-04    6.9131e-05    1.6858e-04    9.2067e-04    8.9290e-04    1.5056e-03    1.8376e-03    2.1927e-03    3.0538e-03
  1.6046e+01    1.1325e-04    6.9397e-05    1.6938e-04    9.1595e-04    8.8306e-04    1.4956e-03    1.8322e-03    2.1849e-03    3.0384e-03
  1.6078e+01    1.1353e-04    6.9667e-05    1.7019e-04    9.1120e-04    8.7332e-04    1.4856e-03    1.8268e-03    2.1772e-03    3.0233e-03
  1.6109e+01    1.1383e-04    6.9942e-05    1.7101e-04    9.0645e-04    8.6368e-04    1.4758e-03    1.8213e-03    2.1695e-03    3.0083e-03
  1.6141e+01    1.1412e-04    7.0222e-05    1.7183e-04    9.0169e-04    8.5412e-04    1.4661e-03    1.8158e-03    2.1617e-03    2.9934e-03
  1.6172e+01    1.1443e-04    7.0508e-05    1.7267e-04    8.9693e-04    8.4466e-04    1.4564e-03    1.8102e-03    2.1540e-03    2.9787e-03
  1.6204e+01    1.1473e-04    7.0798e-05    1.7351e-04    8.9216e-04    8.3529e-04    1.4469e-03    1.8046e-03    2.1463e-03    2.9642e-03
  1.6235e+01    1.1504e-04    7.1094e-05    1.7437e-04    8.8739e-04    8.2602e-04    1.4375e-03    1.7990e-03    2.1387e-03    2.9499e-03
  1.6267e+01    1.1535e-04    7.1396e-05    1.7523e-04    8.8263e-04    8.1684e-04    1.4281e-03    1.7933e-03    2.1310e-03    2.9357e-03
  1.6298e+01    1.1566e-04    7.1703e-05    1.7611e-04    8.7786e-04    8.0775e-04    1.4189e-03    1.7876e-03    2.1234e-03    2.9216e-03
  1.6330e+01    1.1598e-04    7.2017e-05    1.7699e-04    8.7311e-04    7.9875e-04    1.4098e-03    1.7818e-03    2.1158e-03    2.9078e-03
  1.6361e+01    1.1629e-04    7.2336e-05    1.7789e-04    8.6837e-04    7.8986e-04    1.4007e-03    1.7761e-03    2.1083e-03    2.8941e-03
  1.6393e+01    1.1660e-04    7.2662e-05    1.7880e-04    8.6363e-04    7.8105e-04    1.3918e-03    1.7703e-03    2.1008e-03    2.8805e-03
  1.6424e+01    1.1692e-04    7.2994e-05    1.7971e-04    8.5892e-04    7.7234e-04    1.3830e-03    1.7646e-03    2.0933e-03    2.8671e-03
  1.6455e+01    1.1723e-04    7.3332e-05    1.8065e-04    8.5421e-04    7.6373e-04    1.3742e-03    1.7588e-03    2.0859e-03    2.8539e-03
  1.6487e+01    1.1754e-04    7.3677e-05    1.8159e-04    8.4953e-04    7.5521e-04    1.3656e-03    1.7530e-03    2.0785e-03    2.8408e-03
  1.6518e+01    1.1784e-04    7.4029e-05    1.8254e-04    8.4487e-04    7.4679e-04    1.3571e-03    1.7473e-03    2.0712e-03    2.8279e-03
  1.6550e+01    1.1814e-04    7.4387e-05    1.8351e-04    8.4022e-04    7.3847e-04    1.3486e-03    1.7415e-03    2.0640e-03    2.8151e-03
  1.6581e+01    1.1844e-04    7.4752e-05    1.8449e-04    8.3561e-04    7.3024e-04    1.3403e-03    1.7358e-03    2.0568e-03    2.8025e-03
  1.6613e+01    1.1873e-04    7.5124e-05    1.8548e-04    8.3101e-04    7.2211e-04    1.3320e-03    1.7300e-03    2.0497e-03    2.7901e-03
  1.6644e+01    1.1901e-04    7.5503e-05    1.8649e-04    8.2644e-04    7.1408e-04    1.3238e-03    1.7243e-03    2.0426e-03    2.7777e-03
  1.6676e+01    1.1928e-04    7.5889e-05    1.8751e-04    8.2190e-04    7.0614e-04    1.3157e-03    1.7186e-03    2.0356e-03    2.7656e-03
  1.6707e+01    1.1955e-04    7.6282e-05    1.8854e-04    8.1739e-04    6.9831e-04    1.3077e-03    1.7130e-03    2.0287e-03    2.7535e-03
  1.6739e+01    1.1981e-04    7.6683e-05    1.8958e-04    8.1291e-04    6.9057e-04    1.2998e-03    1.7074e-03    2.0219e-03    2.7416e-03
  1.6770e+01    1.2005e-04    7.7090e-05    1.9064e-04    8.0846e-04    6.8293e-04    1.2920e-03    1.7018e-03    2.0151e-03    2.7299e-03
  1.6802e+01    1.2029e-04    7.7504e-05    1.9171e-04    8.0404e-04    6.7539e-04    1.2842e-03    1.6963e-03    2.0084e-03    2.7183e-03
  1.6833e+01    1.2051e-04    7.7925e-05    1.9279e-04    7.9965e-04    6.6795e-04    1.2765e-03    1.6908e-03    2.0018e-03    2.7068e-03
  1.6864e+01    1.2072e-04    7.8354e-05    1.9389e-04    7.9529e-04    6.6061e-04    1.2689e-03    1.6853e-03    1.9953e-03    2.6954e-03
  1.6896e+01    1.2092e-04    7.8789e-05    1.9500e-04    7.9097e-04    6.5337e-04    1.2614e-03    1.6799e-03    1.9888e-03    2.6842e-03
  1.6927e+01    1.2110e-04    7.9232e-05    1.9612e-04    7.8668e-04    6.4623e-04    1.2539e-03    1.6746e-03    1.9825e-03    2.6731e-03
  1.6959e+01    1.2127e-04    7.9681e-05    1.9725e-04    7.8242e-04    6.3918e-04    1.2465e-03    1.6693e-03    1.9762e-03    2.6621e-03
  1.6990e+01    1.2142e-04    8.0137e-05    1.9840e-04    7.7819e-04    6.3224e-04    1.2392e-03    1.6641e-03    1.9700e-03    2.6512e-03
  1.7022e+01    1.2155e-04    8.0600e-05    1.9956e-04    7.7400e-04    6.2540e-04    1.2319e-03    1.6590e-03    1.9639e-03    2.6405e-03
  1.7053e+01    1.2167e-04    8.1070e-05    2.0073e-04    7.6984e-04    6.1865e-04    1.2247e-03    1.6539e-03    1.9579e-03    2.6299e-03
  1.7085e+01    1.2176e-04    8.1546e-05    2.0191e-04    7.6571e-04    6.1201e-04    1.2176e-03    1.6489e-03    1.9519e-03    2.6193e-03
  1.7116e+01    1.2184e-04    8.2029e-05    2.0311e-04    7.6161e-04    6.0546e-04    1.2105e-03    1.6439e-03    1.9461e-03    2.6089e-03
  1.7148e+01    1.2190e-04    8.2518e-05    2.0431e-04    7.5755e-04    5.9901e-04    1.2035e-03    1.6390e-03    1.9403e-03    2.5986e-03
  1.7179e+01    1.2194e-04    8.3013e-05    2.0553e-04    7.5351e-04    5.9266e-04    1.1965e-03    1.6342e-03    1.9346e-03    2.5884e-03
  1.7211e+01    1.2195e-04    8.3514e-05    2.0676e-04    7.4950e-04    5.8641e-04    1.1896e-03    1.6295e-03    1.9290e-03    2.5783e-03
  1.7242e+01    1.2194e-04    8.4021e-05    2.0799e-04    7.4552e-04    5.8025e-04    1.1828e-03    1.6248e-03    1.9234e-03    2.5682e-03
  1.7274e+01    1.2192e-04    8.4533e-05    2.0924e-04    7.4157e-04    5.7419e-04    1.1760e-03    1.6203e-03    1.9180e-03    2.5583e-03
  1.7305e+01    1.2186e-04    8.5051e-05    2.1050e-04    7.3764e-04    5.6823e-04    1.1692e-03    1.6158e-03    1.9126e-03    2.5484e-03
  1.7336e+01    1.2179e-04    8.5575e-05    2.1176e-04    7.3374e-04    5.6236e-04    1.1625e-03    1.6114e-03    1.9073e-03    2.5386e-03
  1.7368e+01    1.2169e-04    8.6103e-05    2.1303e-04    7.2986e-04    5.5658e-04    1.1559e-03    1.6070e-03    1.9021e-03    2.5289e-03
  1.7399e+01    1.2156e-04    8.6636e-05    2.1431e-04    7.2601e-04    5.5090e-04    1.1493e-03    1.6028e-03    1.8969e-03    2.5192e-03
  1.7431e+01    1.2141e-04    8.7174e-05    2.1560e-04    7.2217e-04    5.4531e-04    1.1427e-03    1.5986e-03    1.8918e-03    2.5096e-03
  1.7462e+01    1.2123e-04    8.7716e-05    2.1689e-04    7.1836e-04    5.3981e-04    1.1362e-03    1.5945e-03    1.8868e-03    2.5000e-03
  1.7494e+01    1.2103e-04    8.8263e-05    2.1820e-04    7.1456e-04    5.3441e-04    1.1298e-03    1.5904e-03    1.8818e-03    2.4906e-03
  1.7525e+01    1.2080e-04    8.8813e-05    2.1950e-04    7.1078e-04    5.2909e-04    1.1234e-03    1.5865e-03    1.8769e-03    2.4811e-03
  1.7557e+01    1.2055e-04    8.9368e-05    2.2081e-04    7.0702e-04    5.2386e-04    1.1170e-03    1.5826e-03    1.8720e-03    2.4717e-03
  1.7588e+01    1.2027e-04    8.9925e-05    2.2213e-04    7.0327e-04    5.1872e-04    1.1107e-03    1.5789e-03    1.8672e-03    2.4623e-03
  1.7620e+01    1.1996e-04    9.0486e-05    2.2345e-04    6.9953e-04    5.1366e-04    1.1044e-03    1.5751e-03    1.8624e-03    2.4530e-03
  1.7651e+01    1.1963e-04    9.1051e-05    2.2477e-04    6.9580e-04    5.0869e-04    1.0981e-03    1.5715e-03    1.8577e-03    2.4437e-03
  1.7683e+01    1.1927e-04    9.1617e-05    2.2609e-04    6.9209e-04    5.0381e-04    1.0920e-03    1.5679e-03    1.8530e-03    2.4344e-03
  1.7714e+01    1.1888e-04    9.2187e-05    2.2742e-04    6.8838e-04    4.9900e-04    1.0858e-03    1.5645e-03    1.8483e-03    2.4251e-03
  1.7745e+01    1.1846e-04    9.2759e-05    2.2875e-04    6.8468e-04    4.9428e-04    1.0797e-03    1.5610e-03    1.8437e-03    2.4159e-03
  1.7777e+01    1.1802e-04    9.3333e-05    2.3007e-04    6.8099e-04    4.8964e-04    1.0736e-03    1.5577e-03    1.8391e-03    2.4066e-03
  1.7808e+01    1.1755e-04    9.3909e-05    2.3140e-04    6.7730e-04    4.8507e-04    1.0676e-03    1.5544e-03    1.8346e-03    2.3974e-03
  1.7840e+01    1.1706e-04    9.4486e-05    2.3273e-04    6.7361e-04    4.8059e-04    1.0617e-03    1.5512e-03    1.8300e-03    2.3881e-03
  1.7871e+01    1.1653e-04    9.5065e-05    2.3405e-04    6.6993e-04    4.7617e-04    1.0557e-03    1.5481e-03    1.8255e-03    2.3788e-03
  1.7903e+01    1.1599e-04    9.5646e-05    2.3538e-04    6.6625e-04    4.7184e-04    1.0498e-03    1.5450e-03    1.8210e-03    2.3695e-03
  1.7934e+01    1.1541e-04    9.6227e-05    2.3670e-04    6.6256e-04    4.6757e-04    1.0440e-03    1.5420e-03    1.8165e-03    2.3602e-03
  1.7966e+01    1.1482e-04    9.6809e-05    2.3801e-04    6.5888e-04    4.6338e-04    1.0382e-03    1.5390e-03    1.8120e-03    2.3509e-03
  1.7997e+01    1.1419e-04    9.7393e-05    2.3933e-04    6.5520e-04    4.5925e-04    1.0325e-03    1.5361e-03    1.8075e-03    2.3415e-03
  1.8029e+01    1.1354e-04    9.7977e-05    2.4063e-04    6.5151e-04    4.5519e-04    1.0268e-03    1.5333e-03    1.8030e-03    2.3321e-03
  1.8060e+01    1.1287e-04    9.8561e-05    2.4193e-04    6.4782e-04    4.5120e-04    1.0211e-03    1.5305e-03    1.7985e-03    2.3227e-03
  1.8092e+01    1.1217e-04    9.9146e-05    2.4323e-04    6.4412e-04    4.4728e-04    1.0155e-03    1.5278e-03    1.7940e-03    2.3132e-03
  1.8123e+01    1.1145e-04    9.9731e-05    2.4452e-04    6.4042e-04    4.4342e-04    1.0100e-03    1.5251e-03    1.7895e-03    2.3036e-03
  1.8154e+01    1.1071e-04    1.0032e-04    2.4580e-04    6.3672e-04    4.3962e-04    1.0044e-03    1.5224e-03    1.7850e-03    2.2940e-03
  1.8186e+01    1.0995e-04    1.0090e-04    2.4707e-04    6.3301e-04    4.3588e-04    9.9898e-04    1.5198e-03    1.7804e-03    2.2844e-03
  1.8217e+01    1.0916e-04    1.0149e-04    2.4833e-04    6.2929e-04    4.3220e-04    9.9357e-04    1.5173e-03    1.7759e-03    2.2747e-03
  1.8249e+01    1.0836e-04    1.0207e-04    2.4958e-04    6.2557e-04    4.2858e-04    9.8821e-04    1.5148e-03    1.7713e-03    2.2649e-03
  1.8280e+01    1.0753e-04    1.0266e-04    2.5082e-04    6.2184e-04    4.2501e-04    9.8290e-04    1.5123e-03    1.7667e-03    2.2551e-03
  1.8312e+01    1.0668e-04    1.0324e-04    2.5206e-04    6.1811e-04    4.2150e-04    9.7763e-04    1.5098e-03    1.7621e-03    2.2451e-03
  1.8343e+01    1.0582e-04    1.0383e-04    2.5328e-04    6.1436e-04    4.1804e-04    9.7242e-04    1.5074e-03    1.7574e-03    2.2352e-03
  1.8375e+01    1.0494e-04    1.0441e-04    2.5448e-04    6.1062e-04    4.1464e-04    9.6727e-04    1.5050e-03    1.7528e-03    2.2251e-03
  1.8406e+01    1.0404e-04    1.0500e-04    2.5568e-04    6.0686e-04    4.1128e-04    9.6216e-04    1.5027e-03    1.7481e-03    2.2150e-03
  1.8438e+01    1.0312e-04    1.0559e-04    2.5686e-04    6.0310e-04    4.0797e-04    9.5710e-04    1.5003e-03    1.7433e-03    2.2047e-03
  1.8469e+01    1.0219e-04    1.0617e-04    2.5803e-04    5.9933e-04    4.0471e-04    9.5210e-04    1.4980e-03    1.7385e-03    2.1944e-03
  1.8501e+01    1.0124e-04    1.0676e-04    2.5919e-04    5.9556e-04    4.0150e-04    9.4715e-04    1.4957e-03    1.7337e-03    2.1841e-03
  1.8532e+01    1.0028e-04    1.0735e-04    2.6033e-04    5.9178e-04    3.9833e-04    9.4225e-04    1.4935e-03    1.7289e-03    2.1736e-03
  1.8564e+01    9.9311e-05    1.0793e-04    2.6145e-04    5.8800e-04    3.9520e-04    9.3741e-04    1.4912e-03    1.7240e-03    2.1630e-03
  1.8595e+01    9.8325e-05    1.0852e-04    2.6257e-04    5.8421e-04    3.9212e-04    9.3262e-04    1.4890e-03    1.7191e-03    2.1524e-03
  1.8626e+01    9.7328e-05    1.0911e-04    2.6366e-04    5.8042e-04    3.8908e-04    9.2788e-04    1.4867e-03    1.7142e-03    2.1417e-03
  1.8658e+01    9.6319e-05    1.0970e-04    2.6474e-04    5.7663e-04    3.8607e-04    9.2320e-04    1.4845e-03    1.7092e-03    2.1309e-03
  1.8689e+01    9.5301e-05    1.1029e-04    2.6580e-04    5.7284e-04    3.8311e-04    9.1857e-04    1.4823e-03    1.7042e-03    2.1200e-03
  1.8721e+01    9.4273e-05    1.1089e-04    2.6685e-04    5.6904e-04    3.8018e-04    9.1399e-04    1.4801e-03    1.6992e-03    2.1091e-03
  1.8752e+01    9.3237e-05    1.1148e-04    2.6788e-04    5.6524e-04    3.7729e-04    9.0946e-04    1.4779e-03    1.6941e-03    2.0981e-03
  1.8784e+01    9.2194e-05    1.1208e-04    2.6889e-04    5.6144e-04    3.7443e-04    9.0499e-04    1.4757e-03    1.6890e-03    2.0869e-03
  1.8815e+01    9.1143e-05    1.1268e-04    2.6988e-04    5.5765e-04    3.7160e-04    9.0057e-04    1.4735e-03    1.6839e-03    2.0758e-03
  1.8847e+01    9.0087e-05    1.1328e-04    2.7086e-04    5.5385e-04    3.6881e-04    8.9620e-04    1.4713e-03    1.6787e-03    2.0645e-03
  1.8878e+01    8.9025e-05    1.1389e-04    2.7182e-04    5.5006e-04    3.6605e-04    8.9188e-04    1.4691e-03    1.6735e-03    2.0532e-03
  1.8910e+01    8.7959e-05    1.1449e-04    2.7276e-04    5.4627e-04    3.6331e-04    8.8761e-04    1.4669e-03    1.6683e-03    2.0418e-03
  1.8941e+01    8.6889e-05    1.1511e-04    2.7369e-04    5.4249e-04    3.6061e-04    8.8340e-04    1.4646e-03    1.6631e-03    2.0304e-03
  1.8973e+01    8.5816e-05    1.1572e-04    2.7460e-04    5.3871e-04    3.5793e-04    8.7923e-04    1.4624e-03    1.6578e-03    2.0188e-03
  1.9004e+01    8.4740e-05    1.1634e-04    2.7548e-04    5.3494e-04    3.5529e-04    8.7511e-04    1.4602e-03    1.6526e-03    2.0073e-03
  1.9035e+01    8.3663e-05    1.1696e-04    2.7636e-04    5.3118e-04    3.5266e-04    8.7104e-04    1.4579e-03    1.6473e-03    1.9957e-03
  1.9067e+01    8.2585e-05    1.1759e-04    2.7721e-04    5.2743e-04    3.5006e-04    8.6702e-04    1.4556e-03    1.6420e-03    1.9840e-03
  1.9098e+01    8.1506e-05    1.1822e-04    2.7804e-04    5.2368e-04    3.4749e-04    8.6305e-04    1.4534e-03    1.6366e-03    1.9723e-03
  1.9130e+01    8.0427e-05    1.1886e-04    2.7886e-04    5.1995e-04    3.4493e-04    8.5912e-04    1.4510e-03    1.6313e-03    1.9606e-03
  1.9161e+01    7.9350e-05    1.1951e-04    2.7966e-04    5.1623e-04    3.4240e-04    8.5523e-04    1.4487e-03    1.6260e-03    1.9488e-03
  1.9193e+01    7.8273e-05    1.2016e-04    2.8045e-04    5.1252e-04    3.3989e-04    8.5139e-04    1.4464e-03    1.6207e-03    1.9370e-03
  1.9224e+01    7.7199e-05    1.2081e-04    2.8121e-04    5.0883e-04    3.3740e-04    8.4759e-04    1.4440e-03    1.6153e-03    1.9252e-03
  1.9256e+01    7.6127e-05    1.2147e-04    2.8196e-04    5.0515e-04    3.3493e-04    8.4384e-04    1.4416e-03    1.6100e-03    1.9134e-03
  1.9287e+01    7.5058e-05    1.2214e-04    2.8269e-04    5.0148e-04    3.3247e-04    8.4013e-04    1.4392e-03    1.6047e-03    1.9015e-03
  1.9319e+01    7.3992e-05    1.2282e-04    2.8341e-04    4.9784e-04    3.3004e-04    8.3645e-04    1.4368e-03    1.5993e-03    1.8897e-03
  1.9350e+01    7.2930e-05    1.2350e-04    2.8411e-04    4.9421e-04    3.2762e-04    8.3282e-04    1.4343e-03    1.5940e-03    1.8778e-03
  1.9382e+01    7.1873e-05    1.2419e-04    2.8479e-04    4.9060e-04    3.2521e-04    8.2922e-04    1.4318e-03    1.5887e-03    1.8659e-03
  1.9413e+01    7.0820e-05    1.2489e-04    2.8546e-04    4.8701e-04    3.2282e-04    8.2566e-04    1.4293e-03    1.5834e-03    1.8541e-03
  1.9445e+01    6.9772e-05    1.2559e-04    2.8611e-04    4.8344e-04    3.2044e-04    8.2214e-04    1.4267e-03    1.5782e-03    1.8423e-03
  1.9476e+01    6.8730e-05    1.2631e-04    2.8675e-04    4.7989e-04    3.1808e-04    8.1865e-04    1.4242e-03    1.5729e-03    1.8304e-03
  1.9507e+01    6.7694e-05    1.2703e-04    2.8737e-04    4.7636e-04    3.1573e-04    8.1519e-04    1.4215e-03    1.5677e-03    1.8186e-03
  1.9539e+01    6.6664e-05    1.2776e-04    2.8798e-04    4.7286e-04    3.1339e-04    8.1177e-04    1.4189e-03    1.5625e-03    1.8069e-03
  1.9570e+01    6.5641e-05    1.2850e-04    2.8857e-04    4.6938e-04    3.1106e-04    8.0837e-04    1.4162e-03    1.5574e-03    1.7952e-03
  1.9602e+01    6.4625e-05    1.2925e-04    2.8915e-04    4.6592e-04    3.0874e-04    8.0501e-04    1.4135e-03    1.5523e-03    1.7835e-03
  1.9633e+01    6.3615e-05    1.3001e-04    2.8972e-04    4.6249e-04    3.0644e-04    8.0168e-04    1.4107e-03    1.5472e-03    1.7718e-03
  1.9665e+01    6.2613e-05    1.3077e-04    2.9027e-04    4.5909e-04    3.0414e-04    7.9837e-04    1.4079e-03    1.5421e-03    1.7602e-03
  1.9696e+01    6.1618e-05    1.3155e-04    2.9082e-04    4.5571e-04    3.0185e-04    7.9510e-04    1.4050e-03    1.5371e-03    1.7487e-03
  1.9728e+01    6.0632e-05    1.3234e-04    2.9135e-04    4.5236e-04    2.9957e-04    7.9184e-04    1.4022e-03    1.5322e-03    1.7372e-03
  1.9759e+01    5.9653e-05    1.3313e-04    2.9186e-04    4.4904e-04    2.9730e-04    7.8861e-04    1.3992e-03    1.5273e-03    1.7257e-03
  1.9791e+01    5.8682e-05    1.3393e-04    2.9237e-04    4.4575e-04    2.9503e-04    7.8541e-04    1.3963e-03    1.5224e-03    1.7143e-03
  1.9822e+01    5.7720e-05    1.3475e-04    2.9287e-04    4.4249e-04    2.9278e-04    7.8223e-04    1.3933e-03    1.5176e-03    1.7030e-03
  1.9854e+01    5.6766e-05    1.3557e-04    2.9335e-04    4.3925e-04    2.9053e-04    7.7907e-04    1.3902e-03    1.5128e-03    1.6918e-03
  1.9885e+01    5.5821e-05    1.3640e-04    2.9383e-04    4.3605e-04    2.8828e-04    7.7593e-04    1.3871e-03    1.5081e-03    1.6806e-03
  1.9916e+01    5.4885e-05    1.3725e-04    2.9429e-04    4.3288e-04    2.8605e-04    7.7281e-04    1.3840e-03    1.5035e-03    1.6695e-03
  1.9948e+01    5.3958e-05    1.3810e-04    2.9475e-04    4.2973e-04    2.8382e-04    7.6971e-04    1.3808e-03    1.4989e-03    1.6585e-03
  1.9979e+01    5.3039e-05    1.3896e-04    2.9520e-04    4.2662e-04    2.8159e-04    7.6663e-04    1.3775e-03    1.4943e-03    1.6476e-03
  2.0011e+01    5.2130e-05    1.3983e-04    2.9564e-04    4.2355e-04    2.7937e-04    7.6357e-04    1.3742e-03    1.4899e-03    1.6367e-03
  2.0042e+01    5.1230e-05    1.4071e-04    2.9607e-04    4.2050e-04    2.7716e-04    7.6052e-04    1.3709e-03    1.4854e-03    1.6260e-03
  2.0074e+01    5.0340e-05    1.4159e-04    2.9649e-04    4.1749e-04    2.7495e-04    7.5749e-04    1.3675e-03    1.4811e-03    1.6153e-03
  2.0105e+01    4.9459e-05    1.4249e-04    2.9690e-04    4.1451e-04    2.7275e-04    7.5447e-04    1.3641e-03    1.4768e-03    1.6047e-03
  2.0137e+01    4.8587e-05    1.4339e-04    2.9731e-04    4.1156e-04    2.7056e-04    7.5147e-04    1.3607e-03    1.4726e-03    1.5942e-03
  2.0168e+01    4.7725e-05    1.4431e-04    2.9772e-04    4.0864e-04    2.6837e-04    7.4848e-04    1.3571e-03    1.4684e-03    1.5838e-03
  2.0200e+01    4.6872e-05    1.4523e-04    2.9811e-04    4.0576e-04    2.6618e-04    7.4550e-04    1.3536e-03    1.4643e-03    1.5735e-03
  2.0231e+01    4.6029e-05    1.4616e-04    2.9850e-04    4.0292e-04    2.6401e-04    7.4254e-04    1.3500e-03    1.4603e-03    1.5633e-03
  2.0263e+01    4.5196e-05    1.4709e-04    2.9888e-04    4.0011e-04    2.6183e-04    7.3958e-04    1.3463e-03    1.4563e-03    1.5531e-03
  2.0294e+01    4.4373e-05    1.4804e-04    2.9926e-04    3.9733e-04    2.5967e-04    7.3664e-04    1.3426e-03    1.4524e-03    1.5431e-03
  2.0325e+01    4.3559e-05    1.4899e-04    2.9963e-04    3.9459e-04    2.5751e-04    7.3371e-04    1.3389e-03    1.4486e-03    1.5332e-03
  2.0357e+01    4.2755e-05    1.4995e-04    3.0000e-04    3.9188e-04    2.5536e-04    7.3079e-04    1.3351e-03    1.4448e-03    1.5233e-03
  2.0388e+01    4.1961e-05    1.5091e-04    3.0037e-04    3.8921e-04    2.5321e-04    7.2788e-04    1.3313e-03    1.4411e-03    1.5136e-03
  2.0420e+01    4.1177e-05    1.5188e-04    3.0072e-04    3.8657e-04    2.5107e-04    7.2497e-04    1.3274e-03    1.4374e-03    1.5040e-03
  2.0451e+01    4.0403e-05    1.5286e-04    3.0108e-04    3.8396e-04    2.4894e-04    7.2208e-04    1.3235e-03    1.4339e-03    1.4944e-03
  2.0483e+01    3.9639e-05    1.5384e-04    3.0143e-04    3.8140e-04    2.4682e-04    7.1919e-04    1.3195e-03    1.4304e-03    1.4850e-03
  2.0514e+01    3.8885e-05    1.5482e-04    3.0178e-04    3.7886e-04    2.4471e-04    7.1631e-04    1.3156e-03    1.4269e-03    1.4757e-03
  2.0546e+01    3.8140e-05    1.5581e-04    3.0212e-04    3.7636e-04    2.4260e-04    7.1343e-04    1.3115e-03    1.4235e-03    1.4664e-03
  2.0577e+01    3.7406e-05    1.5681e-04    3.0246e-04    3.7390e-04    2.4051e-04    7.1057e-04    1.3075e-03    1.4202e-03    1.4573e-03
  2.0609e+01    3.6682e-05    1.5780e-04    3.0279e-04    3.7147e-04    2.3842e-04    7.0770e-04    1.3034e-03    1.4169e-03    1.4482e-03
  2.0640e+01    3.5968e-05    1.5880e-04    3.0313e-04    3.6908e-04    2.3635e-04    7.0485e-04    1.2993e-03    1.4137e-03    1.4393e-03
  2.0672e+01    3.5264e-05    1.5981e-04    3.0346e-04    3.6672e-04    2.3428e-04    7.0200e-04    1.2952e-03    1.4106e-03    1.4305e-03
  2.0703e+01    3.4570e-05    1.6081e-04    3.0378e-04    3.6439e-04    2.3223e-04    6.9915e-04    1.2910e-03    1.4075e-03    1.4217e-03
  2.0735e+01    3.3886e-05    1.6182e-04    3.0411e-04    3.6210e-04    2.3019e-04    6.9631e-04    1.2868e-03    1.4045e-03    1.4131e-03
  2.0766e+01    3.3213e-05    1.6282e-04    3.0443e-04    3.5985e-04    2.2816e-04    6.9347e-04    1.2826e-03    1.4015e-03    1.4045e-03
  2.0797e+01    3.2549e-05    1.6383e-04    3.0475e-04    3.5763e-04    2.2614e-04    6.9063e-04    1.2784e-03    1.3986e-03    1.3961e-03
  2.0829e+01    3.1896e-05    1.6484e-04    3.0507e-04    3.5544e-04    2.2414e-04    6.8780e-04    1.2741e-03    1.3957e-03    1.3878e-03
  2.0860e+01    3.1253e-05    1.6585e-04    3.0538e-04    3.5328e-04    2.2215e-04    6.8496e-04    1.2699e-03    1.3929e-03    1.3795e-03
  2.0892e+01    3.0619e-05    1.6685e-04    3.0569e-04    3.5116e-04    2.2018e-04    6.8213e-04    1.2656e-03    1.3901e-03    1.3714e-03
  2.0923e+01    2.9996e-05    1.6785e-04    3.0600e-04    3.4907e-04    2.1822e-04    6.7930e-04    1.2614e-03    1.3874e-03    1.3633e-03
  2.0955e+01    2.9384e-05    1.6885e-04    3.0631e-04    3.4702e-04    2.1627e-04    6.7648e-04    1.2571e-03    1.3848e-03    1.3554e-03
  2.0986e+01    2.8781e-05    1.6985e-04    3.0662e-04    3.4499e-04    2.1434e-04    6.7365e-04    1.2528e-03    1.3822e-03    1.3475e-03
  2.1018e+01    2.8188e-05    1.7084e-04    3.0692e-04    3.4300e-04    2.1243e-04    6.7082e-04    1.2485e-03    1.3796e-03    1.3398e-03
  2.1049e+01    2.7606e-05    1.7183e-04    3.0722e-04    3.4104e-04    2.1053e-04    6.6799e-04    1.2443e-03    1.3771e-03    1.3321e-03
  2.1081e+01    2.7033e-05    1.7282e-04    3.0752e-04    3.3911e-04    2.0865e-04    6.6516e-04    1.2400e-03    1.3746e-03    1.3245e-03
  2.1112e+01    2.6471e-05    1.7379e-04    3.0781e-04    3.3721e-04    2.0679e-04    6.6233e-04    1.2358e-03    1.3722e-03    1.3171e-03
  2.1144e+01    2.5918e-05    1.7476e-04    3.0811e-04    3.3533e-04    2.0495e-04    6.5949e-04    1.2316e-03    1.3698e-03    1.3097e-03
  2.1175e+01    2.5376e-05    1.7573e-04    3.0840e-04    3.3349e-04    2.0312e-04    6.5666e-04    1.2273e-03    1.3674e-03    1.3025e-03
  2.1206e+01    2.4843e-05    1.7668e-04    3.0869e-04    3.3168e-04    2.0132e-04    6.5382e-04    1.2231e-03    1.3651e-03    1.2953e-03
  2.1238e+01    2.4321e-05    1.7763e-04    3.0897e-04    3.2989e-04    1.9953e-04    6.5097e-04    1.2190e-03    1.3629e-03    1.2882e-03
  2.1269e+01    2.3808e-05    1.7857e-04    3.0926e-04    3.2814e-04    1.9776e-04    6.4813e-04    1.2148e-03    1.3606e-03    1.2813e-03
  2.1301e+01    2.3305e-05    1.7949e-04    3.0954e-04    3.2641e-04    1.9601e-04    6.4527e-04    1.2107e-03    1.3584e-03    1.2744e-03
  2.1332e+01    2.2812e-05    1.8041e-04    3.0982e-04    3.2470e-04    1.9428e-04    6.4242e-04    1.2067e-03    1.3563e-03    1.2676e-03
  2.1364e+01    2.2329e-05    1.8131e-04    3.1009e-04    3.2302e-04    1.9258e-04    6.3956e-04    1.2026e-03    1.3542e-03    1.2609e-03
  2.1395e+01    2.1855e-05    1.8221e-04    3.1037e-04    3.2136e-04    1.9089e-04    6.3669e-04    1.1986e-03    1.3521e-03    1.2543e-03
  2.1427e+01    2.1391e-05    1.8309e-04    3.1064e-04    3.1973e-04    1.8922e-04    6.3381e-04    1.1946e-03    1.3500e-03    1.2478e-03
  2.1458e+01    2.0936e-05    1.8395e-04    3.1090e-04    3.1812e-04    1.8757e-04    6.3093e-04    1.1907e-03    1.3480e-03    1.2414e-03
  2.1490e+01    2.0491e-05    1.8480e-04    3.1117e-04    3.1654e-04    1.8595e-04    6.2804e-04    1.1869e-03    1.3460e-03    1.2351e-03
  2.1521e+01    2.0055e-05    1.8564e-04    3.1143e-04    3.1497e-04    1.8434e-04    6.2514e-04    1.1830e-03    1.3441e-03    1.2289e-03
  2.1553e+01    1.9629e-05    1.8646e-04    3.1168e-04    3.1342e-04    1.8276e-04    6.2224e-04    1.1792e-03    1.3421e-03    1.2228e-03
  2.1584e+01    1.9212e-05    1.8727e-04    3.1193e-04    3.1190e-04    1.8120e-04    6.1933e-04    1.1755e-03    1.3402e-03    1.2168e-03
  2.1615e+01    1.8803e-05    1.8805e-04    3.1218e-04    3.1039e-04    1.7966e-04    6.1640e-04    1.1719e-03    1.3384e-03    1.2109e-03
  2.1647e+01    1.8404e-05    1.8883e-04    3.1243e-04    3.0890e-04    1.7814e-04    6.1347e-04    1.1682e-03    1.3365e-03    1.2050e-03
  2.1678e+01    1.8014e-05    1.8958e-04    3.1267e-04    3.0743e-04    1.7664e-04    6.1053e-04    1.1647e-03    1.3347e-03    1.1993e-03
  2.1710e+01    1.7632e-05    1.9031e-04    3.1290e-04    3.0598e-04    1.7516e-04    6.0758e-04    1.1612e-03    1.3330e-03    1.1936e-03
  2.1741e+01    1.7259e-05    1.9102e-04    3.1313e-04    3.0454e-04    1.7370e-04    6.0462e-04    1.1577e-03    1.3312e-03    1.1880e-03
  2.1773e+01    1.6895e-05    1.9172e-04    3.1336e-04    3.0311e-04    1.7226e-04    6.0165e-04    1.1544e-03    1.3295e-03    1.1825e-03
  2.1804e+01    1.6539e-05    1.9239e-04    3.1358e-04    3.0170e-04    1.7084e-04    5.9867e-04    1.1511e-03    1.3278e-03    1.1771e-03
  2.1836e+01    1.6192e-05    1.9304e-04    3.1379e-04    3.0030e-04    1.6945e-04    5.9568e-04    1.1478e-03    1.3261e-03    1.1718e-03
  2.1867e+01    1.5853e-05    1.9367e-04    3.1400e-04    2.9891e-04    1.6807e-04    5.9268e-04    1.1446e-03    1.3245e-03    1.1665e-03
  2.1899e+01    1.5521e-05    1.9428e-04    3.1420e-04    2.9753e-04    1.6671e-04    5.8967e-04    1.1415e-03    1.3229e-03    1.1614e-03
  2.1930e+01    1.5198e-05    1.9486e-04    3.1439e-04    2.9616e-04    1.6537e-04    5.8665e-04    1.1384e-03    1.3213e-03    1.1563e-03
  2.1962e+01    1.4883e-05    1.9542e-04    3.1458e-04    2.9481e-04    1.6406e-04    5.8361e-04    1.1355e-03    1.3197e-03    1.1512e-03
  2.1993e+01    1.4575e-05    1.9596e-04    3.1476e-04    2.9346e-04    1.6276e-04    5.8057e-04    1.1325e-03    1.3181e-03    1.1463e-03
  2.2025e+01    1.4275e-05    1.9647e-04    3.1494e-04    2.9212e-04    1.6147e-04    5.7751e-04    1.1297e-03    1.3166e-03    1.1414e-03
  2.2056e+01    1.3982e-05    1.9696e-04    3.1510e-04    2.9078e-04    1.6021e-04    5.7445e-04    1.1269e-03    1.3151e-03    1.1366e-03
  2.2087e+01    1.3696e-05    1.9742e-04    3.1526e-04    2.8945e-04    1.5897e-04    5.7137e-04    1.1242e-03    1.3136e-03    1.1319e-03
  2.2119e+01    1.3418e-05    1.9786e-04    3.1541e-04    2.8813e-04    1.5774e-04    5.6829e-04    1.1215e-03    1.3122e-03    1.1272e-03
  2.2150e+01    1.3146e-05    1.9827e-04    3.1555e-04    2.8681e-04    1.5653e-04    5.6519e-04    1.1189e-03    1.3107e-03    1.1226e-03
  2.2182e+01    1.2881e-05    1.9865e-04    3.1568e-04    2.8550e-04    1.5533e-04    5.6208e-04    1.1164e-03    1.3093e-03    1.1180e-03
  2.2213e+01    1.2623e-05    1.9901e-04    3.1580e-04    2.8418e-04    1.5415e-04    5.5896e-04    1.1139e-03    1.3079e-03    1.1135e-03
  2.2245e+01    1.2371e-05    1.9934e-04    3.1591e-04    2.8287e-04    1.5299e-04    5.5584e-04    1.1115e-03    1.3065e-03    1.1091e-03
  2.2276e+01    1.2126e-05    1.9965e-04    3.1601e-04    2.8157e-04    1.5185e-04    5.5270e-04    1.1091e-03    1.3051e-03    1.1047e-03
  2.2308e+01    1.1887e-05    1.9992e-04    3.1610e-04    2.8026e-04    1.5071e-04    5.4955e-04    1.1068e-03    1.3038e-03    1.1003e-03
  2.2339e+01    1.1654e-05    2.0017e-04    3.1618e-04    2.7896e-04    1.4960e-04    5.4640e-04    1.1046e-03    1.3024e-03    1.0960e-03
  2.2371e+01    1.1427e-05    2.0040e-04    3.1625e-04    2.7765e-04    1.4850e-04    5.4324e-04    1.1024e-03    1.3011e-03    1.0918e-03
  2.2402e+01    1.1206e-05    2.0059e-04    3.1630e-04    2.7635e-04    1.4741e-04    5.4007e-04    1.1002e-03    1.2998e-03    1.0875e-03
  2.2434e+01    1.0990e-05    2.0076e-04    3.1635e-04    2.7504e-04    1.4633e-04    5.3689e-04    1.0982e-03    1.2985e-03    1.0833e-03
  2.2465e+01    1.0780e-05    2.0090e-04    3.1638e-04    2.7374e-04    1.4527e-04    5.3370e-04    1.0961e-03    1.2972e-03    1.0792e-03
  2.2496e+01    1.0575e-05    2.0101e-04    3.1639e-04    2.7243e-04    1.4422e-04    5.3051e-04    1.0941e-03    1.2959e-03    1.0751e-03
  2.2528e+01    1.0375e-05    2.0109e-04    3.1640e-04    2.7112e-04    1.4319e-04    5.2731e-04    1.0922e-03    1.2946e-03    1.0710e-03
  2.2559e+01    1.0181e-05    2.0114e-04    3.1639e-04    2.6981e-04    1.4216e-04    5.2410e-04    1.0903e-03    1.2934e-03    1.0669e-03
  2.2591e+01    9.9908e-06    2.0117e-04    3.1636e-04    2.6850e-04    1.4115e-04    5.2089e-04    1.0884e-03    1.2921e-03    1.0628e-03
  2.2622e+01    9.8058e-06    2.0117e-04    3.1632e-04    2.6718e-04    1.4015e-04    5.1767e-04    1.0866e-03    1.2908e-03    1.0588e-03
  2.2654e+01    9.6254e-06    2.0114e-04    3.1627e-04    2.6586e-04    1.3916e-04    5.1445e-04    1.0848e-03    1.2896e-03    1.0548e-03
  2.2685e+01    9.4495e-06    2.0108e-04    3.1620e-04    2.6454e-04    1.3818e-04    5.1123e-04    1.0831e-03    1.2883e-03    1.0508e-03
  2.2717e+01    9.2779e-06    2.0100e-04    3.1611e-04    2.6321e-04    1.3721e-04    5.0800e-04    1.0814e-03    1.2870e-03    1.0468e-03
  2.2748e+01    9.1105e-06    2.0088e-04    3.1601e-04    2.6188e-04    1.3626e-04    5.0477e-04    1.0797e-03    1.2858e-03    1.0428e-03
  2.2780e+01    8.9473e-06    2.0074e-04    3.1590e-04    2.6055e-04    1.3531e-04    5.0153e-04    1.0780e-03    1.2845e-03    1.0388e-03
  2.2811e+01    8.7880e-06    2.0057e-04    3.1576e-04    2.5921e-04    1.3437e-04    4.9829e-04    1.0763e-03    1.2832e-03    1.0349e-03
  2.2843e+01    8.6325e-06    2.0038e-04    3.1561e-04    2.5787e-04    1.3344e-04    4.9506e-04    1.0747e-03    1.2819e-03    1.0309e-03
  2.2874e+01    8.4808e-06    2.0015e-04    3.1544e-04    2.5653e-04    1.3252e-04    4.9182e-04    1.0731e-03    1.2806e-03    1.0269e-03
  2.2906e+01    8.3327e-06    1.9990e-04    3.1526e-04    2.5518e-04    1.3161e-04    4.8858e-04    1.0715e-03    1.2793e-03    1.0229e-03
  2.2937e+01    8.1880e-06    1.9963e-04    3.1505e-04    2.5383e-04    1.3071e-04    4.8533e-04    1.0699e-03    1.2780e-03    1.0189e-03
  2.2968e+01    8.0468e-06    1.9933e-04    3.1483e-04    2.5247e-04    1.2981e-04    4.8209e-04    1.0683e-03    1.2766e-03    1.0149e-03
  2.3000e+01    7.9088e-06    1.9900e-04    3.1459e-04    2.5111e-04    1.2893e-04    4.7885e-04    1.0667e-03    1.2753e-03    1.0109e-03
  2.3031e+01    7.7740e-06    1.9864e-04    3.1434e-04    2.4974e-04    1.2805e-04    4.7562e-04    1.0651e-03    1.2739e-03    1.0069e-03
  2.3063e+01    7.6422e-06    1.9826e-04    3.1406e-04    2.4837e-04    1.2718e-04    4.7238e-04    1.0636e-03    1.2725e-03    1.0029e-03
  2.3094e+01    7.5134e-06    1.9785e-04    3.1377e-04    2.4700e-04    1.2632e-04    4.6914e-04    1.0620e-03    1.2710e-03    9.9885e-04
  2.3126e+01    7.3875e-06    1.9742e-04    3.1345e-04    2.4562e-04    1.2546e-04    4.6591e-04    1.0604e-03    1.2696e-03    9.9479e-04
  2.3157e+01    7.2644e-06    1.9696e-04    3.1312e-04    2.4423e-04    1.2461e-04    4.6268e-04    1.0588e-03    1.2681e-03    9.9071e-04
  2.3189e+01    7.1440e-06    1.9648e-04    3.1277e-04    2.4285e-04    1.2378e-04    4.5946e-04    1.0571e-03    1.2666e-03    9.8662e-04
  2.3220e+01    7.0261e-06    1.9598e-04    3.1240e-04    2.4146e-04    1.2294e-04    4.5623e-04    1.0555e-03    1.2650e-03    9.8250e-04
  2.3252e+01    6.9108e-06    1.9545e-04    3.1200e-04    2.4006e-04    1.2212e-04    4.5302e-04    1.0538e-03    1.2634e-03    9.7835e-04
  2.3283e+01    6.7979e-06    1.9489e-04    3.1159e-04    2.3866e-04    1.2130e-04    4.4980e-04    1.0521e-03    1.2618e-03    9.7419e-04
  2.3315e+01    6.6874e-06    1.9431e-04    3.1116e-04    2.3726e-04    1.2049e-04    4.4660e-04    1.0504e-03    1.2602e-03    9.7000e-04
  2.3346e+01    6.5792e-06    1.9371e-04    3.1072e-04    2.3585e-04    1.1969e-04    4.4339e-04    1.0487e-03    1.2585e-03    9.6579e-04
  2.3377e+01    6.4732e-06    1.9309e-04    3.1025e-04    2.3444e-04    1.1889e-04    4.4019e-04    1.0469e-03    1.2567e-03    9.6155e-04
  2.3409e+01    6.3694e-06    1.9244e-04    3.0976e-04    2.3303e-04    1.1810e-04    4.3700e-04    1.0451e-03    1.2549e-03    9.5728e-04
  2.3440e+01    6.2676e-06    1.9177e-04    3.0925e-04    2.3161e-04    1.1731e-04    4.3382e-04    1.0432e-03    1.2531e-03    9.5299e-04
  2.3472e+01    6.1678e-06    1.9108e-04    3.0872e-04    2.3019e-04    1.1654e-04    4.3064e-04    1.0413e-03    1.2512e-03    9.4867e-04
  2.3503e+01    6.0701e-06    1.9037e-04    3.0818e-04    2.2876e-04    1.1576e-04    4.2747e-04    1.0394e-03    1.2493e-03    9.4433e-04
  2.3535e+01    5.9742e-06    1.8964e-04    3.0761e-04    2.2733e-04    1.1500e-04    4.2430e-04    1.0374e-03    1.2473e-03    9.3996e-04
  2.3566e+01    5.8801e-06    1.8888e-04    3.0702e-04    2.2590e-04    1.1424e-04    4.2115e-04    1.0354e-03    1.2452e-03    9.3555e-04
  2.3598e+01    5.7879e-06    1.8810e-04    3.0642e-04    2.2446e-04    1.1349e-04    4.1800e-04    1.0333e-03    1.2431e-03    9.3113e-04
  2.3629e+01    5.6974e-06    1.8731e-04    3.0580e-04    2.2302e-04    1.1274e-04    4.1485e-04    1.0312e-03    1.2409e-03    9.2667e-04
  2.3661e+01    5.6086e-06    1.8649e-04    3.0515e-04    2.2158e-04    1.1200e-04    4.1172e-04    1.0290e-03    1.2387e-03    9.2218e-04
  2.3692e+01    5.5215e-06    1.8565e-04    3.0449e-04    2.2013e-04    1.1127e-04    4.0860e-04    1.0268e-03    1.2364e-03    9.1767e-04
  2.3724e+01    5.4360e-06    1.8480e-04    3.0381e-04    2.1868e-04    1.1054e-04    4.0548e-04    1.0245e-03    1.2341e-03    9.1313e-04
  2.3755e+01    5.3520e-06    1.8392e-04    3.0311e-04    2.1722e-04    1.0982e-04    4.0237e-04    1.0221e-03    1.2317e-03    9.0857e-04
  2.3786e+01    5.2695e-06    1.8303e-04    3.0239e-04    2.1577e-04    1.0910e-04    3.9928e-04    1.0197e-03    1.2292e-03    9.0397e-04
  2.3818e+01    5.1886e-06    1.8212e-04    3.0165e-04    2.1431e-04    1.0839e-04    3.9619e-04    1.0172e-03    1.2266e-03    8.9935e-04
  2.3849e+01    5.1091e-06    1.8119e-04    3.0090e-04    2.1284e-04    1.0768e-04    3.9311e-04    1.0146e-03    1.2240e-03    8.9471e-04
  2.3881e+01    5.0310e-06    1.8024e-04    3.0013e-04    2.1138e-04    1.0698e-04    3.9004e-04    1.0120e-03    1.2213e-03    8.9004e-04
  2.3912e+01    4.9543e-06    1.7927e-04    2.9933e-04    2.0991e-04    1.0629e-04    3.8698e-04    1.0093e-03    1.2185e-03    8.8534e-04
  2.3944e+01    4.8790e-06    1.7829e-04    2.9853e-04    2.0843e-04    1.0559e-04    3.8393e-04    1.0065e-03    1.2157e-03    8.8062e-04
  2.3975e+01    4.8050e-06    1.7729e-04    2.9770e-04    2.0696e-04    1.0491e-04    3.8090e-04    1.0037e-03    1.2127e-03    8.7588e-04
  2.4007e+01    4.7322e-06    1.7627e-04    2.9686e-04    2.0548e-04    1.0423e-04    3.7787e-04    1.0008e-03    1.2098e-03    8.7112e-04
  2.4038e+01    4.6608e-06    1.7524e-04    2.9600e-04    2.0399e-04    1.0355e-04    3.7485e-04    9.9781e-04    1.2067e-03    8.6633e-04
  2.4070e+01    4.5905e-06    1.7419e-04    2.9512e-04    2.0251e-04    1.0288e-04    3.7185e-04    9.9475e-04    1.2035e-03    8.6152e-04
  2.4101e+01    4.5215e-06    1.7313e-04    2.9423e-04    2.0102e-04    1.0221e-04    3.6886e-04    9.9161e-04    1.2003e-03    8.5669e-04
  2.4133e+01    4.4537e-06    1.7205e-04    2.9332e-04    1.9953e-04    1.0155e-04    3.6588e-04    9.8841e-04    1.1970e-03    8.5184e-04
  2.4164e+01    4.3871e-06    1.7096e-04    2.9239e-04    1.9803e-04    1.0088e-04    3.6291e-04    9.8512e-04    1.1936e-03    8.4698e-04
  2.4196e+01    4.3216e-06    1.6985e-04    2.9145e-04    1.9654e-04    1.0023e-04    3.5995e-04    9.8176e-04    1.1901e-03    8.4210e-04
  2.4227e+01    4.2572e-06    1.6873e-04    2.9049e-04    1.9504e-04    9.9576e-05    3.5701e-04    9.7832e-04    1.1866e-03    8.3720e-04
  2.4258e+01    4.1939e-06    1.6760e-04    2.8951e-04    1.9354e-04    9.8927e-05    3.5408e-04    9.7480e-04    1.1830e-03    8.3228e-04
  2.4290e+01    4.1317e-06    1.6645e-04    2.8853e-04    1.9203e-04    9.8281e-05    3.5116e-04    9.7121e-04    1.1792e-03    8.2735e-04
  2.4321e+01    4.0706e-06    1.6529e-04    2.8752e-04    1.9053e-04    9.7638e-05    3.4826e-04    9.6754e-04    1.1755e-03    8.2241e-04
  2.4353e+01    4.0105e-06    1.6412e-04    2.8650e-04    1.8902e-04    9.6998e-05    3.4537e-04    9.6379e-04    1.1716e-03    8.1745e-04
  2.4384e+01    3.9514e-06    1.6294e-04    2.8547e-04    1.8751e-04    9.6362e-05    3.4249e-04    9.5996e-04    1.1676e-03    8.1248e-04
  2.4416e+01    3.8934e-06    1.6175e-04    2.8442e-04    1.8600e-04    9.5727e-05    3.3963e-04    9.5606e-04    1.1636e-03    8.0750e-04
  2.4447e+01    3.8363e-06    1.6054e-04    2.8336e-04    1.8449e-04    9.5096e-05    3.3678e-04    9.5209e-04    1.1595e-03    8.0252e-04
  2.4479e+01    3.7802e-06    1.5933e-04    2.8228e-04    1.8297e-04    9.4467e-05    3.3394e-04    9.4804e-04    1.1553e-03    7.9752e-04
  2.4510e+01    3.7251e-06    1.5811e-04    2.8119e-04    1.8146e-04    9.3840e-05    3.3113e-04    9.4391e-04    1.1510e-03    7.9252e-04
  2.4542e+01    3.6709e-06    1.5687e-04    2.8009e-04    1.7994e-04    9.3215e-05    3.2832e-04    9.3971e-04    1.1467e-03    7.8751e-04
  2.4573e+01    3.6176e-06    1.5563e-04    2.7897e-04    1.7843e-04    9.2592e-05    3.2553e-04    9.3544e-04    1.1423e-03    7.8250e-04
  2.4605e+01    3.5652e-06    1.5438e-04    2.7784e-04    1.7691e-04    9.1971e-05    3.2276e-04    9.3110e-04    1.1378e-03    7.7749e-04
  2.4636e+01    3.5138e-06    1.5312e-04    2.7670e-04    1.7539e-04    9.1352e-05    3.2001e-04    9.2669e-04    1.1332e-03    7.7247e-04
  2.4667e+01    3.4632e-06    1.5186e-04    2.7554e-04    1.7388e-04    9.0735e-05    3.1727e-04    9.2221e-04    1.1285e-03    7.6745e-04
  2.4699e+01    3.4135e-06    1.5059e-04    2.7438e-04    1.7236e-04    9.0119e-05    3.1454e-04    9.1766e-04    1.1238e-03    7.6244e-04
  2.4730e+01    3.3646e-06    1.4931e-04    2.7320e-04    1.7085e-04    8.9505e-05    3.1184e-04    9.1304e-04    1.1190e-03    7.5742e-04
  2.4762e+01    3.3166e-06    1.4803e-04    2.7200e-04    1.6933e-04    8.8893e-05    3.0915e-04    9.0836e-04    1.1142e-03    7.5241e-04
  2.4793e+01    3.2694e-06    1.4674e-04    2.7080e-04    1.6782e-04    8.8281e-05    3.0647e-04    9.0362e-04    1.1092e-03    7.4740e-04
  2.4825e+01    3.2230e-06    1.4544e-04    2.6959e-04    1.6631e-04    8.7671e-05    3.0382e-04    8.9881e-04    1.1042e-03    7.4240e-04
  2.4856e+01    3.1774e-06    1.4415e-04    2.6836e-04    1.6480e-04    8.7062e-05    3.0118e-04    8.9394e-04    1.0992e-03    7.3740e-04
  2.4888e+01    3.1326e-06    1.4284e-04    2.6712e-04    1.6330e-04    8.6455e-05    2.9856e-04    8.8902e-04    1.0940e-03    7.3242e-04
  2.4919e+01    3.0886e-06    1.4154e-04    2.6587e-04    1.6179e-04    8.5849e-05    2.9596e-04    8.8403e-04    1.0888e-03    7.2744e-04
  2.4951e+01    3.0453e-06    1.4023e-04    2.6461e-04    1.6029e-04    8.5243e-05    2.9338e-04    8.7900e-04    1.0836e-03    7.2247e-04
  2.4982e+01    3.0028e-06    1.3892e-04    2.6334e-04    1.5880e-04    8.4640e-05    2.9082e-04    8.7390e-04    1.0783e-03    7.1751e-04
  2.5014e+01    2.9611e-06    1.3761e-04    2.6206e-04    1.5730e-04    8.4037e-05    2.8828e-04    8.6876e-04    1.0729e-03    7.1257e-04
  2.5045e+01    2.9200e-06    1.3630e-04    2.6077e-04    1.5581e-04    8.3436e-05    2.8575e-04    8.6357e-04    1.0675e-03    7.0764e-04
  2.5076e+01    2.8797e-06    1.3499e-04    2.5948e-04    1.5433e-04    8.2835e-05    2.8325e-04    8.5832e-04    1.0620e-03    7.0273e-04
  2.5108e+01    2.8400e-06    1.3368e-04    2.5817e-04    1.5285e-04    8.2236e-05    2.8076e-04    8.5304e-04    1.0565e-03    6.9783e-04
  2.5139e+01    2.8011e-06    1.3236e-04    2.5685e-04    1.5138e-04    8.1639e-05    2.7829e-04    8.4771e-04    1.0509e-03    6.9295e-04
  2.5171e+01    2.7628e-06    1.3105e-04    2.5552e-04    1.4991e-04    8.1043e-05    2.7585e-04    8.4233e-04    1.0453e-03    6.8810e-04
  2.5202e+01    2.7252e-06    1.2974e-04    2.5419e-04    1.4845e-04    8.0448e-05    2.7342e-04    8.3692e-04    1.0397e-03    6.8326e-04
  2.5234e+01    2.6883e-06    1.2843e-04    2.5284e-04    1.4699e-04    7.9855e-05    2.7101e-04    8.3147e-04    1.0340e-03    6.7844e-04
  2.5265e+01    2.6520e-06    1.2713e-04    2.5149e-04    1.4554e-04    7.9264e-05    2.6863e-04    8.2598e-04    1.0282e-03    6.7365e-04
  2.5297e+01    2.6164e-06    1.2582e-04    2.5013e-04    1.4410e-04    7.8674e-05    2.6626e-04    8.2046e-04    1.0225e-03    6.6888e-04
  2.5328e+01    2.5814e-06    1.2452e-04    2.4876e-04    1.4266e-04    7.8086e-05    2.6392e-04    8.1490e-04    1.0166e-03    6.6414e-04
  2.5360e+01    2.5469e-06    1.2322e-04    2.4738e-04    1.4123e-04    7.7500e-05    2.6159e-04    8.0932e-04    1.0108e-03    6.5942e-04
  2.5391e+01    2.5132e-06    1.2193e-04    2.4600e-04    1.3981e-04    7.6916e-05    2.5929e-04    8.0371e-04    1.0049e-03    6.5473e-04
  2.5423e+01    2.4800e-06    1.2064e-04    2.4461e-04    1.3840e-04    7.6334e-05    2.5700e-04    7.9808e-04    9.9903e-04    6.5007e-04
  2.5454e+01    2.4473e-06    1.1935e-04    2.4322e-04    1.3700e-04    7.5754e-05    2.5474e-04    7.9242e-04    9.9311e-04    6.4544e-04
  2.5486e+01    2.4153e-06    1.1807e-04    2.4181e-04    1.3560e-04    7.5177e-05    2.5250e-04    7.8673e-04    9.8716e-04    6.4084e-04
  2.5517e+01    2.3839e-06    1.1680e-04    2.4040e-04    1.3422e-04    7.4602e-05    2.5028e-04    7.8103e-04    9.8119e-04    6.3627e-04
  2.5548e+01    2.3530e-06    1.1553e-04    2.3899e-04    1.3284e-04    7.4030e-05    2.4808e-04    7.7532e-04    9.7521e-04    6.3174e-04
  2.5580e+01    2.3226e-06    1.1427e-04    2.3757e-04    1.3147e-04    7.3461e-05    2.4590e-04    7.6958e-04    9.6920e-04    6.2724e-04
  2.5611e+01    2.2928e-06    1.1301e-04    2.3615e-04    1.3012e-04    7.2895e-05    2.4374e-04    7.6384e-04    9.6318e-04    6.2277e-04
  2.5643e+01    2.2635e-06    1.1176e-04    2.3472e-04    1.2877e-04    7.2331e-05    2.4160e-04    7.5808e-04    9.5715e-04    6.1833e-04
  2.5674e+01    2.2348e-06    1.1052e-04    2.3328e-04    1.2743e-04    7.1771e-05    2.3948e-04    7.5232e-04    9.5111e-04    6.1394e-04
  2.5706e+01    2.2066e-06    1.0929e-04    2.3184e-04    1.2611e-04    7.1214e-05    2.3738e-04    7.4654e-04    9.4506e-04    6.0958e-04
  2.5737e+01    2.1789e-06    1.0806e-04    2.3040e-04    1.2479e-04    7.0661e-05    2.3531e-04    7.4077e-04    9.3900e-04    6.0525e-04
  2.5769e+01    2.1517e-06    1.0684e-04    2.2895e-04    1.2349e-04    7.0111e-05    2.3325e-04    7.3498e-04    9.3294e-04    6.0097e-04
  2.5800e+01    2.1250e-06    1.0563e-04    2.2750e-04    1.2219e-04    6.9565e-05    2.3122e-04    7.2920e-04    9.2688e-04    5.9672e-04
  2.5832e+01    2.0987e-06    1.0442e-04    2.2605e-04    1.2091e-04    6.9022e-05    2.2920e-04    7.2342e-04    9.2081e-04    5.9252e-04
  2.5863e+01    2.0730e-06    1.0323e-04    2.2459e-04    1.1964e-04    6.8484e-05    2.2721e-04    7.1764e-04    9.1475e-04    5.8835e-04
  2.5895e+01    2.0477e-06    1.0204e-04    2.2313e-04    1.1838e-04    6.7950e-05    2.2524e-04    7.1186e-04    9.0868e-04    5.8422e-04
  2.5926e+01    2.0229e-06    1.0086e-04    2.2167e-04    1.1713e-04    6.7420e-05    2.2329e-04    7.0610e-04    9.0263e-04    5.8013e-04
  2.5957e+01    1.9986e-06    9.9695e-05    2.2021e-04    1.1590e-04    6.6894e-05    2.2135e-04    7.0033e-04    8.9657e-04    5.7608e-04
  2.5989e+01    1.9747e-06    9.8536e-05    2.1874e-04    1.1468e-04    6.6373e-05    2.1944e-04    6.9458e-04    8.9053e-04    5.7208e-04
  2.6020e+01    1.9512e-06    9.7386e-05    2.1728e-04    1.1346e-04    6.5856e-05    2.1755e-04    6.8884e-04    8.8449e-04    5.6811e-04
  2.6052e+01    1.9282e-06    9.6246e-05    2.1581e-04    1.1226e-04    6.5344e-05    2.1567e-04    6.8312e-04    8.7847e-04    5.6418e-04
  2.6083e+01    1.9056e-06    9.5116e-05    2.1434e-04    1.1108e-04    6.4836e-05    2.1382e-04    6.7740e-04    8.7246e-04    5.6030e-04
  2.6115e+01    1.8835e-06    9.3995e-05    2.1287e-04    1.0990e-04    6.4334e-05    2.1199e-04    6.7171e-04    8.6646e-04    5.5645e-04
  2.6146e+01    1.8617e-06    9.2885e-05    2.1140e-04    1.0874e-04    6.3836e-05    2.1017e-04    6.6603e-04    8.6047e-04    5.5265e-04
  2.6178e+01    1.8404e-06    9.1784e-05    2.0993e-04    1.0759e-04    6.3343e-05    2.0838e-04    6.6037e-04    8.5450e-04    5.4889e-04
  2.6209e+01    1.8194e-06    9.0694e-05    2.0846e-04    1.0645e-04    6.2856e-05    2.0660e-04    6.5473e-04    8.4855e-04    5.4517e-04
  2.6241e+01    1.7989e-06    8.9614e-05    2.0699e-04    1.0533e-04    6.2373e-05    2.0485e-04    6.4911e-04    8.4261e-04    5.4148e-04
  2.6272e+01    1.7787e-06    8.8544e-05    2.0552e-04    1.0421e-04    6.1896e-05    2.0311e-04    6.4352e-04    8.3669e-04    5.3784e-04
  2.6304e+01    1.7590e-06    8.7484e-05    2.0405e-04    1.0311e-04    6.1424e-05    2.0139e-04    6.3795e-04    8.3079e-04    5.3424e-04
  2.6335e+01    1.7396e-06    8.6435e-05    2.0259e-04    1.0203e-04    6.0957e-05    1.9969e-04    6.3241e-04    8.2492e-04    5.3068e-04
  2.6366e+01    1.7205e-06    8.5397e-05    2.0112e-04    1.0095e-04    6.0496e-05    1.9800e-04    6.2690e-04    8.1906e-04    5.2715e-04
  2.6398e+01    1.7019e-06    8.4368e-05    1.9965e-04    9.9888e-05    6.0040e-05    1.9634e-04    6.2141e-04    8.1323e-04    5.2366e-04
  2.6429e+01    1.6835e-06    8.3351e-05    1.9819e-04    9.8838e-05    5.9589e-05    1.9469e-04    6.1596e-04    8.0742e-04    5.2021e-04
  2.6461e+01    1.6656e-06    8.2344e-05    1.9673e-04    9.7800e-05    5.9143e-05    1.9306e-04    6.1053e-04    8.0163e-04    5.1680e-04
  2.6492e+01    1.6480e-06    8.1347e-05    1.9526e-04    9.6775e-05    5.8703e-05    1.9145e-04    6.0514e-04    7.9587e-04    5.1343e-04
  2.6524e+01    1.6307e-06    8.0361e-05    1.9380e-04    9.5762e-05    5.8269e-05    1.8985e-04    5.9978e-04    7.9014e-04    5.1009e-04
  2.6555e+01    1.6137e-06    7.9386e-05    1.9235e-04    9.4761e-05    5.7840e-05    1.8827e-04    5.9445e-04    7.8443e-04    5.0678e-04
  2.6587e+01    1.5971e-06    7.8421e-05    1.9089e-04    9.3773e-05    5.7416e-05    1.8671e-04    5.8915e-04    7.7874e-04    5.0351e-04
  2.6618e+01    1.5807e-06    7.7467e-05    1.8944e-04    9.2797e-05    5.6998e-05    1.8516e-04    5.8389e-04    7.7309e-04    5.0028e-04
  2.6650e+01    1.5647e-06    7.6523e-05    1.8799e-04    9.1833e-05    5.6585e-05    1.8363e-04    5.7867e-04    7.6746e-04    4.9707e-04
  2.6681e+01    1.5490e-06    7.5590e-05    1.8654e-04    9.0882e-05    5.6177e-05    1.8211e-04    5.7349e-04    7.6186e-04    4.9390e-04
  2.6713e+01    1.5336e-06    7.4667e-05    1.8509e-04    8.9943e-05    5.5775e-05    1.8061e-04    5.6834e-04    7.5628e-04    4.9076e-04
  2.6744e+01    1.5184e-06    7.3755e-05    1.8364e-04    8.9015e-05    5.5378e-05    1.7912e-04    5.6322e-04    7.5074e-04    4.8765e-04
  2.6776e+01    1.5036e-06    7.2853e-05    1.8220e-04    8.8100e-05    5.4986e-05    1.7765e-04    5.5815e-04    7.4522e-04    4.8457e-04
  2.6807e+01    1.4890e-06    7.1961e-05    1.8076e-04    8.7197e-05    5.4599e-05    1.7619e-04    5.5311e-04    7.3973e-04    4.8152e-04
  2.6838e+01    1.4747e-06    7.1080e-05    1.7932e-04    8.6305e-05    5.4218e-05    1.7474e-04    5.4812e-04    7.3427e-04    4.7850e-04
  2.6870e+01    1.4606e-06    7.0208e-05    1.7789e-04    8.5425e-05    5.3841e-05    1.7331e-04    5.4316e-04    7.2884e-04    4.7550e-04
  2.6901e+01    1.4468e-06    6.9347e-05    1.7646e-04    8.4557e-05    5.3469e-05    1.7190e-04    5.3824e-04    7.2345e-04    4.7253e-04
  2.6933e+01    1.4332e-06    6.8496e-05    1.7503e-04    8.3700e-05    5.3103e-05    1.7049e-04    5.3336e-04    7.1808e-04    4.6959e-04
  2.6964e+01    1.4199e-06    6.7655e-05    1.7360e-04    8.2855e-05    5.2741e-05    1.6910e-04    5.2852e-04    7.1274e-04    4.6667e-04
  2.6996e+01    1.4068e-06    6.6824e-05    1.7217e-04    8.2021e-05    5.2384e-05    1.6772e-04    5.2373e-04    7.0742e-04    4.6378e-04
  2.7027e+01    1.3939e-06    6.6003e-05    1.7075e-04    8.1198e-05    5.2031e-05    1.6635e-04    5.1897e-04    7.0214e-04    4.6091e-04
  2.7059e+01    1.3813e-06    6.5191e-05    1.6933e-04    8.0387e-05    5.1684e-05    1.6499e-04    5.1425e-04    6.9689e-04    4.5806e-04
  2.7090e+01    1.3688e-06    6.4389e-05    1.6791e-04    7.9586e-05    5.1340e-05    1.6364e-04    5.0957e-04    6.9167e-04    4.5523e-04
  2.7122e+01    1.3566e-06    6.3597e-05    1.6649e-04    7.8797e-05    5.1001e-05    1.6231e-04    5.0493e-04    6.8648e-04    4.5243e-04
  2.7153e+01    1.3446e-06    6.2814e-05    1.6508e-04    7.8018e-05    5.0667e-05    1.6098e-04    5.0033e-04    6.8132e-04    4.4964e-04
  2.7185e+01    1.3327e-06    6.2041e-05    1.6367e-04    7.7250e-05    5.0336e-05    1.5966e-04    4.9577e-04    6.7619e-04    4.4688e-04
  2.7216e+01    1.3211e-06    6.1277e-05    1.6226e-04    7.6492e-05    5.0010e-05    1.5836e-04    4.9125e-04    6.7109e-04    4.4413e-04
  2.7247e+01    1.3096e-06    6.0522e-05    1.6085e-04    7.5745e-05    4.9688e-05    1.5706e-04    4.8677e-04    6.6601e-04    4.4141e-04
  2.7279e+01    1.2983e-06    5.9776e-05    1.5944e-04    7.5008e-05    4.9369e-05    1.5577e-04    4.8233e-04    6.6097e-04    4.3870e-04
  2.7310e+01    1.2872e-06    5.9040e-05    1.5804e-04    7.4282e-05    4.9055e-05    1.5449e-04    4.7792e-04    6.5595e-04    4.3600e-04
  2.7342e+01    1.2762e-06    5.8312e-05    1.5664e-04    7.3565e-05    4.8744e-05    1.5322e-04    4.7356e-04    6.5097e-04    4.3333e-04
  2.7373e+01    1.2654e-06    5.7593e-05    1.5524e-04    7.2858e-05    4.8437e-05    1.5195e-04    4.6923e-04    6.4601e-04    4.3067e-04
  2.7405e+01    1.2547e-06    5.6882e-05    1.5384e-04    7.2161e-05    4.8133e-05    1.5070e-04    4.6494e-04    6.4108e-04    4.2803e-04
  2.7436e+01    1.2442e-06    5.6180e-05    1.5244e-04    7.1474e-05    4.7833e-05    1.4945e-04    4.6069e-04    6.3618e-04    4.2541e-04
  2.7468e+01    1.2339e-06    5.5487e-05    1.5105e-04    7.0796e-05    4.7535e-05    1.4821e-04    4.5647e-04    6.3131e-04    4.2280e-04
  2.7499e+01    1.2236e-06    5.4801e-05    1.4965e-04    7.0128e-05    4.7242e-05    1.4697e-04    4.5229e-04    6.2646e-04    4.2020e-04
  2.7531e+01    1.2135e-06    5.4125e-05    1.4826e-04    6.9468e-05    4.6951e-05    1.4574e-04    4.4815e-04    6.2164e-04    4.1763e-04
  2.7562e+01    1.2035e-06    5.3456e-05    1.4688e-04    6.8818e-05    4.6663e-05    1.4452e-04    4.4404e-04    6.1685e-04    4.1506e-04
  2.7594e+01    1.1936e-06    5.2795e-05    1.4549e-04    6.8177e-05    4.6378e-05    1.4331e-04    4.3997e-04    6.1209e-04    4.1251e-04
  2.7625e+01    1.1839e-06    5.2142e-05    1.4410e-04    6.7545e-05    4.6096e-05    1.4210e-04    4.3593e-04    6.0735e-04    4.0998e-04
  2.7657e+01    1.1743e-06    5.1496e-05    1.4272e-04    6.6921e-05    4.5816e-05    1.4089e-04    4.3192e-04    6.0264e-04    4.0746e-04
  2.7688e+01    1.1647e-06    5.0859e-05    1.4134e-04    6.6306e-05    4.5540e-05    1.3969e-04    4.2795e-04    5.9795e-04    4.0496e-04
  2.7719e+01    1.1553e-06    5.0229e-05    1.3996e-04    6.5699e-05    4.5265e-05    1.3850e-04    4.2401e-04    5.9329e-04    4.0247e-04
  2.7751e+01    1.1460e-06    4.9606e-05    1.3858e-04    6.5101e-05    4.4993e-05    1.3731e-04    4.2011e-04    5.8866e-04    3.9999e-04
  2.7782e+01    1.1368e-06    4.8991e-05    1.3721e-04    6.4510e-05    4.4724e-05    1.3613e-04    4.1623e-04    5.8405e-04    3.9753e-04
  2.7814e+01    1.1276e-06    4.8383e-05    1.3584e-04    6.3928e-05    4.4457e-05    1.3495e-04    4.1239e-04    5.7947e-04    3.9509e-04
  2.7845e+01    1.1186e-06    4.7782e-05    1.3447e-04    6.3353e-05    4.4192e-05    1.3378e-04    4.0858e-04    5.7491e-04    3.9266e-04
  2.7877e+01    1.1096e-06    4.7188e-05    1.3310e-04    6.2786e-05    4.3929e-05    1.3262e-04    4.0480e-04    5.7038e-04    3.9025e-04
  2.7908e+01    1.1008e-06    4.6600e-05    1.3173e-04    6.2227e-05    4.3668e-05    1.3145e-04    4.0105e-04    5.6587e-04    3.8785e-04
  2.7940e+01    1.0920e-06    4.6020e-05    1.3037e-04    6.1675e-05    4.3409e-05    1.3030e-04    3.9733e-04    5.6138e-04    3.8547e-04
  2.7971e+01    1.0833e-06    4.5446e-05    1.2901e-04    6.1131e-05    4.3152e-05    1.2915e-04    3.9364e-04    5.5692e-04    3.8310e-04
  2.8003e+01    1.0746e-06    4.4879e-05    1.2765e-04    6.0594e-05    4.2897e-05    1.2800e-04    3.8998e-04    5.5248e-04    3.8075e-04
  2.8034e+01    1.0661e-06    4.4319e-05    1.2630e-04    6.0063e-05    4.2644e-05    1.2686e-04    3.8635e-04    5.4807e-04    3.7842e-04
  2.8066e+01    1.0576e-06    4.3765e-05    1.2495e-04    5.9540e-05    4.2392e-05    1.2572e-04    3.8275e-04    5.4368e-04    3.7611e-04
  2.8097e+01    1.0492e-06    4.3217e-05    1.2360e-04    5.9024e-05    4.2143e-05    1.2459e-04    3.7918e-04    5.3932e-04    3.7381e-04
  2.8128e+01    1.0409e-06    4.2675e-05    1.2226e-04    5.8514e-05    4.1895e-05    1.2347e-04    3.7563e-04    5.3498e-04    3.7153e-04
  2.8160e+01    1.0326e-06    4.2140e-05    1.2092e-04    5.8011e-05    4.1649e-05    1.2235e-04    3.7212e-04    5.3066e-04    3.6927e-04
  2.8191e+01    1.0244e-06    4.1611e-05    1.1959e-04    5.7515e-05    4.1404e-05    1.2124e-04    3.6863e-04    5.2636e-04    3.6703e-04
  2.8223e+01    1.0163e-06    4.1087e-05    1.1826e-04    5.7024e-05    4.1161e-05    1.2013e-04    3.6517e-04    5.2209e-04    3.6481e-04
  2.8254e+01    1.0083e-06    4.0570e-05    1.1693e-04    5.6541e-05    4.0920e-05    1.1903e-04    3.6173e-04    5.1785e-04    3.6261e-04
  2.8286e+01    1.0003e-06    4.0059e-05    1.1561e-04    5.6063e-05    4.0680e-05    1.1793e-04    3.5833e-04    5.1362e-04    3.6043e-04
  2.8317e+01    9.9237e-07    3.9553e-05    1.1430e-04    5.5592e-05    4.0442e-05    1.1684e-04    3.5495e-04    5.0943e-04    3.5827e-04
  2.8349e+01    9.8453e-07    3.9053e-05    1.1299e-04    5.5127e-05    4.0205e-05    1.1576e-04    3.5160e-04    5.0525e-04    3.5613e-04
  2.8380e+01    9.7675e-07    3.8559e-05    1.1169e-04    5.4667e-05    3.9970e-05    1.1469e-04    3.4827e-04    5.0110e-04    3.5402e-04
  2.8412e+01    9.6904e-07    3.8070e-05    1.1039e-04    5.4214e-05    3.9736e-05    1.1362e-04    3.4498e-04    4.9698e-04    3.5192e-04
  2.8443e+01    9.6140e-07    3.7588e-05    1.0910e-04    5.3767e-05    3.9504e-05    1.1256e-04    3.4171e-04    4.9288e-04    3.4985e-04
  2.8475e+01    9.5383e-07    3.7110e-05    1.0781e-04    5.3325e-05    3.9274e-05    1.1150e-04    3.3847e-04    4.8880e-04    3.4781e-04
  2.8506e+01    9.4633e-07    3.6638e-05    1.0654e-04    5.2889e-05    3.9045e-05    1.1046e-04    3.3526e-04    4.8476e-04    3.4578e-04
  2.8537e+01    9.3889e-07    3.6172e-05    1.0527e-04    5.2458e-05    3.8818e-05    1.0942e-04    3.3208e-04    4.8073e-04    3.4378e-04
  2.8569e+01    9.3153e-07    3.5711e-05    1.0401e-04    5.2034e-05    3.8593e-05    1.0839e-04    3.2892e-04    4.7674e-04    3.4181e-04
  2.8600e+01    9.2423e-07    3.5256e-05    1.0275e-04    5.1615e-05    3.8369e-05    1.0737e-04    3.2580e-04    4.7277e-04    3.3986e-04
  2.8632e+01    9.1701e-07    3.4806e-05    1.0151e-04    5.1201e-05    3.8147e-05    1.0636e-04    3.2270e-04    4.6883e-04    3.3794e-04
  2.8663e+01    9.0985e-07    3.4361e-05    1.0027e-04    5.0793e-05    3.7926e-05    1.0536e-04    3.1963e-04    4.6492e-04    3.3604e-04
  2.8695e+01    9.0277e-07    3.3922e-05    9.9044e-05    5.0390e-05    3.7708e-05    1.0437e-04    3.1660e-04    4.6103e-04    3.3418e-04
  2.8726e+01    8.9576e-07    3.3488e-05    9.7826e-05    4.9993e-05    3.7491e-05    1.0338e-04    3.1359e-04    4.5718e-04    3.3233e-04
  2.8758e+01    8.8882e-07    3.3060e-05    9.6619e-05    4.9601e-05    3.7276e-05    1.0241e-04    3.1061e-04    4.5335e-04    3.3052e-04
  2.8789e+01    8.8196e-07    3.2637e-05    9.5421e-05    4.9214e-05    3.7063e-05    1.0145e-04    3.0767e-04    4.4956e-04    3.2873e-04
  2.8821e+01    8.7516e-07    3.2219e-05    9.4234e-05    4.8833e-05    3.6851e-05    1.0050e-04    3.0476e-04    4.4580e-04    3.2697e-04
  2.8852e+01    8.6845e-07    3.1807e-05    9.3057e-05    4.8457e-05    3.6642e-05    9.9555e-05    3.0187e-04    4.4207e-04    3.2524e-04
  2.8884e+01    8.6181e-07    3.1400e-05    9.1892e-05    4.8086e-05    3.6434e-05    9.8624e-05    2.9902e-04    4.3837e-04    3.2354e-04
  2.8915e+01    8.5524e-07    3.0998e-05    9.0739e-05    4.7721e-05    3.6229e-05    9.7705e-05    2.9621e-04    4.3470e-04    3.2187e-04
  2.8947e+01    8.4875e-07    3.0601e-05    8.9597e-05    4.7361e-05    3.6026e-05    9.6797e-05    2.9343e-04    4.3107e-04    3.2023e-04
  2.8978e+01    8.4234e-07    3.0210e-05    8.8468e-05    4.7006e-05    3.5824e-05    9.5900e-05    2.9068e-04    4.2748e-04    3.1861e-04
  2.9009e+01    8.3601e-07    2.9825e-05    8.7351e-05    4.6657e-05    3.5625e-05    9.5016e-05    2.8796e-04    4.2392e-04    3.1703e-04
  2.9041e+01    8.2975e-07    2.9444e-05    8.6246e-05    4.6313e-05    3.5428e-05    9.4143e-05    2.8528e-04    4.2040e-04    3.1548e-04
  2.9072e+01    8.2357e-07    2.9069e-05    8.5155e-05    4.5974e-05    3.5234e-05    9.3283e-05    2.8264e-04    4.1691e-04    3.1395e-04
  2.9104e+01    8.1747e-07    2.8700e-05    8.4078e-05    4.5640e-05    3.5041e-05    9.2435e-05    2.8003e-04    4.1347e-04    3.1246e-04
  2.9135e+01    8.1145e-07    2.8336e-05    8.3014e-05    4.5312e-05    3.4851e-05    9.1600e-05    2.7746e-04    4.1006e-04    3.1100e-04
  2.9167e+01    8.0551e-07    2.7977e-05    8.1964e-05    4.4989e-05    3.4663e-05    9.0778e-05    2.7493e-04    4.0670e-04    3.0956e-04
  2.9198e+01    7.9965e-07    2.7624e-05    8.0929e-05    4.4671e-05    3.4478e-05    8.9968e-05    2.7243e-04    4.0337e-04    3.0816e-04
  2.9230e+01    7.9387e-07    2.7276e-05    7.9908e-05    4.4359e-05    3.4295e-05    8.9172e-05    2.6998e-04    4.0009e-04    3.0679e-04
  2.9261e+01    7.8818e-07    2.6933e-05    7.8902e-05    4.4052e-05    3.4115e-05    8.8389e-05    2.6756e-04    3.9685e-04    3.0545e-04
  2.9293e+01    7.8256e-07    2.6597e-05    7.7911e-05    4.3750e-05    3.3937e-05    8.7619e-05    2.6518e-04    3.9365e-04    3.0414e-04
  2.9324e+01    7.7702e-07    2.6265e-05    7.6935e-05    4.3454e-05    3.3761e-05    8.6863e-05    2.6284e-04    3.9049e-04    3.0287e-04
  2.9356e+01    7.7156e-07    2.5939e-05    7.5975e-05    4.3163e-05    3.3589e-05    8.6120e-05    2.6054e-04    3.8739e-04    3.0162e-04
  2.9387e+01    7.6619e-07    2.5619e-05    7.5031e-05    4.2878e-05    3.3418e-05    8.5391e-05    2.5828e-04    3.8432e-04    3.0040e-04
  2.9418e+01    7.6090e-07    2.5304e-05    7.4102e-05    4.2598e-05    3.3251e-05    8.4676e-05    2.5607e-04    3.8131e-04    2.9921e-04
  2.9450e+01    7.5568e-07    2.4994e-05    7.3190e-05    4.2323e-05    3.3086e-05    8.3974e-05    2.5389e-04    3.7834e-04    2.9806e-04
  2.9481e+01    7.5055e-07    2.4690e-05    7.2293e-05    4.2054e-05    3.2924e-05    8.3287e-05    2.5176e-04    3.7542e-04    2.9693e-04
  2.9513e+01    7.4550e-07    2.4392e-05    7.1414e-05    4.1790e-05    3.2765e-05    8.2613e-05    2.4967e-04    3.7255e-04    2.9583e-04
  2.9544e+01    7.4053e-07    2.4099e-05    7.0550e-05    4.1531e-05    3.2608e-05    8.1953e-05    2.4762e-04    3.6972e-04    2.9477e-04
  2.9576e+01    7.3564e-07    2.3812e-05    6.9704e-05    4.1278e-05    3.2454e-05    8.1307e-05    2.4562e-04    3.6695e-04    2.9373e-04
  2.9607e+01    7.3084e-07    2.3530e-05    6.8874e-05    4.1031e-05    3.2303e-05    8.0676e-05    2.4366e-04    3.6423e-04    2.9272e-04
  2.9639e+01    7.2611e-07    2.3254e-05    6.8062e-05    4.0789e-05    3.2155e-05    8.0058e-05    2.4174e-04    3.6156e-04    2.9174e-04
  2.9670e+01    7.2146e-07    2.2983e-05    6.7266e-05    4.0552e-05    3.2009e-05    7.9454e-05    2.3986e-04    3.5894e-04    2.9079e-04
  2.9702e+01    7.1690e-07    2.2718e-05    6.6487e-05    4.0321e-05    3.1867e-05    7.8864e-05    2.3803e-04    3.5637e-04    2.8987e-04
  2.9733e+01    7.1241e-07    2.2459e-05    6.5725e-05    4.0095e-05    3.1727e-05    7.8289e-05    2.3625e-04    3.5385e-04    2.8897e-04
  2.9765e+01    7.0800e-07    2.2205e-05    6.4981e-05    3.9874e-05    3.1590e-05    7.7727e-05    2.3450e-04    3.5139e-04    2.8811e-04
  2.9796e+01    7.0368e-07    2.1956e-05    6.4254e-05    3.9659e-05    3.1456e-05    7.7179e-05    2.3280e-04    3.4898e-04    2.8727e-04
  2.9827e+01    6.9943e-07    2.1713e-05    6.3544e-05    3.9449e-05    3.1325e-05    7.6644e-05    2.3115e-04    3.4663e-04    2.8646e-04
  2.9859e+01    6.9526e-07    2.1476e-05    6.2851e-05    3.9245e-05    3.1197e-05    7.6124e-05    2.2954e-04    3.4433e-04    2.8567e-04
  2.9890e+01    6.9117e-07    2.1243e-05    6.2175e-05    3.9046e-05    3.1072e-05    7.5617e-05    2.2797e-04    3.4208e-04    2.8491e-04
  2.9922e+01    6.8716e-07    2.1017e-05    6.1517e-05    3.8852e-05    3.0949e-05    7.5124e-05    2.2645e-04    3.3988e-04    2.8418e-04
  2.9953e+01    6.8323e-07    2.0796e-05    6.0875e-05    3.8664e-05    3.0830e-05    7.4644e-05    2.2497e-04    3.3774e-04    2.8347e-04
  2.9985e+01    6.7938e-07    2.0580e-05    6.0251e-05    3.8481e-05    3.0713e-05    7.4178e-05    2.2353e-04    3.3566e-04    2.8279e-04
  3.0016e+01    6.7560e-07    2.0369e-05    5.9643e-05    3.8303e-05    3.0599e-05    7.3725e-05    2.2214e-04    3.3363e-04    2.8213e-04
  3.0048e+01    6.7191e-07    2.0164e-05    5.9053e-05    3.8130e-05    3.0488e-05    7.3285e-05    2.2079e-04    3.3165e-04    2.8150e-04
  3.0079e+01    6.6829e-07    1.9965e-05    5.8479e-05    3.7963e-05    3.0380e-05    7.2859e-05    2.1948e-04    3.2973e-04    2.8089e-04
  3.0111e+01    6.6475e-07    1.9770e-05    5.7922e-05    3.7800e-05    3.0275e-05    7.2445e-05    2.1821e-04    3.2786e-04    2.8030e-04
  3.0142e+01    6.6129e-07    1.9581e-05    5.7382e-05    3.7643e-05    3.0172e-05    7.2044e-05    2.1699e-04    3.2605e-04    2.7973e-04
  3.0174e+01    6.5791e-07    1.9397e-05    5.6858e-05    3.7491e-05    3.0073e-05    7.1656e-05    2.1581e-04    3.2429e-04    2.7919e-04
  3.0205e+01    6.5460e-07    1.9219e-05    5.6351e-05    3.7343e-05    2.9976e-05    7.1281e-05    2.1466e-04    3.2258e-04    2.7867e-04
  3.0237e+01    6.5138e-07    1.9045e-05    5.5859e-05    3.7201e-05    2.9882e-05    7.0918e-05    2.1356e-04    3.2093e-04    2.7817e-04
  3.0268e+01    6.4823e-07    1.8877e-05    5.5384e-05    3.7063e-05    2.9791e-05    7.0567e-05    2.1250e-04    3.1933e-04    2.7769e-04
  3.0299e+01    6.4517e-07    1.8714e-05    5.4925e-05    3.6931e-05    2.9702e-05    7.0228e-05    2.1148e-04    3.1778e-04    2.7723e-04
  3.0331e+01    6.4218e-07    1.8556e-05    5.4482e-05    3.6802e-05    2.9617e-05    6.9901e-05    2.1049e-04    3.1628e-04    2.7679e-04
  3.0362e+01    6.3927e-07    1.8402e-05    5.4054e-05    3.6679e-05    2.9534e-05    6.9587e-05    2.0955e-04    3.1484e-04    2.7637e-04
  3.0394e+01    6.3644e-07    1.8254e-05    5.3641e-05    3.6560e-05    2.9453e-05    6.9284e-05    2.0864e-04    3.1345e-04    2.7597e-04
  3.0425e+01    6.3369e-07    1.8111e-05    5.3244e-05    3.6446e-05    2.9376e-05    6.8992e-05    2.0777e-04    3.1211e-04    2.7559e-04
  3.0457e+01    6.3102e-07    1.7973e-05    5.2861e-05    3.6337e-05    2.9301e-05    6.8712e-05    2.0694e-04    3.1081e-04    2.7522e-04
  3.0488e+01    6.2842e-07    1.7840e-05    5.2494e-05    3.6231e-05    2.9229e-05    6.8442e-05    2.0614e-04    3.0957e-04    2.7487e-04
  3.0520e+01    6.2591e-07    1.7711e-05    5.2141e-05    3.6131e-05    2.9159e-05    6.8184e-05    2.0537e-04    3.0838e-04    2.7454e-04
  3.0551e+01    6.2349e-07    1.7588e-05    5.1803e-05    3.6034e-05    2.9092e-05    6.7937e-05    2.0464e-04    3.0724e-04    2.7422e-04
  3.0583e+01    6.2114e-07    1.7469e-05    5.1479e-05    3.5942e-05    2.9027e-05    6.7700e-05    2.0395e-04    3.0614e-04    2.7392e-04
  3.0614e+01    6.1887e-07    1.7355e-05    5.1169e-05    3.5854e-05    2.8966e-05    6.7474e-05    2.0329e-04    3.0509e-04    2.7364e-04
  3.0646e+01    6.1669e-07    1.7245e-05    5.0873e-05    3.5769e-05    2.8906e-05    6.7258e-05    2.0266e-04    3.0409e-04    2.7337e-04
  3.0677e+01    6.1459e-07    1.7141e-05    5.0591e-05    3.5689e-05    2.8850e-05    6.7053e-05    2.0206e-04    3.0314e-04    2.7311e-04
  3.0708e+01    6.1257e-07    1.7041e-05    5.0322e-05    3.5613e-05    2.8795e-05    6.6857e-05    2.0149e-04    3.0223e-04    2.7287e-04
  3.0740e+01    6.1063e-07    1.6945e-05    5.0066e-05    3.5541e-05    2.8744e-05    6.6671e-05    2.0095e-04    3.0137e-04    2.7264e-04
  3.0771e+01    6.0878e-07    1.6854e-05    4.9824e-05    3.5473e-05    2.8694e-05    6.6495e-05    2.0044e-04    3.0055e-04    2.7243e-04
  3.0803e+01    6.0701e-07    1.6768e-05    4.9594e-05    3.5408e-05    2.8648e-05    6.6329e-05    1.9996e-04    2.9977e-04    2.7223e-04
  3.0834e+01    6.0533e-07    1.6686e-05    4.9377e-05    3.5347e-05    2.8603e-05    6.6171e-05    1.9951e-04    2.9904e-04    2.7204e-04
  3.0866e+01    6.0374e-07    1.6609e-05    4.9173e-05    3.5289e-05    2.8561e-05    6.6023e-05    1.9909e-04    2.9835e-04    2.7186e-04
  3.0897e+01    6.0222e-07    1.6536e-05    4.8981e-05    3.5236e-05    2.8522e-05    6.5885e-05    1.9870e-04    2.9770e-04    2.7170e-04
  3.0929e+01    6.0080e-07    1.6468e-05    4.8801e-05    3.5185e-05    2.8485e-05    6.5755e-05    1.9833e-04    2.9710e-04    2.7154e-04
  3.0960e+01    5.9946e-07    1.6404e-05    4.8634e-05    3.5138e-05    2.8450e-05    6.5633e-05    1.9798e-04    2.9653e-04    2.7140e-04
  3.0992e+01    5.9821e-07    1.6344e-05    4.8478e-05    3.5095e-05    2.8418e-05    6.5521e-05    1.9767e-04    2.9600e-04    2.7127e-04
  3.1023e+01    5.9705e-07    1.6289e-05    4.8334e-05    3.5055e-05    2.8388e-05    6.5417e-05    1.9737e-04    2.9552e-04    2.7115e-04
  3.1055e+01    5.9597e-07    1.6238e-05    4.8202e-05    3.5018e-05    2.8360e-05    6.5322e-05    1.9710e-04    2.9507e-04    2.7104e-04
  3.1086e+01    5.9498e-07    1.6191e-05    4.8081e-05    3.4984e-05    2.8335e-05    6.5235e-05    1.9686e-04    2.9467e-04    2.7094e-04
  3.1118e+01    5.9408e-07    1.6149e-05    4.7972e-05    3.4954e-05    2.8312e-05    6.5156e-05    1.9664e-04    2.9430e-04    2.7084e-04
  3.1149e+01    5.9327e-07    1.6111e-05    4.7873e-05    3.4927e-05    2.8291e-05    6.5085e-05    1.9644e-04    2.9397e-04    2.7076e-04
  3.1180e+01    5.9255e-07    1.6077e-05    4.7786e-05    3.4902e-05    2.8273e-05    6.5022e-05    1.9627e-04    2.9367e-04    2.7069e-04
  3.1212e+01    5.9192e-07    1.6047e-05    4.7710e-05    3.4881e-05    2.8257e-05    6.4968e-05    1.9612e-04    2.9342e-04    2.7063e-04
  3.1243e+01    5.9138e-07    1.6022e-05    4.7646e-05    3.4863e-05    2.8243e-05    6.4921e-05    1.9599e-04    2.9320e-04    2.7058e-04
  3.1275e+01    5.9093e-07    1.6001e-05    4.7592e-05    3.4848e-05    2.8232e-05    6.4882e-05    1.9588e-04    2.9302e-04    2.7053e-04
  3.1306e+01    5.9057e-07    1.5984e-05    4.7548e-05    3.4836e-05    2.8223e-05    6.4851e-05    1.9579e-04    2.9287e-04    2.7050e-04
  3.1338e+01    5.9030e-07    1.5972e-05    4.7516e-05    3.4827e-05    2.8216e-05    6.4828e-05    1.9573e-04    2.9276e-04    2.7047e-04
  3.1369e+01    5.9011e-07    1.5963e-05    4.7495e-05    3.4821e-05    2.8211e-05    6.4812e-05    1.9568e-04    2.9269e-04    2.7045e-04
  3.1401e+01    5.9002e-07    1.5959e-05    4.7484e-05    3.4819e-05    2.8209e-05    6.4805e-05    1.9566e-04    2.9265e-04    2.7044e-04
